date,home_team,away_team,tournament,country,neutral,home_points_before,away_points_before,expected_result,home_rank,away_rank,home_points_off_before,away_points_off_before,home_points_def_before,away_points_def_before,expected_score_1,expected_score_2,home_rank_off,away_rank_off,home_rank_def,away_rank_def
2026-06-01,Maldives,Afghanistan,Diamond Jubilee T,Maldives,False,4140.0,4288.0,-0.4127465290946684,190.0,177.0,4503.41754863414,4556.808259398767,4270.051282051282,4440.2792545674665,1.5810923183896173,1.4503613689518549,190.0,183.0,191.0,170.0
2026-06-01,Austria,Tunisia,Friendly,Austria,False,5369.0,5120.0,0.17686599170333292,20.0,58.0,5135.522087484398,4977.40623124516,4956.051282051282,4894.133187155891,2.110308754828919,0.0,21.0,64.0,21.0,43.0
2026-06-01,Bulgaria,Montenegro,Friendly,Bulgaria,False,4949.0,4907.0,-0.12960551705949483,81.0,86.0,4924.793668544161,4905.651014726267,4704.980087935442,4645.636769268263,2.2320183244399514,1.2314294740952698,77.0,85.0,117.0,135.0
2026-06-01,Canada,Uzbekistan,Friendly,Canada,False,5250.0,5121.0,-5.212728285231859e-05,30.0,56.5,4996.78203365919,4910.721313694908,4962.428571428572,4885.382766315711,1.7169979879591892,0.0,54.0,83.0,19.0,48.0
2026-06-01,Colombia,Costa Rica,Friendly,Colombia,False,5510.0,4970.0,0.587959112906596,10.0,76.0,5254.137186675728,4996.79571579775,5033.411881908778,4734.3444241281495,3.085775474609889,0.0,10.0,53.0,9.0,107.0
2026-06-01,Norway,Sweden,Friendly,Norway,False,5534.0,5252.0,0.22495798955883903,8.0,29.0,5265.988882611099,5157.942306308584,4953.669755319283,4798.4005935642,2.8890860400765686,1.240237345202023,8.0,20.0,24.0,78.0
2026-06-01,Slovakia,Malta,Friendly,Slovakia,False,5138.0,4689.0,0.46297802097877544,53.0,137.0,4979.7777814582005,4734.940031914002,4879.706413285501,4569.355088441783,2.6809875258183173,0.0,63.0,154.0,50.0,152.0
2026-06-01,Turkey,North Macedonia,Friendly,Turkey,False,5382.0,5027.0,0.3302096107232374,18.0,70.0,5175.307877058622,4913.0,4919.470055718792,4843.713010883385,2.4065407007932396,0.0,16.0,82.0,35.0,58.0
2026-06-02,Wales,Ghana,Friendly,Wales,False,5201.0,5045.0,0.039981831695070295,40.0,67.0,4980.5710444702,5006.897435897436,4832.102564102564,4832.93555883747,1.8226462460142825,1.1690531975272833,62.0,49.0,61.0,60.0
2026-06-02,Morocco,Madagascar,Friendly,Morocco,False,5308.0,4837.0,0.4935358154679256,25.0,102.5,5092.661556435826,4921.820841803025,4954.897181908457,4733.204698183182,2.501886450569956,0.0,29.0,80.0,23.0,108.0
2026-06-02,Haiti,New Zealand,Friendly,United States,True,4985.0,5105.0,-0.17888850315810628,73.0,60.0,4999.816327403819,5039.218343486068,4820.942548333138,4861.00384115214,1.418937015204885,1.634327910254994,52.0,45.0,69.0,54.0
2026-06-02,Brunei,East Timor,SE Asian Champ qual,Brunei,False,3648.0,3821.0,-0.4497454173285428,210.0,207.0,4212.936025674862,4412.948717948718,3937.1041303080656,4048.58245136586,1.8724296981941704,1.992634691199757,210.0,198.0,212.0,207.0
2026-06-02,Croatia,Belgium,Friendly,Croatia,False,5422.0,5460.0,-0.24904032517513125,15.0,11.0,5187.617693732778,5257.961342022136,4975.988907622726,4964.88346801316,2.051426616743306,1.4377334026499073,15.0,9.0,17.0,18.0
2026-06-02,Georgia,Romania,Friendly,Georgia,False,5172.0,5149.0,-0.15796589624389698,48.5,51.0,5042.901264759193,4987.713876569571,4817.812400948583,4794.989741655629,2.131089481499226,1.157435873957562,43.0,56.0,72.0,85.0
2026-06-03,Panama,Dominican Republic,Friendly,Panama,False,5094.0,4734.0,0.33735498921602713,62.0,131.0,5038.485346617866,4815.290381208991,4827.06291901547,4602.868458587553,2.7717623704513827,0.0,46.0,123.0,65.0,146.0
2026-06-03,Poland,Nigeria,Friendly,Poland,False,5206.0,5236.0,-0.2370994228341114,38.0,32.0,5047.8607576294135,5118.112891746249,4818.910540308807,4902.647567164148,1.8154875931093089,1.4834620436155148,40.0,24.0,70.0,40.0
2026-06-03,Philippines,Guam,Friendly tournament,Philippines,False,4503.0,3752.0,0.8614232666670272,164.0,208.0,4711.948717948718,4172.078600478143,4472.482628802298,3990.142072645609,3.9065628314227623,0.0,163.0,214.0,165.0,210.0
2026-06-03,Netherlands,Algeria,Friendly,Netherlands,False,5538.0,5231.0,0.26118944925595133,7.0,34.0,5308.407899521982,5158.648430253192,4957.282140629241,4892.152154157514,2.701872342237149,1.233127607938789,2.0,19.0,20.0,45.0
2026-06-03,Albania,Israel,Friendly,Albania,False,5141.0,5126.0,-0.16991008351224954,52.0,54.0,4928.920758086064,5116.545992706753,4931.775132298557,4772.562626904567,1.848538732932592,1.192912999899181,74.0,25.0,31.0,93.0
2026-06-03,Gibraltar,British Virgin Islands,Friendly,Gibraltar,False,4445.0,3936.0,0.5458114419181388,168.0,205.0,4584.853595079771,4372.828374471045,4441.045191391133,4224.320741908027,2.5056049667863243,0.0,176.0,203.0,169.0,198.0
2026-06-03,El Salvador,South Korea,Friendly,United States,True,4673.0,5197.0,-0.7585705633623724,145.0,41.0,4711.695874131029,5057.752823571556,4711.843607298323,4893.846401894797,0.0,2.0114189211806313,164.0,37.0,115.0,44.0
2026-06-03,Denmark,DR Congo,Friendly,Belgium,True,5423.0,5099.0,0.4780269423012572,14.0,61.0,5223.231504728055,4925.325226655104,4948.975687742103,4955.521704722478,1.7758336828968244,0.0,12.0,76.0,26.0,22.0
2026-06-03,Luxembourg,Italy,Friendly,Luxembourg,False,4931.0,5379.0,-0.8461994857296984,84.0,19.0,4821.644911558217,5160.18204684544,4776.059968085998,4924.318434043129,1.1560745125645335,1.719075169830116,122.0,18.0,90.0,34.0
2026-06-04,Iran,Mali,Friendly,Turkey,True,5232.0,5124.0,0.1610503609248298,33.0,55.0,5111.25190008238,4916.956264366089,4912.308984490444,4976.178461452185,1.409169378411488,1.0891699189231856,27.0,81.0,37.0,16.0
2026-06-04,Sweden,Greece,Friendly,Sweden,False,5252.0,5300.0,-0.26396285953767407,29.0,26.0,5157.942306308584,5105.929529291775,4798.4005935642,4940.638292021662,2.034439929712344,1.505812297900819,20.0,28.0,78.0,29.0
2026-06-04,Slovenia,Cyprus,Friendly,Slovenia,False,5181.0,4797.0,0.37152891951613964,45.0,117.0,4945.363230731737,4877.291493433207,4982.113254843018,4580.181949074781,2.521700491164663,0.0,70.0,95.0,13.0,149.0
2026-06-04,Mexico,Serbia,Friendly,Mexico,False,5314.0,5188.0,-0.00450666038356532,24.0,44.0,5006.159497141567,5001.255279028945,5055.213685533656,4902.946559704801,1.6935583589554437,0.0,50.0,51.0,7.0,39.0
2026-06-04,Kenya,Lesotho,Friendly,South Africa,True,4811.0,4579.0,0.344290606969718,114.5,157.0,4876.604863971579,4735.524582254376,4696.37330256233,4692.051282051282,1.5411013454654499,1.1699015592329154,97.0,153.0,122.0,124.0
2026-06-04,Guinea,Northern Ireland,Friendly,Spain,True,4966.0,5121.0,-0.23080873553002454,78.0,56.5,4921.887739373051,4990.948717948718,4860.358995448337,4901.239225135459,1.1262576914535156,1.397499997746423,79.0,55.0,55.0,41.0
2026-06-04,Spain,Iraq,Friendly,Spain,False,5703.0,4963.0,0.847791804901439,1.0,79.0,5396.151252082147,4838.853692746152,5058.0,4822.746051462927,3.2943686671191306,0.0,1.0,110.0,6.0,67.0
2026-06-04,Czechia,Guatemala,Friendly,United States,True,5223.0,4899.0,0.4780269423012572,36.0,89.0,5062.051967633924,4927.954417745474,4847.626452594697,4732.355506313972,1.9613955791360573,1.2699428494708622,34.0,75.0,57.0,109.0
2026-06-04,Cambodia,Bhutan,Friendly,Cambodia,False,4170.0,3710.0,0.4782830348252497,186.0,209.0,4537.0,4315.895869691934,4259.0,3926.0639743251377,3.4443663706582766,0.0,187.0,206.0,193.0,213.0
2026-06-04,Burundi,Equatorial Guinea,Friendly,Morocco,True,4820.0,4826.0,-0.008959238817138799,111.5,106.0,4844.063611771229,4799.206002024414,4729.269040162342,4784.632972269639,1.2186691252356059,1.244318094936654,105.0,128.0,110.0,88.0
2026-06-04,Andorra,Liechtenstein,Friendly,Andorra,False,4683.0,4336.0,0.31875904355425644,140.5,173.0,4563.425671602562,4546.906124630514,4687.277213441739,4345.662931127416,2.035872233231179,0.0,180.0,186.0,125.0,180.0
2026-06-04,Lebanon,Yemen,Asian Cup qualifier,Qatar,True,4680.0,4581.0,0.1476611684838297,143.0,155.5,4759.0,4792.0,4799.0,4497.0,1.7591953910406588,0.0,141.0,131.0,77.0,163.0
2026-06-04,France,Ivory Coast,Friendly,France,False,5569.0,5172.0,0.3899513318364616,3.0,48.5,5283.206289146183,5031.983783509021,5059.325232878433,4945.8928543634265,2.4259620569797127,0.0,5.0,47.0,5.0,27.0
2026-06-04,Maldives,Pakistan,Diamond Jubilee T,Maldives,False,4140.0,4048.0,-0.055066081282342146,190.0,200.0,4503.41754863414,4356.364167786278,4270.051282051282,4277.051297056622,2.062826860463724,0.0,190.0,204.0,191.0,189.0
2026-06-05,Puerto Rico,Saudi Arabia,Friendly,United States,True,4449.0,4967.0,-0.7504027688380402,167.0,77.0,4663.168497298178,4832.102985728032,4457.0,4830.123064783428,0.0,2.103049556768512,168.0,114.0,167.0,62.0
2026-06-05,Russia,Burkina Faso,Friendly,Russia,False,5321.0,5037.0,0.22786315874872393,23.0,68.0,5129.218073729542,5039.945007993004,4898.130411298481,4802.402820042363,2.3903668832113447,1.0918549642146673,22.0,44.0,42.0,75.0
2026-06-05,San Marino,Bangladesh,Friendly,San Marino,False,4258.0,4234.0,-0.15647296891884882,179.0,180.0,4552.434414303979,4386.0,4281.88552570266,4406.914075168186,1.8163945512500383,0.0,184.0,200.0,188.0,173.0
2026-06-05,Tajikistan,India,Friendly,Tajikistan,False,4637.0,4492.0,0.023684611096574357,150.0,165.0,4724.517371197702,4582.589019121642,4603.051282051282,4552.079851770638,1.8967378639874013,0.0,158.0,177.0,145.0,158.0
2026-06-05,Slovakia,Montenegro,Friendly,Slovakia,False,5138.0,4907.0,0.1505170534522789,53.0,86.0,4979.7777814582005,4905.651014726267,4879.706413285501,4645.636769268263,2.415178458287672,0.0,63.0,85.0,50.0,135.0
2026-06-05,Moldova,Bulgaria,Friendly,Moldova,False,4682.0,4949.0,-0.5877492945396215,142.0,81.0,4779.962662518841,4924.793668544161,4563.731891803655,4704.980087935442,1.6139382261254638,1.653412091370376,136.0,77.0,155.0,117.0
2026-06-05,Tanzania,Uganda,Friendly,Morocco,True,4825.0,4842.0,-0.025383769264613883,107.5,101.0,4785.759447541524,4847.676676852353,4795.261313563078,4736.096074128144,1.1950591498418868,1.201688519723428,134.0,104.0,83.0,105.0
2026-06-05,Thailand,Kuwait,Friendly,Thailand,False,4741.0,4744.0,-0.1967873256666048,128.5,127.0,4828.430920196644,4803.0,4517.894475568431,4616.0,2.0192549091875125,1.4459965345154098,117.0,127.0,159.0,142.0
2026-06-05,Singapore,China,Friendly,Singapore,False,4403.0,4825.0,-0.8098115542112628,171.0,107.5,4645.117975800975,4792.880815619606,4378.0,4707.93648581312,1.252291798989051,1.8086077234713263,170.0,130.0,174.0,116.0
2026-06-05,Mauritania,Niger,Friendly,Morocco,True,4794.0,4892.0,-0.14617295764188326,119.0,91.0,4766.948717948718,4937.986712573785,4810.987341156286,4806.354096925588,0.0,1.38818997051573,140.0,73.0,73.0,74.0
2026-06-05,Paraguay,Nicaragua,Friendly,Paraguay,False,5322.0,4730.0,0.6575935602861911,22.0,132.0,5061.783796053711,4784.948717948718,5012.732908021924,4696.07453465837,2.5235318520811183,0.0,35.0,135.0,11.0,123.0
2026-06-05,Indonesia,Oman,Friendly,Indonesia,False,4684.0,4837.0,-0.420154376665868,139.0,102.5,4747.777086030907,4757.0,4602.232036368249,4776.0,1.3388638339266046,1.121867399332895,148.0,142.0,147.0,91.0
2026-06-05,Hungary,Finland,Friendly,Hungary,False,5180.0,5030.0,0.031094744727524184,46.0,69.0,4981.419814969892,4986.500846210422,4880.883735280226,4756.709644127159,2.0576248975246316,0.0,61.0,57.0,49.0,99.0
2026-06-05,Hong Kong,Mongolia,Friendly,Hong Kong,False,4510.0,3973.0,0.5839005188707542,162.5,203.0,4625.948717948718,4274.0,4464.410980878358,4241.999596627981,2.5871987575520285,0.0,173.0,208.0,166.0,195.0
2026-06-05,Haiti,Peru,Friendly,United States,True,4985.0,5195.0,-0.31198933729840783,73.0,42.5,4999.816327403819,4984.288998501778,4820.942548333138,4953.524339159168,1.1869621792154024,1.4838474420202419,52.0,58.0,69.0,25.0
2026-06-05,Georgia,Bahrain,Friendly,Georgia,False,5172.0,4790.0,0.368689092165769,48.5,122.0,5042.901264759193,4732.0,4817.812400948583,4740.0,2.310246395757873,0.0,43.0,155.0,72.0,103.5
2026-06-05,Central African Republic,Togo,Friendly,Morocco,True,4677.0,4824.0,-0.21895680905820952,144.0,109.0,4881.0,4833.917048290373,4621.0,4756.631827753869,1.3813864449285587,1.6193342239593604,91.0,112.0,141.0,100.0
2026-06-05,Canada,Ireland,Friendly,Canada,False,5250.0,5175.0,-0.08038934404641943,30.0,47.0,4996.78203365919,4943.403634397608,4962.428571428572,4873.767758413671,1.7505255706870817,0.0,54.0,71.0,19.0,52.0
2026-06-05,Belarus,Syria,Friendly,Belarus,False,4981.0,4900.0,-0.07144891179248981,74.0,88.0,4923.293415174665,4941.790346746136,4848.722213131486,4701.29080282104,2.0491339649898643,0.0,78.0,72.0,56.0,119.0
2026-06-05,Azerbaijan,Malta,Friendly,Hungary,True,4810.0,4689.0,0.18037423848337758,116.0,137.0,4833.087590300036,4734.940031914002,4636.943187933642,4569.355088441783,1.7642357744854538,1.314102420290223,113.0,154.0,138.0,152.0
2026-06-05,Angola,Botswana,Friendly,Morocco,True,5016.0,4693.0,0.47658652258872475,71.5,135.0,4968.4172775045845,4754.3773560060745,4821.277848650073,4670.33464101955,1.8656286923906613,0.0,67.0,144.0,68.0,129.0
2026-06-05,Jamaica,South Africa,Friendly,Mexico,True,4894.0,4979.0,-0.12681741335461852,90.0,75.0,4840.204202739788,4878.489845373445,4800.571770882238,4754.989094416549,1.2820832466971575,1.2639771479225952,108.0,94.0,76.0,101.0
2026-06-06,England,New Zealand,Friendly,United States,True,5562.0,5105.0,0.6664217699954402,5.0,60.0,5200.341845006214,5039.218343486068,5062.068477472916,4861.00384115214,1.9910695345678175,0.0,14.0,45.0,4.0,54.0
2026-06-06,Ethiopia,Malawi,Friendly,Ethiopia,False,4741.0,4690.0,-0.11617668408607236,128.5,136.0,4858.0,4731.0,4673.0,4767.000105360554,1.6588825716349827,0.0,100.0,156.0,128.0,94.0
2026-06-06,Gibraltar,Cayman Islands,Friendly,Gibraltar,False,4445.0,3880.0,0.621607892138575,168.0,206.0,4584.853595079771,4268.437233504889,4441.045191391133,4157.018834231085,2.74356530499619,0.0,176.0,209.0,169.0,205.0
2026-06-06,Guam,Myanmar,Friendly tournament,Philippines,True,3752.0,4154.0,-0.5893274881243669,208.0,188.0,4172.078600478143,4547.879101629776,3990.142072645609,4214.7762907636725,0.0,2.7215700120377697,214.0,185.0,210.0,200.0
2026-06-06,Kyrgyzstan,Palestine,Friendly,Kyrgyzstan,False,4683.0,4853.0,-0.44531106327873365,140.5,99.0,4822.451857753301,4857.632652274276,4569.356917113276,4774.910859178869,1.5383434938013842,1.454381174283948,121.0,101.0,151.0,92.0
2026-06-06,Vanuatu,Fiji,Friendly,Vanuatu,False,4146.0,4178.0,-0.2400848549856583,189.0,185.0,4462.0,4472.0,4241.0,4321.0,1.8030691490079307,1.3065603924536344,194.0,193.0,196.0,186.0
2026-06-06,Romania,Wales,Friendly,Romania,False,5149.0,5201.0,-0.2699305436226999,51.0,40.0,4987.713876569571,4980.5710444702,4794.989741655629,4832.102564102564,1.846314858073963,1.1948617227856946,56.0,62.0,85.0,61.0
2026-06-06,Sierra Leone,Liberia,Friendly,Sierra Leone,False,4811.0,4725.0,-0.06400083704458645,114.5,133.0,4840.108094117641,4823.641879278755,4763.198482560519,4667.224142863997,1.8980847446803526,0.0,109.0,119.0,98.0,130.0
2026-06-06,Turkey,Venezuela,Friendly,United States,True,5382.0,5211.0,0.2544816636601679,18.0,37.0,5175.307877058622,5045.57230127797,4919.470055718792,4918.122501032207,1.7452252527741334,1.385868421206051,16.0,41.0,35.0,36.0
2026-06-06,United States,Germany,Friendly,United States,False,5225.0,5541.0,-0.6588024175400086,35.0,6.0,5057.553417239767,5290.579243668319,4796.64611681622,4925.054489185406,1.7781392265312899,2.0489162840465918,38.0,4.0,80.0,33.0
2026-06-06,El Salvador,Qatar,Friendly,United States,True,4673.0,4861.0,-0.279585157162069,145.0,97.0,4711.695874131029,4849.0,4711.843607298323,4611.657819954919,1.319251618448376,1.4146066706779552,164.0,103.0,115.0,143.0
2026-06-06,Portugal,Chile,Friendly,Portugal,False,5564.0,5195.0,0.35019451143341424,4.0,42.5,5282.943306416984,5076.496583547009,5013.000119798976,4889.858032822423,2.61938084203998,0.0,6.0,32.0,10.0,46.0
2026-06-06,Curaçao,Aruba,Friendly,Curaçao,False,4832.0,4261.0,0.6296369833148627,105.0,178.0,4858.432131646445,4632.109714484614,4685.173196557471,4364.093875369486,2.989078626182569,0.0,99.0,172.0,126.0,176.0
2026-06-06,Brazil,Egypt,Friendly,United States,True,5516.0,5169.0,0.5110667358619487,9.0,50.0,5282.469923310344,4945.664786484963,5051.1927066408325,4999.4234632829,1.8209042182391686,0.0,7.0,69.0,8.0,12.0
2026-06-06,Estonia,Faroe Islands,Baltic Cup,Estonia,False,4814.0,4926.0,-0.3593059634007604,113.0,85.0,4827.62669743767,4812.688802694778,4644.418588273414,4795.051282051282,1.4978657110686318,1.1535757564870983,118.0,125.0,136.0,84.0
2026-06-06,Lithuania,Latvia,Baltic Cup,Lithuania,False,4822.0,4792.0,-0.1475159617812727,110.0,121.0,4753.534040176839,4742.954808608867,4701.392831000111,4721.146404920229,1.4973611760306744,0.0,146.0,150.0,118.0,111.0
2026-06-06,Albania,Luxembourg,Friendly,Albania,False,5141.0,4931.0,0.1196816449907158,52.0,84.0,4928.920758086064,4821.644911558217,4931.775132298557,4776.059968085998,1.8381356670582565,0.0,74.0,122.0,31.0,90.0
2026-06-06,Armenia,Kazakhstan,Friendly,Armenia,False,4789.0,4901.0,-0.3593059634007604,123.0,87.0,4907.3619677994775,4840.737001977539,4578.705250567842,4720.13198373488,1.941615866331246,1.3856860796889778,84.0,107.0,150.0,112.0
2026-06-06,Australia,Switzerland,Friendly,United States,True,5253.0,5447.0,-0.28843227473596955,28.0,12.0,5060.680231243796,5224.0067944393,4942.734611473168,4978.57546469998,1.2743501453960244,1.8156617707853513,36.0,11.0,28.0,15.0
2026-06-06,Argentina,Honduras,Friendly,United States,True,5598.0,4958.0,0.9129283922966684,2.0,80.0,5299.958560943956,4903.571428571428,5107.051282051282,4829.943243084551,2.4147516867097583,0.0,3.0,86.0,3.0,63.0
2026-06-06,Bermuda,Cape Verde,Friendly,United States,True,4379.0,5016.0,-0.9090256770313156,172.0,71.5,4775.0,4973.883212310751,4338.787609455695,4866.260302438317,0.0,3.007036305295539,138.0,65.0,182.0,53.0
2026-06-06,Bolivia,Scotland,Friendly,United States,True,5055.0,5285.0,-0.34135865162852197,66.0,27.0,4983.302226093946,5091.594632901776,4795.927761268353,4889.094487925839,1.3045700949357348,1.8584072644237666,60.0,30.0,81.0,47.0
2026-06-06,Bonaire,British Virgin Islands,Friendly,Spain,True,3998.0,3936.0,0.09253816070478327,202.0,205.0,4429.1949787717895,4372.828374471045,4220.4073799710495,4224.320741908027,1.5969576125108396,1.4547659281249725,196.0,203.0,199.0,198.0
2026-06-06,Comoros,Rwanda,Friendly,Morocco,True,4860.0,4844.0,0.023890697295971187,98.0,100.0,4852.532609782734,4795.733894187412,4827.839354412483,4790.0,1.2262147080269852,0.0,102.0,129.0,64.0,87.0
2026-06-06,Belgium,Tunisia,Friendly,Belgium,False,5460.0,5120.0,0.30872196672475627,11.0,58.0,5257.961342022136,4977.40623124516,4964.88346801316,4894.133187155891,2.5170099820101703,0.0,9.0,64.0,18.0,43.0
2026-06-07,Kenya,Lesotho,Friendly,South Africa,True,4811.0,4579.0,0.344290606969718,114.5,157.0,4876.604863971579,4735.524582254376,4696.37330256233,4692.051282051282,1.5411013454654499,1.1699015592329154,97.0,153.0,122.0,124.0
2026-06-07,Mozambique,Oman,Friendly,Indonesia,True,4793.0,4837.0,-0.06568669036646062,120.0,102.5,4879.359996084962,4757.0,4663.8362820049,4776.0,1.3276527025190925,1.3019496068726435,93.0,142.0,131.0,91.0
2026-06-07,Morocco,Norway,Friendly,United States,True,5308.0,5534.0,-0.335491965081441,25.0,8.0,5092.661556435826,5265.988882611099,4954.897181908457,4953.669755319283,1.4194062757105486,1.904752388350443,29.0,8.0,23.0,24.0
2026-06-07,Liechtenstein,Cyprus,Friendly,Liechtenstein,False,4336.0,4797.0,-0.864287209454069,173.0,117.0,4546.906124630514,4877.291493433207,4345.662931127416,4580.181949074781,1.32604271163853,2.1686698096064783,186.0,95.0,180.0,149.0
2026-06-07,Greece,Italy,Friendly,Greece,False,5300.0,5379.0,-0.3101866516103341,26.0,19.0,5105.929529291775,5160.18204684544,4940.638292021662,4924.318434043129,1.9245085034528764,1.2779249881206476,28.0,18.0,29.0,34.0
2026-06-07,Kosovo,Andorra,Friendly,Kosovo,False,5202.0,4683.0,0.5594575644886426,39.0,140.5,5024.685631127988,4563.425671602562,4877.129186037852,4687.277213441739,2.4262852826553365,0.0,48.0,180.0,51.0,125.0
2026-06-07,Denmark,Ukraine,Friendly,Denmark,False,5423.0,5240.0,0.07989960161675534,14.0,31.0,5223.231504728055,5119.772676930319,4948.975687742103,4928.417234874056,2.283454814581002,1.159557648215219,12.0,23.0,26.0,32.0
2026-06-07,Croatia,Slovenia,Friendly,Croatia,False,5422.0,5181.0,0.1651650260979071,15.0,45.0,5187.617693732778,4945.363230731737,4975.988907622726,4982.113254843018,1.9977672383008216,0.0,15.0,70.0,17.0,13.0
2026-06-07,Colombia,Jordan,Friendly,United States,True,5510.0,5082.0,0.6259257072259816,10.0,64.0,5254.137186675728,5043.923659954529,5033.411881908778,4763.613348999766,2.484873121808303,1.102692080656173,10.0,42.0,9.0,96.0
2026-06-07,Afghanistan,Pakistan,Diamond Jubilee T,Maldives,True,4288.0,4048.0,0.3560089965562412,177.0,200.0,4556.808259398767,4356.364167786278,4440.2792545674665,4277.051297056622,1.811190617001458,0.0,183.0,204.0,170.0,189.0
2026-06-07,Ecuador,Guatemala,Friendly,United States,True,5417.0,4899.0,0.7504027688380402,16.0,89.0,5077.017926019118,4927.954417745474,5129.621801683804,4732.355506313972,2.0075501164750715,0.0,31.0,75.0,1.0,109.0
2026-06-08,France,Northern Ireland,Friendly,France,False,5569.0,5121.0,0.4615841011143137,3.0,56.5,5283.206289146183,4990.948717948718,5059.325232878433,4901.239225135459,2.5802426876874933,0.0,5.0,55.0,5.0,41.0
2026-06-08,Madagascar,Uganda,Friendly,Morocco,True,4837.0,4842.0,-0.007466041820049994,102.5,101.0,4921.820841803025,4847.676676852353,4733.204698183182,4736.096074128144,1.5442941809612054,1.3559443364794415,80.0,104.0,108.0,105.0
2026-06-08,Netherlands,Uzbekistan,Friendly,United States,True,5538.0,5121.0,0.6104745938196796,7.0,56.5,5308.407899521982,4910.721313694908,4957.282140629241,4885.382766315711,2.25779474597653,0.0,2.0,83.0,20.0,48.0
2026-06-08,Peru,Spain,Friendly,Mexico,True,5195.0,5703.0,-0.7367519384542744,42.5,1.0,4984.288998501778,5396.151252082147,4953.524339159168,5058.0,0.0,2.3226406749977837,58.0,1.0,25.0,6.0
2026-06-09,Indonesia,Mozambique,Friendly,Indonesia,False,4684.0,4793.0,-0.35484519982309765,139.0,120.0,4747.777086030907,4879.359996084962,4602.232036368249,4663.8362820049,1.6390003595058438,1.4250023706853405,148.0,93.0,147.0,131.0
2026-06-09,Iran,Puerto Rico,Friendly,United States,True,5232.0,4449.0,1.0929689304842738,33.0,167.0,5111.25190008238,4663.168497298178,4912.308984490444,4457.0,3.079879158264545,0.0,27.0,168.0,37.0,167.0
2026-06-09,Iraq,Venezuela,Friendly,United States,True,4963.0,5211.0,-0.36771192862893426,79.0,37.0,4838.853692746152,5045.57230127797,4822.746051462927,4918.122501032207,0.0,1.6471131445618634,110.0,41.0,67.0,36.0
2026-06-09,Kyrgyzstan,Palestine,Friendly,Kyrgyzstan,False,4683.0,4853.0,-0.44531106327873365,140.5,99.0,4822.451857753301,4857.632652274276,4569.356917113276,4774.910859178869,1.5383434938013842,1.454381174283948,121.0,101.0,151.0,92.0
2026-06-09,Liberia,Sierra Leone,Friendly,Liberia,False,4725.0,4811.0,-0.32061454757079816,133.0,114.5,4823.641879278755,4840.108094117641,4667.224142863997,4763.198482560519,1.5736651751744872,1.164509752778081,119.0,109.0,130.0,98.0
2026-06-09,Saudi Arabia,Senegal,Friendly,United States,True,4967.0,5330.0,-0.5339457084287378,77.0,21.0,4832.102985728032,5173.725891230357,4830.123064783428,4940.562088053241,0.0,2.004265070641177,114.0,17.0,62.0,30.0
2026-06-09,Philippines,Myanmar,Friendly tournament,Philippines,False,4503.0,4154.0,0.3216237387888518,164.0,188.0,4711.948717948718,4547.879101629776,4472.482628802298,4214.7762907636725,2.9997705004187507,0.0,163.0,185.0,165.0,200.0
2026-06-09,Russia,Trinidad and Tobago,Friendly,Russia,False,5321.0,4721.0,0.6681834156121406,23.0,134.0,5129.218073729542,4864.900580058042,4898.130411298481,4566.571023503216,3.2519754226757067,0.0,22.0,98.0,42.0,153.0
2026-06-09,Rwanda,Tanzania,Friendly,Morocco,True,4844.0,4825.0,0.02836985947438717,100.0,107.5,4795.733894187412,4785.759447541524,4790.0,4795.261313563078,1.079593835658953,0.0,129.0,134.0,87.0,83.0
2026-06-09,Tajikistan,India,Friendly,Tajikistan,False,4637.0,4492.0,0.023684611096574357,150.0,165.0,4724.517371197702,4582.589019121642,4603.051282051282,4552.079851770638,1.8967378639874013,0.0,158.0,177.0,145.0,158.0
2026-06-09,Hungary,Kazakhstan,Friendly,Hungary,False,5180.0,4901.0,0.22059813086640084,46.0,87.0,4981.419814969892,4840.737001977539,4880.883735280226,4720.13198373488,2.174017627495692,0.0,61.0,107.0,49.0,112.0
2026-06-09,Vanuatu,Fiji,Friendly,Vanuatu,False,4146.0,4178.0,-0.2400848549856583,189.0,185.0,4462.0,4472.0,4241.0,4321.0,1.8030691490079307,1.3065603924536344,194.0,193.0,196.0,186.0
2026-06-09,Ethiopia,Malawi,Friendly,Ethiopia,False,4741.0,4690.0,-0.11617668408607236,128.5,136.0,4858.0,4731.0,4673.0,4767.000105360554,1.6588825716349827,0.0,100.0,156.0,128.0,94.0
2026-06-09,Bahrain,Syria,Friendly,Turkey,True,4790.0,4900.0,-0.16402454208446202,122.0,88.0,4732.0,4941.790346746136,4740.0,4701.29080282104,1.1498877741736884,1.5884181031511242,155.0,72.0,103.5,119.0
2026-06-09,Chile,DR Congo,Friendly,Spain,True,5195.0,5099.0,0.1431962345108903,42.5,61.0,5076.496583547009,4925.325226655104,4889.858032822423,4955.521704722478,1.372636535445298,1.16114683475346,32.0,76.0,46.0,22.0
2026-06-09,Comoros,Equatorial Guinea,Friendly,Morocco,True,4860.0,4826.0,0.05076246262136348,98.0,106.0,4852.532609782734,4799.206002024414,4827.839354412483,4784.632972269639,1.2393239481089056,0.0,102.0,128.0,64.0,88.0
2026-06-09,Cambodia,Hong Kong,Friendly,Cambodia,False,4170.0,4510.0,-0.6933373513401409,186.0,162.5,4537.0,4625.948717948718,4259.0,4464.410980878358,1.6072738818688093,1.670055800558805,187.0,173.0,193.0,166.0
2026-06-09,Botswana,Niger,Friendly,Morocco,True,4693.0,4892.0,-0.29579946341349833,135.0,91.0,4754.3773560060745,4937.986712573785,4670.33464101955,4806.354096925588,0.0,1.7756650789804107,144.0,73.0,129.0,74.0
2026-06-09,Benin,Togo,Friendly,Morocco,True,4882.0,4824.0,0.0865727468228233,93.0,109.0,4892.748076536696,4833.917048290373,4825.464886785152,4756.631827753869,1.4118902224746797,1.0979337762330186,88.0,112.0,66.0,100.0
2026-06-09,Belarus,Burkina Faso,Friendly,Belarus,False,4981.0,5037.0,-0.2758973690227847,74.0,68.0,4923.293415174665,5039.945007993004,4848.722213131486,4802.402820042363,1.7443716873736768,1.2084699531081753,78.0,44.0,56.0,75.0
2026-06-09,Azerbaijan,San Marino,Friendly,Hungary,True,4810.0,4258.0,0.7964569949978351,116.0,179.0,4833.087590300036,4552.434414303979,4636.943187933642,4281.88552570266,2.69809384131576,0.0,113.0,184.0,138.0,188.0
2026-06-09,Armenia,Moldova,Friendly,Armenia,False,4789.0,4682.0,-0.03274458897833216,123.0,142.0,4907.3619677994775,4779.962662518841,4578.705250567842,4563.731891803655,2.447503447550236,1.2328616439286777,84.0,136.0,150.0,155.0
2026-06-09,Argentina,Iceland,Friendly,United States,True,5598.0,5106.0,0.7148137897910001,2.0,59.0,5299.958560943956,5114.214564271475,5107.051282051282,4793.836404842501,2.5388639712575545,1.0949612229047208,3.0,26.0,3.0,86.0
2026-06-09,Angola,Central African Republic,Friendly,Morocco,True,5016.0,4677.0,0.49959445100756744,71.5,144.0,4968.4172775045845,4881.0,4821.277848650073,4621.0,2.0161033040436314,1.2193772603726296,67.0,91.0,68.0,141.0
2026-06-09,Brunei,East Timor,SE Asian Champ qual,Malaysia,True,3648.0,3821.0,-0.2574377250208505,210.0,207.0,4212.936025674862,4412.948717948718,3937.1041303080656,4048.58245136586,1.4865424088544528,2.4345827475431028,210.0,198.0,212.0,207.0
2026-06-09,China,Thailand,Friendly,China,False,4825.0,4741.0,-0.06697980840541523,107.5,128.5,4792.880815619606,4828.430920196644,4707.93648581312,4517.894475568431,2.218414314852333,0.0,130.0,117.0,116.0,159.0
2026-06-10,Portugal,Nigeria,Friendly,Portugal,False,5564.0,5236.0,0.29147772911454733,4.0,32.0,5282.943306416984,5118.112891746249,5013.000119798976,4902.647567164148,2.5743842685051224,0.0,6.0,24.0,10.0,40.0
2026-06-10,Algeria,Bolivia,Friendly,United States,True,5231.0,5055.0,0.26187049214666264,34.0,66.0,5158.648430253192,4983.302226093946,4892.152154157514,4795.927761268353,2.063940966908945,1.2969026495693932,19.0,60.0,45.0,81.0
2026-06-10,Costa Rica,England,Friendly,United States,True,4970.0,5562.0,-0.8499012525938832,76.0,5.0,4996.79571579775,5200.341845006214,4734.3444241281495,5062.068477472916,0.0,2.4011291331389497,53.0,14.0,107.0,4.0
2026-06-11,Czechia,South Korea,World Cup,Mexico,True,5223.0,5197.0,0.038820502623927104,36.0,41.0,5062.051967633924,5057.752823571556,4847.626452594697,4893.846401894797,1.4968720639841293,1.6115527583727425,34.0,37.0,57.0,44.0
2026-06-11,Mexico,South Africa,World Cup,Mexico,False,5314.0,4979.0,0.30154261190727183,24.0,75.0,5006.159497141567,4878.489845373445,5055.213685533656,4754.989094416549,2.141509459401654,0.0,50.0,94.0,7.0,101.0
2026-06-12,United States,Paraguay,World Cup,United States,False,5225.0,5322.0,-0.33699233828531866,35.0,22.0,5057.553417239767,5061.783796053711,4796.64611681622,5012.732908021924,1.530946006293164,1.3937310789330795,38.0,35.0,80.0,11.0
2026-06-13,Australia,Turkey,World Cup,Canada,True,5253.0,5382.0,-0.19225556502484026,28.0,18.0,5060.680231243796,5175.307877058622,4942.734611473168,4919.470055718792,1.4252179669809413,1.6746631369260516,36.0,16.0,28.0,35.0
2026-06-13,Brazil,Morocco,World Cup,United States,True,5516.0,5308.0,0.30904759974140944,9.0,25.0,5282.469923310344,5092.661556435826,5051.1927066408325,4954.897181908457,1.9548886987174061,1.1754254498067123,7.0,29.0,8.0,23.0
2026-06-13,Haiti,Scotland,World Cup,United States,True,4985.0,5285.0,-0.4433708622470308,73.0,27.0,4999.816327403819,5091.594632901776,4820.942548333138,4889.094487925839,1.3463636406812924,1.784437415098984,52.0,30.0,69.0,47.0
2026-06-13,Qatar,Switzerland,World Cup,United States,True,4861.0,5447.0,-0.8419369103998927,97.0,12.0,4849.0,5224.0067944393,4611.657819954919,4978.57546469998,0.0,2.9216503666469644,103.0,11.0,143.0,15.0
2026-06-14,Sweden,Tunisia,World Cup,Mexico,True,5252.0,5120.0,0.1967089075571307,29.0,58.0,5157.942306308584,4977.40623124516,4798.4005935642,4894.133187155891,1.764458840965155,1.5260207648105633,20.0,64.0,78.0,43.0
2026-06-14,Japan,Netherlands,World Cup,United States,True,5437.0,5538.0,-0.15063728362285558,13.0,7.0,5204.428261404951,5308.407899521982,4978.935748681081,4957.282140629241,1.7162707979545921,1.9607078124640218,13.0,2.0,14.0,20.0
2026-06-14,Ecuador,Ivory Coast,World Cup,United States,True,5417.0,5172.0,0.3633251714834413,16.0,48.5,5077.017926019118,5031.983783509021,5129.621801683804,4945.8928543634265,1.3988908060777043,0.0,31.0,47.0,1.0,27.0
2026-06-14,Curaçao,Germany,World Cup,United States,True,4832.0,5541.0,-1.0012955448201741,105.0,6.0,4858.432131646445,5290.579243668319,4685.173196557471,4925.054489185406,0.0,2.8958281261276775,99.0,4.0,126.0,33.0
2026-06-15,Belgium,Egypt,World Cup,United States,True,5460.0,5169.0,0.43032998638142494,11.0,50.0,5257.961342022136,4945.664786484963,4964.88346801316,4999.4234632829,1.7491441716220928,0.0,9.0,69.0,18.0,12.0
2026-06-15,Cape Verde,Spain,World Cup,United States,True,5016.0,5703.0,-0.9734153613109994,71.5,1.0,4973.883212310751,5396.151252082147,4866.260302438317,5058.0,0.0,2.62222818405862,65.0,1.0,53.0,6.0
2026-06-15,Iran,New Zealand,World Cup,United States,True,5232.0,5105.0,0.1892860068931836,33.0,60.0,5111.25190008238,5039.218343486068,4912.308984490444,4861.00384115214,1.7251918423943033,1.3879569537819336,27.0,45.0,37.0,54.0
2026-06-15,Saudi Arabia,Uruguay,World Cup,United States,True,4967.0,5383.0,-0.6090675428700573,77.0,17.0,4832.102985728032,5074.299556513758,4830.123064783428,5121.434241219125,0.0,1.7077514947442736,114.0,33.0,62.0,2.0
2026-06-16,Algeria,Argentina,World Cup,United States,True,5231.0,5598.0,-0.5396514626902552,34.0,2.0,5158.648430253192,5299.958560943956,4892.152154157514,5107.051282051282,1.1997156148776613,2.208069015545062,19.0,3.0,45.0,3.0
2026-06-16,Austria,Jordan,World Cup,United States,True,5369.0,5082.0,0.42452648146976235,20.0,64.0,5135.522087484398,5043.923659954529,4956.051282051282,4763.613348999766,2.092926360911619,1.2887080453474598,21.0,42.0,21.0,96.0
2026-06-16,France,Senegal,World Cup,United States,True,5569.0,5330.0,0.354545033179823,3.0,21.0,5283.206289146183,5173.725891230357,5059.325232878433,4940.562088053241,2.0012953249406342,1.3557618199929673,5.0,17.0,5.0,30.0
2026-06-16,Iraq,Norway,World Cup,United States,True,4963.0,5534.0,-0.821944675622555,79.0,8.0,4838.853692746152,5265.988882611099,4822.746051462927,4953.669755319283,0.0,2.3246928062034145,110.0,8.0,67.0,24.0
2026-06-17,Ghana,Panama,World Cup,Canada,True,5045.0,5094.0,-0.07314716514931398,67.0,62.0,5006.897435897436,5038.485346617866,4832.93555883747,4827.06291901547,1.528269232482221,1.5988312549574393,49.0,46.0,60.0,65.0
2026-06-17,DR Congo,Portugal,World Cup,United States,True,5099.0,5564.0,-0.6775303451261692,61.0,4.0,4925.325226655104,5282.943306416984,4955.521704722478,5013.000119798976,0.0,1.954426024377581,76.0,6.0,22.0,10.0
2026-06-17,Colombia,Uzbekistan,World Cup,Mexico,True,5510.0,5121.0,0.5709296739984517,10.0,56.5,5254.137186675728,4910.721313694908,5033.411881908778,4885.382766315711,2.082953187463933,0.0,10.0,83.0,9.0,48.0
2026-06-17,Croatia,England,World Cup,United States,True,5422.0,5562.0,-0.20857845995830976,15.0,5.0,5187.617693732778,5200.341845006214,4975.988907622726,5062.068477472916,1.3844382605565475,1.6514135506172911,15.0,14.0,17.0,4.0
2026-06-18,Canada,Qatar,World Cup,Canada,False,5250.0,4861.0,0.37862198169075945,30.0,97.0,4996.78203365919,4849.0,4962.428571428572,4611.657819954919,2.591327098885019,0.0,54.0,103.0,19.0,143.0
2026-06-18,Czechia,South Africa,World Cup,United States,True,5223.0,4979.0,0.36186242526518575,36.0,75.0,5062.051967633924,4878.489845373445,4847.626452594697,4754.989094416549,1.892593510107753,1.150251811628614,34.0,94.0,57.0,101.0
2026-06-18,Mexico,South Korea,World Cup,Mexico,False,5314.0,5197.0,-0.01787713017336155,24.0,41.0,5006.159497141567,5057.752823571556,5055.213685533656,4893.846401894797,1.7196243096252537,0.0,50.0,37.0,7.0,44.0
2026-06-19,United States,Australia,World Cup,United States,False,5225.0,5253.0,-0.23411386673033513,35.0,28.0,5057.553417239767,5060.680231243796,4796.64611681622,4942.734611473168,1.72683575391856,1.3908700039038964,38.0,36.0,80.0,28.0
2026-06-19,Paraguay,Turkey,World Cup,United States,True,5322.0,5382.0,-0.08955557756176986,22.0,18.0,5061.783796053711,5175.307877058622,5012.732908021924,4919.470055718792,1.4281134152336206,1.4817846532419667,35.0,16.0,11.0,35.0
2026-06-19,Brazil,Haiti,World Cup,United States,True,5516.0,4985.0,0.7680778939231802,9.0,73.0,5282.469923310344,4999.816327403819,5051.1927066408325,4820.942548333138,2.3860179438355056,0.0,7.0,52.0,8.0,69.0
2026-06-19,Morocco,Scotland,World Cup,United States,True,5308.0,5285.0,0.034341796063795296,25.0,27.0,5092.661556435826,5091.594632901776,4954.897181908457,4889.094487925839,1.5933352328451693,1.4134077795716575,29.0,30.0,23.0,47.0
2026-06-20,Curaçao,Ecuador,World Cup,United States,True,4832.0,5417.0,-0.8406077014924987,105.0,16.0,4858.432131646445,5077.017926019118,4685.173196557471,5129.621801683804,0.0,2.156498660720572,99.0,31.0,126.0,1.0
2026-06-20,Germany,Ivory Coast,World Cup,Canada,True,5541.0,5172.0,0.5425022037411066,6.0,48.5,5290.579243668319,5031.983783509021,4925.054489185406,4945.8928543634265,2.0076244596513884,1.336708450978287,4.0,47.0,33.0,27.0
2026-06-20,Japan,Tunisia,World Cup,Mexico,True,5437.0,5120.0,0.46793735352895577,13.0,58.0,5204.428261404951,4977.40623124516,4978.935748681081,4894.133187155891,1.9023451691409488,0.0,13.0,64.0,14.0,43.0
2026-06-20,Netherlands,Sweden,World Cup,United States,True,5538.0,5252.0,0.42307488901068624,7.0,29.0,5308.407899521982,5157.942306308584,4957.282140629241,4798.4005935642,2.552400149742584,1.5852941675033885,2.0,20.0,20.0,78.0
2026-06-21,Belgium,Iran,World Cup,United States,True,5460.0,5232.0,0.3384257684384187,11.0,33.0,5257.961342022136,5111.25190008238,4964.88346801316,4912.308984490444,2.0106215911692025,1.4387765162790263,9.0,27.0,18.0,37.0
2026-06-21,Cape Verde,Uruguay,World Cup,United States,True,5016.0,5383.0,-0.5396514626902552,71.5,17.0,4973.883212310751,5074.299556513758,4866.260302438317,5121.434241219125,0.0,1.6057450858763902,65.0,33.0,53.0,2.0
2026-06-21,Egypt,New Zealand,World Cup,Canada,True,5169.0,5105.0,0.09552048802745236,50.0,60.0,4945.664786484963,5039.218343486068,4999.4234632829,4861.00384115214,1.2807037788299604,1.1714342923486225,69.0,45.0,12.0,54.0
2026-06-21,Saudi Arabia,Spain,World Cup,United States,True,4967.0,5703.0,-1.0351246039138515,77.0,1.0,4832.102985728032,5396.151252082147,4830.123064783428,5058.0,0.0,2.751498478562631,114.0,1.0,62.0,6.0
2026-06-22,Algeria,Jordan,World Cup,United States,True,5231.0,5082.0,0.221920713113366,34.0,64.0,5158.648430253192,5043.923659954529,4892.152154157514,4763.613348999766,2.1667585886735443,1.4530459899582417,19.0,42.0,45.0,96.0
2026-06-22,Argentina,Austria,World Cup,United States,True,5598.0,5369.0,0.33989232553468984,2.0,20.0,5299.958560943956,5135.522087484398,5107.051282051282,4956.051282051282,2.005208691565691,1.14460955436292,3.0,21.0,3.0,21.0
2026-06-22,France,Iraq,World Cup,United States,True,5569.0,4963.0,0.8684113795524545,3.0,79.0,5283.206289146183,4838.853692746152,5059.325232878433,4822.746051462927,2.3824173480009305,0.0,5.0,110.0,5.0,67.0
2026-06-22,Norway,Senegal,World Cup,United States,True,5534.0,5330.0,0.30316160397190245,8.0,21.0,5265.988882611099,5173.725891230357,4953.669755319283,4940.562088053241,1.9483244747828299,1.6393242528143457,8.0,17.0,24.0,30.0
2026-06-23,Portugal,Uzbekistan,World Cup,United States,True,5564.0,5121.0,0.646915872179608,4.0,56.5,5282.943306416984,4910.721313694908,5013.000119798976,4885.382766315711,2.1748971844738114,0.0,6.0,83.0,10.0,48.0
2026-06-23,England,Ghana,World Cup,United States,True,5562.0,5045.0,0.7490398069509872,5.0,67.0,5200.341845006214,5006.897435897436,5062.068477472916,4832.93555883747,2.0786978380751813,0.0,14.0,49.0,4.0,60.0
2026-06-23,Croatia,Panama,World Cup,Canada,True,5422.0,5094.0,0.4837854214222397,15.0,62.0,5187.617693732778,5038.485346617866,4975.988907622726,4827.06291901547,2.0571371084313133,1.226126590668626,15.0,46.0,17.0,65.0
2026-06-23,Colombia,DR Congo,World Cup,Mexico,True,5510.0,5099.0,0.6020263457423338,10.0,61.0,5254.137186675728,4925.325226655104,5033.411881908778,4955.521704722478,1.8672233698982017,0.0,10.0,76.0,9.0,22.0
2026-06-24,Brazil,Scotland,World Cup,United States,True,5516.0,5285.0,0.34282474575997124,9.0,27.0,5282.469923310344,5091.594632901776,5051.1927066408325,4889.094487925839,2.1614183175608686,1.1728808718652364,7.0,30.0,8.0,47.0
2026-06-24,Canada,Switzerland,World Cup,Canada,False,5250.0,5447.0,-0.4851608791779113,30.0,12.0,4996.78203365919,5224.0067944393,4962.428571428572,4978.57546469998,1.4594995182438528,1.3845132554516306,54.0,11.0,19.0,15.0
2026-06-24,Haiti,Morocco,World Cup,United States,True,4985.0,5308.0,-0.47658652258872447,73.0,25.0,4999.816327403819,5092.661556435826,4820.942548333138,4954.897181908457,1.1836727825442135,1.787562309694038,52.0,29.0,69.0,23.0
2026-06-24,Mexico,Czechia,World Cup,Mexico,False,5314.0,5223.0,-0.05655497645447549,24.0,36.0,5006.159497141567,5062.051967633924,5055.213685533656,4847.626452594697,1.8550226536672052,0.0,50.0,34.0,7.0,57.0
2026-06-24,South Africa,South Korea,World Cup,Mexico,True,4979.0,5197.0,-0.32374770397088665,75.0,41.0,4878.489845373445,5057.752823571556,4754.989094416549,4893.846401894797,0.0,1.8796608892899282,94.0,37.0,101.0,44.0
2026-06-25,Australia,Paraguay,World Cup,United States,True,5253.0,5322.0,-0.10297513317317379,28.0,22.0,5060.680231243796,5061.783796053711,4942.734611473168,5012.732908021924,1.1909343863200128,1.3676830741618,36.0,35.0,28.0,11.0
2026-06-25,Curaçao,Ivory Coast,World Cup,United States,True,4832.0,5172.0,-0.5010296590324486,105.0,48.5,4858.432131646445,5031.983783509021,4685.173196557471,4945.8928543634265,0.0,2.014218142848753,99.0,47.0,126.0,27.0
2026-06-25,Ecuador,Germany,World Cup,United States,True,5417.0,5541.0,-0.18483069523283546,16.0,6.0,5077.017926019118,5290.579243668319,5129.621801683804,4925.054489185406,1.4535541468199558,1.4774642669656106,31.0,4.0,1.0,33.0
2026-06-25,Japan,Sweden,World Cup,United States,True,5437.0,5252.0,0.27515900475601784,13.0,29.0,5204.428261404951,5157.942306308584,4978.935748681081,4798.4005935642,2.202292561568989,1.5260232594141816,13.0,20.0,14.0,78.0
2026-06-25,Netherlands,Tunisia,World Cup,United States,True,5538.0,5120.0,0.6118812467295736,7.0,58.0,5308.407899521982,4977.40623124516,4957.282140629241,4894.133187155891,2.2291373087480544,1.1250325391051954,2.0,64.0,20.0,43.0
2026-06-25,United States,Turkey,World Cup,United States,False,5225.0,5382.0,-0.42607784537534105,35.0,18.0,5057.553417239767,5175.307877058622,4796.64611681622,4919.470055718792,1.7944967675986339,1.7034140141605176,38.0,16.0,80.0,35.0
2026-06-26,Spain,Uruguay,World Cup,Mexico,True,5703.0,5383.0,0.47226335786787704,1.0,17.0,5396.151252082147,5074.299556513758,5058.0,5121.434241219125,1.7963574443898291,1.1161174581037667,1.0,33.0,6.0,2.0
2026-06-26,Iraq,Senegal,World Cup,Canada,True,4963.0,5330.0,-0.5396514626902552,79.0,21.0,4838.853692746152,5173.725891230357,4822.746051462927,4940.562088053241,0.0,2.0271906324103726,110.0,17.0,67.0,30.0
2026-06-26,France,Norway,World Cup,United States,True,5569.0,5534.0,0.05225506043542886,3.0,8.0,5283.206289146183,5265.988882611099,5059.325232878433,4953.669755319283,1.9609052074346842,1.6019229041345742,5.0,8.0,5.0,24.0
2026-06-26,Cape Verde,Saudi Arabia,World Cup,United States,True,5016.0,4967.0,0.07314716514931453,71.5,77.0,4973.883212310751,4832.102985728032,4866.260302438317,4830.123064783428,1.431912745162893,0.0,65.0,114.0,53.0,62.0
2026-06-26,Belgium,New Zealand,World Cup,Canada,True,5460.0,5105.0,0.5225173030309297,11.0,60.0,5257.961342022136,5039.218343486068,4964.88346801316,4861.00384115214,2.1729524595846446,1.2551323521818432,9.0,45.0,18.0,54.0
2026-06-26,Egypt,Iran,World Cup,United States,True,5169.0,5232.0,-0.09402935685757709,50.0,33.0,4945.664786484963,5111.25190008238,4999.4234632829,4912.308984490444,1.1561439220018908,1.349187267684674,69.0,27.0,12.0,37.0
2026-06-27,England,Panama,World Cup,United States,True,5562.0,5094.0,0.6816888962584403,5.0,62.0,5200.341845006214,5038.485346617866,5062.068477472916,4827.06291901547,2.0972658235652233,0.0,14.0,46.0,4.0,65.0
2026-06-27,Algeria,Austria,World Cup,United States,True,5231.0,5369.0,-0.20561191195220124,34.0,20.0,5158.648430253192,5135.522087484398,4892.152154157514,4956.051282051282,1.5906500272404303,1.7054412172473739,19.0,21.0,45.0,21.0
2026-06-27,Argentina,Jordan,World Cup,United States,True,5598.0,5082.0,0.7476763718315724,2.0,64.0,5299.958560943956,5043.923659954529,5107.051282051282,4763.613348999766,2.6450928949388532,0.0,3.0,42.0,3.0,96.0
2026-06-27,Colombia,Portugal,World Cup,United States,True,5510.0,5564.0,-0.08060637546837104,10.0,4.0,5254.137186675728,5282.943306416984,5033.411881908778,5013.000119798976,1.699053463772853,1.7231288195403924,10.0,6.0,9.0,10.0
2026-06-27,Croatia,Ghana,World Cup,United States,True,5422.0,5045.0,0.5538907685512275,15.0,67.0,5187.617693732778,5006.897435897436,4975.988907622726,4832.93555883747,2.0387443904037537,1.1503583818397252,15.0,49.0,17.0,60.0
2026-06-27,DR Congo,Uzbekistan,World Cup,United States,True,5099.0,5121.0,-0.032848844977153395,61.0,56.5,4925.325226655104,4910.721313694908,4955.521704722478,4885.382766315711,1.1717858926315194,0.0,76.0,83.0,22.0,48.0
2026-07-24,Cambodia,Singapore,SE Asian Champ,Cambodia,False,4170.0,4403.0,-0.5380639266067644,186.0,171.0,4537.0,4645.117975800975,4259.0,4378.0,1.8564162060762586,1.724817273681935,187.0,170.0,193.0,174.0
2026-07-25,Laos,Thailand,SE Asian Champ,Laos,False,3949.0,4741.0,-1.2961991650309321,204.0,128.5,4374.53104581783,4828.430920196644,4097.333450461328,4517.894475568431,0.0,2.85769544874134,202.0,117.0,206.0,159.0
2026-07-25,Myanmar,Malaysia,SE Asian Champ,Myanmar,False,4154.0,4581.0,-0.8168307710836474,188.0,155.5,4547.879101629776,4715.596370407121,4214.7762907636725,4481.886294544617,1.5889780422917137,2.0705464783310905,185.0,162.0,200.0,164.0
2026-07-27,Indonesia,Cambodia,SE Asian Champ,Indonesia,False,4684.0,4170.0,0.5526403923792499,139.0,186.0,4747.777086030907,4537.0,4602.232036368249,4259.0,2.9681535259522716,0.0,148.0,187.0,147.0,193.0
2026-07-28,Malaysia,Laos,SE Asian Champ,Malaysia,False,4581.0,3949.0,0.7102024984677727,155.5,204.0,4715.596370407121,4374.53104581783,4481.886294544617,4097.333450461328,3.474030976545251,0.0,162.0,202.0,164.0,206.0
2026-07-28,Philippines,Myanmar,SE Asian Champ,Philippines,False,4503.0,4154.0,0.3216237387888518,164.0,188.0,4711.948717948718,4547.879101629776,4472.482628802298,4214.7762907636725,2.9997705004187507,0.0,163.0,185.0,165.0,200.0
2026-07-31,Vietnam,Singapore,SE Asian Champ,Vietnam,False,4664.0,4403.0,0.19438727970354505,146.0,171.0,4742.082057858241,4645.117975800975,4556.403629592879,4378.0,2.517889791057111,0.0,151.0,170.0,157.0,174.0
2026-08-01,Thailand,Malaysia,SE Asian Champ,Thailand,False,4741.0,4581.0,0.04590338152218372,128.5,155.5,4828.430920196644,4715.596370407121,4517.894475568431,4481.886294544617,2.457474265950943,1.22419174662383,117.0,162.0,159.0,164.0
2026-08-01,Laos,Philippines,SE Asian Champ,Laos,False,3949.0,4503.0,-0.9914561261738458,204.0,164.0,4374.53104581783,4711.948717948718,4097.333450461328,4472.482628802298,1.1672773796314522,2.444036397787098,202.0,163.0,206.0,165.0
2026-08-03,Indonesia,Vietnam,SE Asian Champ,Indonesia,False,4684.0,4664.0,-0.1624448166579766,139.0,146.0,4747.777086030907,4742.082057858241,4602.232036368249,4556.403629592879,1.9542786516419046,1.087337937741142,148.0,151.0,147.0,157.0
2026-08-04,Myanmar,Laos,SE Asian Champ,Myanmar,False,4154.0,3949.0,0.11232572325480285,188.0,204.0,4547.879101629776,4374.53104581783,4214.7762907636725,4097.333450461328,2.8262491428721637,1.1335278456185172,185.0,202.0,200.0,206.0
2026-08-04,Philippines,Thailand,SE Asian Champ,Philippines,False,4503.0,4741.0,-0.5453885215376244,164.0,128.5,4711.948717948718,4828.430920196644,4472.482628802298,4517.894475568431,1.9624928294072126,1.6390213857707558,163.0,117.0,165.0,159.0
2026-08-07,Singapore,Indonesia,SE Asian Champ,Singapore,False,4403.0,4684.0,-0.6081203676734445,171.0,139.0,4645.117975800975,4747.777086030907,4378.0,4602.232036368249,1.5256961981149075,1.6780812704028403,170.0,148.0,174.0,147.0
2026-08-07,Vietnam,Cambodia,SE Asian Champ,Vietnam,False,4664.0,4170.0,0.5252548029674854,146.0,186.0,4742.082057858241,4537.0,4556.403629592879,4259.0,2.9467993831121553,0.0,151.0,187.0,157.0,193.0
2026-08-08,Malaysia,Philippines,SE Asian Champ,Malaysia,False,4581.0,4503.0,-0.07591876622531085,155.5,164.0,4715.596370407121,4711.948717948718,4481.886294544617,4472.482628802298,2.115794306485151,1.3042052006301437,162.0,163.0,164.0,165.0
2026-08-08,Thailand,Myanmar,SE Asian Champ,Thailand,False,4741.0,4154.0,0.6509579084402,128.5,188.0,4828.430920196644,4547.879101629776,4517.894475568431,4214.7762907636725,3.455358720145599,0.0,117.0,185.0,159.0,200.0
2026-09-01,Nigeria,Madagascar,African Cup qualifier,Nigeria,False,5236.0,4837.0,0.3927798684320635,32.0,102.5,5118.112891746249,4921.820841803025,4902.647567164148,4733.204698183182,2.5905679338222543,0.0,24.0,80.0,40.0,108.0
2026-09-01,Niger,Lesotho,African Cup qualifier,Niger,False,4892.0,4579.0,0.2698572800402455,91.0,157.0,4937.986712573785,4735.524582254376,4806.354096925588,4692.051282051282,2.1247832254736116,0.0,73.0,153.0,74.0,124.0
2026-09-01,Rwanda,Liberia,African Cup qualifier,Rwanda,False,4844.0,4725.0,-0.014905047658295633,100.0,133.0,4795.733894187412,4823.641879278755,4790.0,4667.224142863997,1.7664993285948418,0.0,129.0,119.0,87.0,130.0
2026-09-01,Senegal,Mozambique,African Cup qualifier,Senegal,False,5330.0,4793.0,0.5839005188707542,21.0,120.0,5173.725891230357,4879.359996084962,4940.562088053241,4663.8362820049,3.047976072680933,0.0,17.0,93.0,30.0,131.0
2026-09-01,Sierra Leone,Zimbabwe,African Cup qualifier,Sierra Leone,False,4811.0,4884.0,-0.3012452671386689,114.5,92.0,4840.108094117641,4880.151925694041,4763.198482560519,4833.909570775371,1.4278109832104928,0.0,109.0,92.0,98.0,59.0
2026-09-01,Tanzania,Guinea-Bissau,African Cup qualifier,Tanzania,False,4825.0,4736.0,-0.05953304681048633,107.5,130.0,4785.759447541524,4717.948717948718,4795.261313563078,4734.562719733533,1.5483115644394445,0.0,134.0,160.0,83.0,106.0
2026-09-01,Sudan,Ethiopia,African Cup qualifier,Sudan,False,4820.0,4741.0,-0.0744287330050508,111.5,128.5,4831.245447832979,4858.0,4818.799231348734,4673.0,1.8541646232306466,0.0,116.0,100.0,71.0,128.0
2026-09-01,Namibia,Congo,African Cup qualifier,Namibia,False,4756.0,4658.0,-0.04613473466580906,125.0,147.0,4813.8701743768925,4791.0,4763.4515405725415,4599.0,2.0268488899018036,0.0,124.0,132.5,97.0,148.0
2026-09-01,Togo,Burundi,African Cup qualifier,Togo,False,4824.0,4820.0,-0.18633485265149646,109.0,111.5,4833.917048290373,4844.063611771229,4756.631827753869,4729.269040162342,1.6976559386615107,0.0,112.0,105.0,100.0,110.0
2026-09-01,Tunisia,Uganda,African Cup qualifier,Tunisia,False,5120.0,4842.0,0.21914428702638064,58.0,101.0,4977.40623124516,4847.676676852353,4894.133187155891,4736.096074128144,2.1100584924990518,0.0,64.0,104.0,43.0,105.0
2026-09-01,South Africa,Guinea,African Cup qualifier,South Africa,False,4979.0,4966.0,-0.172896305976839,75.0,78.0,4878.489845373445,4921.887739373051,4754.989094416549,4860.358995448337,1.4592986327951742,1.1503350457502504,94.0,79.0,101.0,55.0
2026-09-01,Morocco,Gabon,African Cup qualifier,Morocco,False,5308.0,4867.0,0.4518148756240059,25.0,95.0,5092.661556435826,4983.459074524769,4954.897181908457,4674.006188214345,2.7104870588651107,0.0,29.0,59.0,23.0,127.0
2026-09-01,Mauritania,Central African Republic,African Cup qualifier,Mauritania,False,4794.0,4677.0,-0.01787713017336155,119.0,144.0,4766.948717948718,4881.0,4810.987341156286,4621.0,1.8176598520201785,0.0,140.0,91.0,73.0,141.0
2026-09-01,Mali,Cape Verde,African Cup qualifier,Mali,False,5124.0,5016.0,-0.031257331382862505,55.0,71.5,4916.956264366089,4973.883212310751,4976.178461452185,4866.260302438317,1.546944263063716,0.0,81.0,65.0,16.0,53.0
2026-09-01,Algeria,Zambia,African Cup qualifier,Algeria,False,5231.0,4833.0,0.39136579141983285,34.0,104.0,5158.648430253192,4898.971071852581,4892.152154157514,4700.556632047523,2.8539886031052375,0.0,19.0,87.0,45.0,121.0
2026-09-01,Burkina Faso,Benin,African Cup qualifier,Burkina Faso,False,5037.0,4882.0,0.03850104322233195,68.0,93.0,5039.945007993004,4892.748076536696,4802.402820042363,4825.464886785152,2.025633623453553,0.0,44.0,88.0,75.0,66.0
2026-09-01,DR Congo,Equatorial Guinea,African Cup qualifier,DR Congo,False,5099.0,4826.0,0.21187092746806163,61.0,106.0,4925.325226655104,4799.206002024414,4955.521704722478,4784.632972269639,1.8021637002037787,0.0,76.0,128.0,22.0,88.0
2026-09-01,Egypt,Angola,African Cup qualifier,Egypt,False,5169.0,5016.0,0.03553899205048366,50.0,71.5,4945.664786484963,4968.4172775045845,4999.4234632829,4821.277848650073,1.754508844410394,0.0,69.0,67.0,12.0,68.0
2026-09-01,Cameroon,Comoros,African Cup qualifier,Cameroon,False,5070.0,4860.0,0.1196816449907158,65.0,98.0,4967.325589289149,4852.532609782734,4905.673772511358,4827.839354412483,1.798617498014384,0.0,68.0,102.0,38.0,64.0
2026-09-01,Ivory Coast,Ghana,African Cup qualifier,Ivory Coast,False,5172.0,5045.0,-0.0030216854145087143,48.5,67.0,5031.983783509021,5006.897435897436,4945.8928543634265,4832.93555883747,1.9778398522392413,0.0,47.0,49.0,27.0,60.0
2026-09-01,Kenya,Eritrea,African Cup qualifier,Kenya,False,4811.0,4638.0,0.06513003271315818,114.5,149.0,4876.604863971579,4777.732104670704,4696.37330256233,4663.360759445503,2.0217849947447504,0.0,97.0,137.0,122.0,132.0
2026-09-01,Libya,Botswana,African Cup qualifier,Libya,False,4879.0,4693.0,0.08432688608081905,94.0,135.0,4831.8661150020525,4754.3773560060745,4795.815781160781,4670.33464101955,1.8639798985891558,0.0,115.0,144.0,82.0,129.0
2026-09-01,Malawi,South Sudan,African Cup qualifier,Malawi,False,4690.0,4566.0,-0.007476997074857144,136.0,159.0,4731.0,4729.217025238954,4767.000105360554,4605.051282051282,1.7590463033335275,0.0,156.0,157.0,94.0,144.0
2026-09-01,Gambia,Somalia,African Cup qualifier,Gambia,False,4942.0,4512.0,0.43642205053559596,82.0,161.0,5052.123928170142,4716.795260130788,4715.681790696935,4648.006006498617,2.658503027027925,0.0,39.0,161.0,113.0,134.0
2026-09-23,Iraq,Oman,Gulf Cup,Saudi Arabia,True,4963.0,4837.0,0.18780103192412698,79.0,102.5,4838.853692746152,4757.0,4822.746051462927,4776.0,1.2269970493157385,0.0,110.0,142.0,67.0,91.0
2026-09-23,Saudi Arabia,Kuwait,Gulf Cup,Saudi Arabia,False,4967.0,4744.0,0.1387818592542239,77.0,127.0,4832.102985728032,4803.0,4830.123064783428,4616.0,2.0306922372927927,0.0,114.0,127.0,62.0,142.0
2026-09-24,Andorra,Malta,European League D,Andorra,False,4683.0,4689.0,-0.2012669311248311,140.5,137.0,4563.425671602562,4734.940031914002,4687.277213441739,4569.355088441783,1.3961519487992684,0.0,180.0,154.0,125.0,152.0
2026-09-24,United Arab Emirates,Yemen,Gulf Cup,Saudi Arabia,True,4941.0,4581.0,0.5296626815237194,83.0,155.5,4843.269422481675,4792.0,4766.4284008089735,4497.0,2.0125373188326874,1.1377907872898902,106.0,131.0,95.0,163.0
2026-09-24,Bahrain,Qatar,Gulf Cup,Saudi Arabia,True,4790.0,4861.0,-0.10595650039902862,122.0,97.0,4732.0,4849.0,4740.0,4611.657819954919,1.3710080775423312,1.3419759050480675,155.0,103.0,103.5,143.0
2026-09-24,Liechtenstein,Lithuania,European League D,Liechtenstein,False,4336.0,4822.0,-0.89886445798631,173.0,110.0,4546.906124630514,4753.534040176839,4345.662931127416,4701.392831000111,0.0,1.7880080137240189,186.0,146.0,180.0,118.0
2026-09-24,Kosovo,Ireland,European League B,Kosovo,False,5202.0,5175.0,-0.15199433983867225,39.0,47.0,5024.685631127988,4943.403634397608,4877.129186037852,4873.767758413671,1.8323687605139165,0.0,48.0,71.0,51.0,52.0
2026-09-24,Netherlands,Germany,European League A,Netherlands,False,5538.0,5541.0,-0.1967873256666048,7.0,6.0,5308.407899521982,5290.579243668319,4957.282140629241,4925.054489185406,2.585107133768664,1.5760161381224111,2.0,4.0,20.0,33.0
2026-09-24,Serbia,Greece,European League A,Serbia,False,5188.0,5300.0,-0.3593059634007604,44.0,26.0,5001.255279028945,5105.929529291775,4902.946559704801,4940.638292021662,1.5741430742671216,1.2370801048215705,51.0,28.0,39.0,29.0
2026-09-24,Portugal,Wales,European League A,Portugal,False,5564.0,5201.0,0.34163801612104494,4.0,40.0,5282.943306416984,4980.5710444702,5013.000119798976,4832.102564102564,2.82733139777218,0.0,6.0,62.0,10.0,61.0
2026-09-24,Norway,Denmark,European League A,Norway,False,5534.0,5423.0,-0.026796228692007665,8.0,14.0,5265.988882611099,5223.231504728055,4953.669755319283,4948.975687742103,2.3573646543043885,1.405229724698537,8.0,12.0,24.0,26.0
2026-09-24,Austria,Israel,European League B,Austria,False,5369.0,5126.0,0.16809174140434,20.0,54.0,5135.522087484398,5116.545992706753,4956.051282051282,4772.562626904567,2.514000975041887,1.1352630901233622,21.0,25.0,21.0,93.0
2026-09-25,Montenegro,Cyprus,European League C,Montenegro,False,4907.0,4797.0,-0.02828315022322971,86.0,117.0,4905.651014726267,4877.291493433207,4645.636769268263,4580.181949074781,2.385821135307963,1.3082062932845642,85.0,95.0,135.0,149.0
2026-09-25,Armenia,Latvia,European League C,Armenia,False,4789.0,4792.0,-0.1967873256666048,123.0,121.0,4907.3619677994775,4742.954808608867,4578.705250567842,4721.146404920229,1.9385218573758032,1.144088489846293,84.0,150.0,150.0,111.0
2026-09-25,Sweden,Romania,European League B,Sweden,False,5252.0,5149.0,-0.03869470906603557,29.0,51.0,5157.942306308584,4987.713876569571,4798.4005935642,4794.989741655629,2.513977095795146,1.2038554380630684,20.0,56.0,78.0,85.0
2026-09-25,Georgia,Northern Ireland,European League B,Georgia,False,5172.0,5121.0,-0.11617668408607236,48.5,56.5,5042.901264759193,4990.948717948718,4817.812400948583,4901.239225135459,1.8050177563112453,1.165109286224185,43.0,55.0,72.0,41.0
2026-09-25,Turkey,France,European League A,Turkey,False,5382.0,5569.0,-0.47041765515970574,18.0,3.0,5175.307877058622,5283.206289146183,4919.470055718792,5059.325232878433,1.7301903123588203,1.6609632619675931,16.0,5.0,35.0,5.0
2026-09-25,Italy,Belgium,European League A,Italy,False,5379.0,5460.0,-0.3131664728228948,19.0,11.0,5160.18204684544,5257.961342022136,4924.318434043129,4964.88346801316,1.966311326338275,1.576968915656962,18.0,9.0,34.0,18.0
2026-09-25,Hungary,Ukraine,European League B,Hungary,False,5180.0,5240.0,-0.2818632698694622,46.0,31.0,4981.419814969892,5119.772676930319,4880.883735280226,4928.417234874056,1.553247214252208,1.3264598317167609,61.0,23.0,49.0,32.0
2026-09-26,Iceland,Estonia,European League C,Iceland,False,5106.0,4814.0,0.23947244947717075,59.0,113.0,5114.214564271475,4827.62669743767,4793.836404842501,4644.418588273414,2.8972753796170836,0.0,26.0,118.0,86.0,136.0
2026-09-26,Iraq,Kuwait,Gulf Cup,Saudi Arabia,True,4963.0,4744.0,0.325216518158971,79.0,127.0,4838.853692746152,4803.0,4822.746051462927,4616.0,1.6471903979193268,0.0,110.0,127.0,67.0,142.0
2026-09-26,Saudi Arabia,Oman,Gulf Cup,Saudi Arabia,False,4967.0,4837.0,0.0014324538595121411,77.0,102.5,4832.102985728032,4757.0,4830.123064783428,4776.0,1.5617390050444695,0.0,114.0,142.0,62.0,91.0
2026-09-26,Slovakia,Moldova,European League C,Slovakia,False,5138.0,4682.0,0.47272356548152916,53.0,142.0,4979.7777814582005,4779.962662518841,4879.706413285501,4563.731891803655,2.701119592778513,0.0,63.0,136.0,50.0,155.0
2026-09-26,San Marino,Finland,European League C,San Marino,False,4258.0,5030.0,-1.2718591000778892,179.0,69.0,4552.434414303979,4986.500846210422,4281.88552570266,4756.709644127159,0.0,2.7608700289992094,184.0,57.0,188.0,99.0
2026-09-26,Faroe Islands,Kazakhstan,European League C,Faroe Islands,False,4926.0,4901.0,-0.1549800663879693,85.0,87.0,4812.688802694778,4840.737001977539,4795.051282051282,4720.13198373488,1.6632835153848886,0.0,125.0,107.0,84.0,112.0
2026-09-26,England,Spain,European League A,England,False,5562.0,5703.0,-0.40236921171637985,5.0,1.0,5200.341845006214,5396.151252082147,5062.068477472916,5058.0,1.8070197270281432,1.578181263790944,14.0,1.0,4.0,6.0
2026-09-26,Albania,Belarus,European League C,Albania,False,5141.0,4981.0,0.04590338152218372,52.0,74.0,4928.920758086064,4923.293415174665,4931.775132298557,4848.722213131486,1.628507764806279,0.0,74.0,78.0,31.0,56.0
2026-09-26,Slovenia,Scotland,European League B,Slovenia,False,5181.0,5285.0,-0.34740836699208566,45.0,27.0,4945.363230731737,5091.594632901776,4982.113254843018,4889.094487925839,1.562193640496714,0.0,70.0,30.0,13.0,47.0
2026-09-26,North Macedonia,Switzerland,European League B,North Macedonia,False,5027.0,5447.0,-0.8070010475221913,70.0,12.0,4913.0,5224.0067944393,4843.713010883385,4978.57546469998,1.245514755372318,1.7080875888989486,82.0,11.0,58.0,15.0
2026-09-26,Czechia,Croatia,European League A,Czechia,False,5223.0,5422.0,-0.4881071557211907,36.0,15.0,5062.051967633924,5187.617693732778,4847.626452594697,4975.988907622726,1.644965434317132,1.5945102437573966,34.0,15.0,57.0,17.0
2026-09-26,Bulgaria,Luxembourg,European League C,Bulgaria,False,4949.0,4931.0,-0.16543086863929687,81.0,84.0,4924.793668544161,4821.644911558217,4704.980087935442,4776.059968085998,1.8258963662115855,0.0,77.0,122.0,117.0,90.0
2026-09-27,Gibraltar,Andorra,European League D,Gibraltar,False,4445.0,4683.0,-0.5453885215376244,168.0,140.5,4584.853595079771,4563.425671602562,4441.045191391133,4687.277213441739,1.1566660873602488,0.0,176.0,180.0,169.0,125.0
2026-09-27,Qatar,Yemen,Gulf Cup,Saudi Arabia,True,4861.0,4581.0,0.4143593888265862,97.0,155.5,4849.0,4792.0,4611.657819954919,4497.0,2.030371037930163,1.5296471508341107,103.0,131.0,143.0,163.0
2026-09-27,Bahrain,United Arab Emirates,Gulf Cup,Saudi Arabia,True,4790.0,4941.0,-0.22488400755078183,122.0,83.0,4732.0,4843.269422481675,4740.0,4766.4284008089735,0.0,1.3274232984213652,155.0,106.0,103.5,95.0
2026-09-27,Israel,Ireland,European League B,,True,5126.0,5175.0,-0.07314716514931398,54.0,47.0,5116.545992706753,4943.403634397608,4772.562626904567,4873.767758413671,1.7037473494660138,1.503959554520414,25.0,71.0,93.0,52.0
2026-09-27,Lithuania,Azerbaijan,European League D,Lithuania,False,4822.0,4810.0,-0.17438943787473044,110.0,116.0,4753.534040176839,4833.087590300036,4701.392831000111,4636.943187933642,1.7319446331430952,0.0,146.0,113.0,118.0,138.0
2026-09-27,Serbia,Netherlands,European League A,Serbia,False,5188.0,5538.0,-0.7076709598310358,44.0,7.0,5001.255279028945,5308.407899521982,4902.946559704801,4957.282140629241,1.5286454238263547,1.7809530248418508,51.0,2.0,39.0,20.0
2026-09-27,Norway,Portugal,European League A,Norway,False,5534.0,5564.0,-0.2370994228341114,8.0,4.0,5265.988882611099,5282.943306416984,4953.669755319283,5013.000119798976,2.147334323786824,1.5649509974204772,8.0,6.0,24.0,10.0
2026-09-27,Austria,Kosovo,European League B,Austria,False,5369.0,5202.0,0.05625976447072359,20.0,39.0,5135.522087484398,5024.685631127988,4956.051282051282,4877.129186037852,2.1646914700778517,0.0,21.0,48.0,21.0,51.0
2026-09-27,Germany,Greece,European League A,Germany,False,5541.0,5300.0,0.1651650260979071,6.0,26.0,5290.579243668319,5105.929529291775,4925.054489185406,4940.638292021662,2.4691183131986905,1.183567178059253,4.0,28.0,33.0,29.0
2026-09-27,Denmark,Wales,European League A,Denmark,False,5423.0,5201.0,0.13731393633680639,14.0,40.0,5223.231504728055,4980.5710444702,4948.975687742103,4832.102564102564,2.6124732665944976,0.0,12.0,62.0,26.0,61.0
2026-09-28,Latvia,Cyprus,European League C,Latvia,False,4792.0,4797.0,-0.1997737341277423,121.0,117.0,4742.954808608867,4877.291493433207,4721.146404920229,4580.181949074781,1.8676944905613015,1.1250815815954207,150.0,95.0,111.0,149.0
2026-09-28,Armenia,Montenegro,European League C,Armenia,False,4789.0,4907.0,-0.3682243562780242,123.0,86.0,4907.3619677994775,4905.651014726267,4578.705250567842,4645.636769268263,2.1754283350804555,1.5585668049016375,84.0,85.0,150.0,135.0
2026-09-28,Georgia,Ukraine,European League B,Georgia,False,5172.0,5240.0,-0.2937920346360304,48.5,31.0,5042.901264759193,5119.772676930319,4817.812400948583,4928.417234874056,1.7258714121706318,1.490846745619985,43.0,23.0,72.0,32.0
2026-09-28,Sweden,Poland,European League B,Sweden,False,5252.0,5206.0,-0.1236366685327161,29.0,38.0,5157.942306308584,5047.8607576294135,4798.4005935642,4818.910540308807,2.431812778051862,1.3533561180004126,20.0,40.0,78.0,70.0
2026-09-28,Northern Ireland,Hungary,European League B,Northern Ireland,False,5121.0,5180.0,-0.2803718849353464,56.5,46.0,4990.948717948718,4981.419814969892,4901.239225135459,4880.883735280226,1.7131668138368077,0.0,55.0,61.0,41.0,49.0
2026-09-28,Turkey,Italy,European League A,Turkey,False,5382.0,5379.0,-0.1878280589487798,18.0,19.0,5175.307877058622,5160.18204684544,4919.470055718792,4924.318434043129,2.140930204056397,1.3310793327708217,16.0,18.0,35.0,34.0
2026-09-28,Belgium,France,European League A,Belgium,False,5460.0,5569.0,-0.35484519982309765,11.0,3.0,5257.961342022136,5283.206289146183,4964.88346801316,5059.325232878433,1.9765711620886415,1.5350288964249497,9.0,5.0,18.0,5.0
2026-09-29,Kuwait,Oman,Gulf Cup,Saudi Arabia,True,4744.0,4837.0,-0.13873041149823015,127.0,102.5,4803.0,4757.0,4616.0,4776.0,1.1411478102783434,1.42466685092828,127.0,142.0,142.0,91.0
2026-09-29,Slovakia,Kazakhstan,European League C,Slovakia,False,5138.0,4901.0,0.15930869335311013,53.0,87.0,4979.7777814582005,4840.737001977539,4879.706413285501,4720.13198373488,2.1687253261385533,0.0,63.0,107.0,50.0,112.0
2026-09-29,San Marino,Albania,European League C,San Marino,False,4258.0,5141.0,-1.4037780107514675,179.0,52.0,4552.434414303979,4928.920758086064,4281.88552570266,4931.775132298557,0.0,2.5559874266518583,184.0,74.0,188.0,31.0
2026-09-29,Moldova,Faroe Islands,European League C,Moldova,False,4682.0,4926.0,-0.5541701175728786,142.0,85.0,4779.962662518841,4812.688802694778,4563.731891803655,4795.051282051282,1.372473058845498,1.3520696999610715,136.0,125.0,155.0,84.0
2026-09-29,Luxembourg,Iceland,European League C,Luxembourg,False,4931.0,5106.0,-0.4527007733888706,84.0,59.0,4821.644911558217,5114.214564271475,4776.059968085998,4793.836404842501,1.4850835633061625,1.5894255675612237,122.0,26.0,90.0,86.0
2026-09-29,Saudi Arabia,Iraq,Gulf Cup,Saudi Arabia,False,4967.0,4963.0,-0.18633485265149646,77.0,79.0,4832.102985728032,4838.853692746152,4830.123064783428,4822.746051462927,1.4361128241889212,0.0,114.0,110.0,62.0,67.0
2026-09-29,Bulgaria,Estonia,European League C,Bulgaria,False,4949.0,4814.0,0.008853339964728658,81.0,113.0,4924.793668544161,4827.62669743767,4704.980087935442,4644.418588273414,2.235999614040549,0.0,77.0,118.0,117.0,136.0
2026-09-29,Slovenia,North Macedonia,European League B,Slovenia,False,5181.0,5027.0,0.03702009634092958,45.0,70.0,4945.363230731737,4913.0,4982.113254843018,4843.713010883385,1.689101823543202,0.0,70.0,82.0,13.0,58.0
2026-09-29,Scotland,Switzerland,European League B,Scotland,False,5285.0,5447.0,-0.43347856464109036,27.0,12.0,5091.594632901776,5224.0067944393,4889.094487925839,4978.57546469998,1.7216548944817078,1.5804688382295384,30.0,11.0,47.0,15.0
2026-09-29,Spain,Croatia,European League A,Spain,False,5703.0,5422.0,0.22350498305806013,1.0,15.0,5396.151252082147,5187.617693732778,5058.0,4975.988907622726,2.715904014126159,0.0,1.0,15.0,6.0,17.0
2026-09-29,Czechia,England,European League A,Czechia,False,5223.0,5562.0,-0.6919021433152597,36.0,5.0,5062.051967633924,5200.341845006214,4847.626452594697,5062.068477472916,1.4115436930323135,1.6299549439338579,34.0,14.0,57.0,4.0
2026-09-29,Finland,Belarus,European League C,Finland,False,5030.0,4981.0,-0.11916052715837777,69.0,74.0,4986.500846210422,4923.293415174665,4756.709644127159,4848.722213131486,1.793602285442629,1.1495916996350926,57.0,78.0,99.0,56.0
2026-09-30,Bahrain,Yemen,Gulf Cup,Saudi Arabia,True,4790.0,4581.0,0.3105185743579891,122.0,155.5,4732.0,4792.0,4740.0,4497.0,1.6815571133728526,1.2006867848314928,155.0,131.0,103.5,163.0
2026-09-30,Qatar,United Arab Emirates,Gulf Cup,Saudi Arabia,True,4861.0,4941.0,-0.11936891112169959,97.0,83.0,4849.0,4843.269422481675,4611.657819954919,4766.4284008089735,1.275509348599143,1.6719350390407142,103.0,106.0,143.0,95.0
2026-10-01,Ethiopia,Senegal,African Cup qualifier,Ethiopia,False,4741.0,5330.0,-1.038229115612307,128.5,21.0,4858.0,5173.725891230357,4673.0,4940.562088053241,1.2041563518577767,2.070249905743536,100.0,17.0,128.0,30.0
2026-10-01,Eritrea,South Africa,African Cup qualifier,Eritrea,False,4638.0,4979.0,-0.6947722261394625,149.0,75.0,4777.732104670704,4878.489845373445,4663.360759445503,4754.989094416549,1.4715595789762697,1.2669732955999875,137.0,94.0,132.0,101.0
2026-10-01,Equatorial Guinea,Sierra Leone,African Cup qualifier,Equatorial Guinea,False,4826.0,4811.0,-0.16991008351224954,106.0,114.5,4799.206002024414,4840.108094117641,4784.632972269639,4763.198482560519,1.5071018890705754,0.0,128.0,109.0,88.0,98.0
2026-10-01,Cape Verde,Rwanda,African Cup qualifier,Cape Verde,False,5016.0,4844.0,0.0636520896997111,71.5,100.0,4973.883212310751,4795.733894187412,4866.260302438317,4790.0,1.9314172987674096,0.0,65.0,129.0,53.0,87.0
2026-10-01,Comoros,Namibia,African Cup qualifier,Comoros,False,4860.0,4756.0,-0.03720701762329895,98.0,125.0,4852.532609782734,4813.8701743768925,4827.839354412483,4763.4515405725415,1.6534665021725843,0.0,102.0,124.0,64.0,97.0
2026-10-01,Central African Republic,Burkina Faso,African Cup qualifier,Central African Republic,False,4677.0,5037.0,-0.7219703738314112,144.0,68.0,4881.0,5039.945007993004,4621.0,4802.402820042363,1.6240279209841946,1.8206042588741462,91.0,44.0,141.0,75.0
2026-10-01,Gabon,Niger,African Cup qualifier,Gabon,False,4867.0,4892.0,-0.2296353182274156,95.0,91.0,4983.459074524769,4937.986712573785,4674.006188214345,4806.354096925588,1.9108426867154342,1.3907311409243348,59.0,73.0,127.0,74.0
2026-10-01,Burundi,Algeria,African Cup qualifier,Burundi,False,4820.0,5231.0,-0.7943340380500268,111.5,34.0,4844.063611771229,5158.648430253192,4729.269040162342,4892.152154157514,1.2888055991626934,1.8515819575584251,105.0,19.0,110.0,45.0
2026-10-01,Congo,Cameroon,African Cup qualifier,Congo,False,4658.0,5070.0,-0.7957430671005696,147.0,65.0,4791.0,4967.325589289149,4599.0,4905.673772511358,1.1278419246181526,1.6739603070995368,132.5,68.0,148.0,38.0
2026-10-01,Ghana,Gambia,African Cup qualifier,Ghana,False,5045.0,4942.0,-0.03869470906603557,67.0,82.0,5006.897435897436,5052.123928170142,4832.93555883747,4715.681790696935,2.2715820679687435,1.2770416567065892,49.0,39.0,60.0,113.0
2026-10-01,Liberia,Mali,African Cup qualifier,Liberia,False,4725.0,5124.0,-0.7773952530474479,133.0,55.0,4823.641879278755,4916.956264366089,4667.224142863997,4976.178461452185,0.0,1.3540515462257863,119.0,81.0,130.0,16.0
2026-10-01,Guinea,Kenya,African Cup qualifier,Guinea,False,4966.0,4811.0,0.03850104322233195,78.0,114.5,4921.887739373051,4876.604863971579,4860.358995448337,4696.37330256233,2.0601503970408186,0.0,79.0,97.0,55.0,122.0
2026-10-01,Lesotho,Morocco,African Cup qualifier,Lesotho,False,4579.0,5308.0,-1.2187032562335591,157.0,25.0,4735.524582254376,5092.661556435826,4692.051282051282,4954.897181908457,0.0,1.7667921819035286,153.0,29.0,124.0,23.0
2026-10-01,Madagascar,Tanzania,African Cup qualifier,Madagascar,False,4837.0,4825.0,-0.17438943787473044,102.5,107.5,4921.820841803025,4785.759447541524,4733.204698183182,4795.261313563078,1.7608224594281534,0.0,80.0,134.0,108.0,83.0
2026-10-01,Mozambique,Sudan,African Cup qualifier,Mozambique,False,4793.0,4820.0,-0.23262104477671236,120.0,111.5,4879.359996084962,4831.245447832979,4663.8362820049,4818.799231348734,1.5739882849448903,1.15154077024185,93.0,116.0,131.0,71.0
2026-10-01,Somalia,Ivory Coast,African Cup qualifier,Somalia,False,4512.0,5172.0,-1.131126960990507,161.0,48.5,4716.795260130788,5031.983783509021,4648.006006498617,4945.8928543634265,0.0,1.7186603838941592,161.0,47.0,134.0,27.0
2026-10-01,South Sudan,Egypt,African Cup qualifier,South Sudan,False,4566.0,5169.0,-1.0567613159129612,159.0,50.0,4729.217025238954,4945.664786484963,4605.051282051282,4999.4234632829,0.0,1.59623475815805,157.0,69.0,144.0,12.0
2026-10-01,Uganda,Libya,African Cup qualifier,Uganda,False,4842.0,4879.0,-0.24754783889767096,101.0,94.0,4847.676676852353,4831.8661150020525,4736.096074128144,4795.815781160781,1.5501259347291585,0.0,104.0,115.0,105.0,82.0
2026-10-01,Zambia,Togo,African Cup qualifier,Zambia,False,4833.0,4824.0,-0.17886890383300352,104.0,109.0,4898.971071852581,4833.917048290373,4700.556632047523,4756.631827753869,1.8070120654989745,0.0,87.0,112.0,121.0,100.0
2026-10-01,Zimbabwe,DR Congo,African Cup qualifier,Zimbabwe,False,4884.0,5099.0,-0.5116476351687347,92.0,61.0,4880.151925694041,4925.325226655104,4833.909570775371,4955.521704722478,1.2215844174618935,0.0,92.0,76.0,59.0,22.0
2026-10-01,Botswana,Tunisia,African Cup qualifier,Botswana,False,4693.0,5120.0,-0.8168307710836474,135.0,58.0,4754.3773560060745,4977.40623124516,4670.33464101955,4894.133187155891,0.0,1.504580440503903,144.0,64.0,129.0,43.0
2026-10-01,Guinea-Bissau,Nigeria,African Cup qualifier,Guinea-Bissau,False,4736.0,5236.0,-0.9181053152896529,130.0,32.0,4717.948717948718,5118.112891746249,4734.562719733533,4902.647567164148,0.0,1.7174315491907937,160.0,24.0,106.0,40.0
2026-10-01,Benin,Mauritania,African Cup qualifier,Benin,False,4882.0,4794.0,-0.061022219950713295,93.0,119.0,4892.748076536696,4766.948717948718,4825.464886785152,4810.987341156286,1.6328838413417004,0.0,88.0,140.0,66.0,73.0
2026-10-01,Angola,Malawi,African Cup qualifier,Angola,False,5016.0,4690.0,0.288599131279157,71.5,136.0,4968.4172775045845,4731.0,4821.277848650073,4767.000105360554,1.9851403471411826,0.0,67.0,156.0,68.0,94.0
2026-10-01,Denmark,Portugal,European League A,Denmark,False,5423.0,5564.0,-0.40236921171637985,14.0,4.0,5223.231504728055,5282.943306416984,4948.975687742103,5013.000119798976,2.012419202353454,1.5778638301224448,12.0,6.0,26.0,10.0
2026-10-01,Germany,Serbia,European League A,Germany,False,5541.0,5188.0,0.32734902931229004,6.0,44.0,5290.579243668319,5001.255279028945,4925.054489185406,4902.946559704801,2.600150657562111,0.0,4.0,51.0,33.0,39.0
2026-10-01,Greece,Netherlands,European League A,Greece,False,5300.0,5538.0,-0.5453885215376244,26.0,7.0,5105.929529291775,5308.407899521982,4940.638292021662,4957.282140629241,1.8256408274234577,1.6723831265485105,28.0,2.0,29.0,20.0
2026-10-01,Wales,Norway,European League A,Wales,False,5201.0,5534.0,-0.6832839466284533,40.0,8.0,4980.5710444702,5265.988882611099,4832.102564102564,4953.669755319283,1.4826569975111974,1.8650413284375842,62.0,8.0,61.0,24.0
2026-10-01,Ireland,Austria,European League B,Ireland,False,5175.0,5369.0,-0.48073996704366184,47.0,20.0,4943.403634397608,5135.522087484398,4873.767758413671,4956.051282051282,1.3787642069004529,1.3849686078775665,71.0,21.0,52.0,21.0
2026-10-01,Israel,Kosovo,European League B,,True,5126.0,5202.0,-0.11340861953678841,54.0,39.0,5116.545992706753,5024.685631127988,4772.562626904567,4877.129186037852,1.694140174386554,1.7305950908327385,25.0,48.0,93.0,51.0
2026-10-01,Azerbaijan,Liechtenstein,European League D,Azerbaijan,False,4810.0,4336.0,0.49768646712607045,116.0,173.0,4833.087590300036,4546.906124630514,4636.943187933642,4345.662931127416,2.963075613241837,0.0,113.0,186.0,138.0,180.0
2026-10-01,Malta,Gibraltar,European League D,Malta,False,4689.0,4445.0,0.16955473295749343,137.0,168.0,4734.940031914002,4584.853595079771,4569.355088441783,4441.045191391133,2.280418508207555,0.0,154.0,176.0,152.0,169.0
2026-10-02,Cyprus,Armenia,European League C,Cyprus,False,4797.0,4789.0,-0.18036207912993935,117.0,123.0,4877.291493433207,4907.3619677994775,4580.181949074781,4578.705250567842,2.2959320187450203,1.559208693428432,95.0,84.0,149.0,150.0
2026-10-02,Latvia,Montenegro,European League C,Latvia,False,4792.0,4907.0,-0.3637656913545462,121.0,86.0,4742.954808608867,4905.651014726267,4721.146404920229,4645.636769268263,1.6767774483847082,1.1922731356758927,150.0,85.0,111.0,135.0
2026-10-02,Kazakhstan,Moldova,European League C,Kazakhstan,False,4901.0,4682.0,0.1329088258512787,87.0,142.0,4840.737001977539,4779.962662518841,4720.13198373488,4563.731891803655,2.224994284529358,0.0,107.0,136.0,112.0,155.0
2026-10-02,Faroe Islands,Slovakia,European League C,Faroe Islands,False,4926.0,5138.0,-0.5072379165713471,85.0,53.0,4812.688802694778,4979.7777814582005,4795.051282051282,4879.706413285501,1.2419769015420505,1.1928063780713039,125.0,63.0,84.0,50.0
2026-10-02,Ukraine,Northern Ireland,European League B,,True,5240.0,5121.0,0.17740264464939667,31.0,56.5,5119.772676930319,4990.948717948718,4928.417234874056,4901.239225135459,1.6350505347113342,1.2262119631536108,23.0,55.0,32.0,41.0
2026-10-02,Poland,Romania,European League B,Poland,False,5206.0,5149.0,-0.10722645113193739,38.0,51.0,5047.8607576294135,4987.713876569571,4818.910540308807,4794.989741655629,2.146956903458691,1.1548366088534192,40.0,56.0,70.0,85.0
2026-10-02,France,Italy,European League A,France,False,5569.0,5379.0,0.0902272790789129,3.0,19.0,5283.206289146183,5160.18204684544,5059.325232878433,4924.318434043129,2.499921133767909,0.0,5.0,18.0,5.0,34.0
2026-10-02,Belgium,Turkey,European League A,Belgium,False,5460.0,5382.0,-0.07591876622531085,11.0,18.0,5257.961342022136,5175.307877058622,4964.88346801316,4919.470055718792,2.4299717624271686,1.2553529869555182,9.0,16.0,18.0,35.0
2026-10-02,Hungary,Georgia,European League B,Hungary,False,5180.0,5172.0,-0.18036207912993935,46.0,48.5,4981.419814969892,5042.901264759193,4880.883735280226,4817.812400948583,1.8701937599349223,1.1388382911277615,61.0,43.0,49.0,72.0
2026-10-03,Switzerland,Slovenia,European League B,Switzerland,False,5447.0,5181.0,0.20167680031329813,12.0,45.0,5224.0067944393,4945.363230731737,4978.57546469998,4982.113254843018,2.1119129486613795,0.0,11.0,70.0,15.0,13.0
2026-10-03,Estonia,Luxembourg,European League C,Estonia,False,4814.0,4931.0,-0.3667382544420228,113.0,84.0,4827.62669743767,4821.644911558217,4644.418588273414,4776.059968085998,1.5493222042873942,1.174846794762247,118.0,122.0,136.0,90.0
2026-10-03,Croatia,England,European League A,Croatia,False,5422.0,5562.0,-0.40088615226600205,15.0,5.0,5187.617693732778,5200.341845006214,4975.988907622726,5062.068477472916,1.7578850798133718,1.2899079065494212,15.0,14.0,17.0,4.0
2026-10-03,Spain,Czechia,European League A,Spain,False,5703.0,5223.0,0.5059758103290775,1.0,36.0,5396.151252082147,5062.051967633924,5058.0,4847.626452594697,3.1967339964307353,0.0,1.0,34.0,6.0,57.0
2026-10-03,North Macedonia,Scotland,European League B,North Macedonia,False,5027.0,5285.0,-0.5746258076665878,70.0,27.0,4913.0,5091.594632901776,4843.713010883385,4889.094487925839,1.47465789655206,1.3493230496624993,82.0,30.0,58.0,47.0
2026-10-03,Belarus,San Marino,European League C,,True,4981.0,4258.0,1.0188903510470564,74.0,179.0,4923.293415174665,4552.434414303979,4848.722213131486,4281.88552570266,3.030944778138076,0.0,78.0,184.0,56.0,188.0
2026-10-03,Finland,Albania,European League C,Finland,False,5030.0,5141.0,-0.3578191559233772,69.0,52.0,4986.500846210422,4928.920758086064,4756.709644127159,4931.775132298557,1.5579639560106582,1.1629120634975387,57.0,74.0,99.0,31.0
2026-10-03,Iceland,Bulgaria,European League C,Iceland,False,5106.0,4949.0,0.04146246075995645,59.0,81.0,5114.214564271475,4924.793668544161,4793.836404842501,4704.980087935442,2.676742935048945,0.0,26.0,77.0,86.0,117.0
2026-10-04,Portugal,Norway,European League A,Portugal,False,5564.0,5534.0,-0.1475159617812727,4.0,8.0,5282.943306416984,5265.988882611099,5013.000119798976,4953.669755319283,2.398678888399004,1.3623927670042413,6.0,8.0,10.0,24.0
2026-10-04,Malta,Andorra,European League D,Malta,False,4689.0,4683.0,-0.18334845349055323,137.0,140.5,4734.940031914002,4563.425671602562,4569.355088441783,4687.277213441739,1.5386751520002697,0.0,154.0,180.0,152.0,125.0
2026-10-04,Kosovo,Austria,European League B,Kosovo,False,5202.0,5369.0,-0.44087514908610853,39.0,20.0,5024.685631127988,5135.522087484398,4877.129186037852,4956.051282051282,1.596292541932192,1.3762897208849139,48.0,21.0,51.0,21.0
2026-10-04,Ireland,Israel,European League B,Ireland,False,5175.0,5126.0,-0.11916052715837777,47.0,54.0,4943.403634397608,5116.545992706753,4873.767758413671,4772.562626904567,1.891925034096792,1.336324582097706,71.0,25.0,52.0,93.0
2026-10-04,Azerbaijan,Lithuania,European League D,Azerbaijan,False,4810.0,4822.0,-0.21022594674065417,116.0,110.0,4833.087590300036,4753.534040176839,4636.943187933642,4701.392831000111,1.7757897536830132,0.0,113.0,146.0,138.0,118.0
2026-10-04,Netherlands,Serbia,European League A,Netherlands,False,5538.0,5188.0,0.32305557521565087,7.0,44.0,5308.407899521982,5001.255279028945,4957.282140629241,4902.946559704801,2.663286238868863,0.0,2.0,51.0,20.0,39.0
2026-10-04,Greece,Germany,European League A,Greece,False,5300.0,5541.0,-0.5497804107132922,26.0,6.0,5105.929529291775,5290.579243668319,4940.638292021662,4925.054489185406,1.922272991106037,1.6221938579486888,28.0,4.0,29.0,33.0
2026-10-04,Wales,Denmark,European League A,Wales,False,5201.0,5423.0,-0.521929320952191,40.0,14.0,4980.5710444702,5223.231504728055,4832.102564102564,4948.975687742103,1.4952333675703466,1.7392749169101696,62.0,12.0,61.0,26.0
2026-10-05,Montenegro,Armenia,European League C,Montenegro,False,4907.0,4789.0,-0.01639102833735989,86.0,123.0,4905.651014726267,4907.3619677994775,4645.636769268263,4578.705250567842,2.390807810522618,1.3848932808084369,85.0,84.0,135.0,150.0
2026-10-05,Cyprus,Latvia,European League C,Cyprus,False,4797.0,4792.0,-0.1848416504876429,117.0,121.0,4877.291493433207,4742.954808608867,4580.181949074781,4721.146404920229,1.847904201349195,1.1406136615790001,95.0,150.0,149.0,111.0
2026-10-05,France,Belgium,European League A,France,False,5569.0,5460.0,-0.029770184792286984,3.0,11.0,5283.206289146183,5257.961342022136,5059.325232878433,4964.88346801316,2.361760984720192,1.2264668648272707,5.0,9.0,5.0,18.0
2026-10-05,Ukraine,Hungary,European League B,,True,5240.0,5180.0,0.08955557756176957,31.0,46.0,5119.772676930319,4981.419814969892,4928.417234874056,4880.883735280226,1.6926339198494176,1.203105413216904,23.0,61.0,32.0,49.0
2026-10-05,Romania,Sweden,European League B,Romania,False,5149.0,5252.0,-0.3459206755493488,51.0,29.0,4987.713876569571,5157.942306308584,4794.989741655629,4798.4005935642,1.947977556117953,1.6587488738413703,56.0,20.0,85.0,78.0
2026-10-05,Northern Ireland,Georgia,European League B,Northern Ireland,False,5121.0,5172.0,-0.26843870052931285,56.5,48.5,4990.948717948718,5042.901264759193,4901.239225135459,4817.812400948583,1.8988463369856872,1.0915038707044684,55.0,43.0,41.0,72.0
2026-10-05,Italy,Turkey,European League A,Italy,False,5379.0,5382.0,-0.1967873256666048,19.0,18.0,5160.18204684544,5175.307877058622,4924.318434043129,4919.470055718792,2.108157871034169,1.3572689446950394,18.0,16.0,34.0,35.0
2026-10-06,Estonia,Iceland,European League C,Estonia,False,4814.0,5106.0,-0.6240878340925562,113.0,59.0,4827.62669743767,5114.214564271475,4644.418588273414,4793.836404842501,1.5011319025531726,1.973986062444961,118.0,26.0,136.0,86.0
2026-10-06,Kazakhstan,Faroe Islands,European League C,Kazakhstan,False,4901.0,4926.0,-0.2296353182274156,87.0,85.0,4840.737001977539,4812.688802694778,4720.13198373488,4795.051282051282,1.53329677186918,0.0,107.0,125.0,112.0,84.0
2026-10-06,Croatia,Spain,European League A,Croatia,False,5422.0,5703.0,-0.6081203676734445,15.0,1.0,5187.617693732778,5396.151252082147,4975.988907622726,5058.0,1.7697284046142028,1.8242051084330835,15.0,1.0,17.0,6.0
2026-10-06,England,Czechia,European League A,England,False,5562.0,5223.0,0.30728675869987515,5.0,36.0,5200.341845006214,5062.051967633924,5062.068477472916,4847.626452594697,2.4786502796238166,0.0,14.0,34.0,4.0,57.0
2026-10-06,Scotland,Slovenia,European League B,Scotland,False,5285.0,5181.0,-0.03720701762329895,27.0,45.0,5091.594632901776,4945.363230731737,4889.094487925839,4982.113254843018,1.7114924090133157,0.0,30.0,70.0,47.0,13.0
2026-10-06,Switzerland,North Macedonia,European League B,Switzerland,False,5447.0,5027.0,0.4223856629068066,12.0,70.0,5224.0067944393,4913.0,4978.57546469998,4843.713010883385,2.574377417109636,0.0,11.0,82.0,15.0,58.0
2026-10-06,Albania,San Marino,European League C,Albania,False,5141.0,4258.0,1.0191626261360827,52.0,179.0,4928.920758086064,4552.434414303979,4931.775132298557,4281.88552570266,3.591727321920834,0.0,74.0,184.0,31.0,188.0
2026-10-06,Belarus,Finland,European League C,,True,4981.0,5030.0,-0.07314716514931398,74.0,69.0,4923.293415174665,4986.500846210422,4848.722213131486,4756.709644127159,1.492518723985207,1.416232941187844,78.0,57.0,56.0,99.0
2026-10-06,Moldova,Slovakia,European League C,Moldova,False,4682.0,5138.0,-0.8573389500969137,142.0,53.0,4779.962662518841,4979.7777814582005,4563.731891803655,4879.706413285501,1.163019206078729,1.812042774851127,136.0,63.0,155.0,50.0
2026-10-06,Luxembourg,Bulgaria,European League C,Luxembourg,False,4931.0,4949.0,-0.21918451597608746,84.0,81.0,4821.644911558217,4924.793668544161,4776.059968085998,4704.980087935442,1.7321580562472454,1.1078366589704212,122.0,77.0,90.0,117.0
2026-11-01,Niger,Morocco,African Cup qualifier,Niger,False,4892.0,5308.0,-0.8013752351777496,91.0,25.0,4937.986712573785,5092.661556435826,4806.354096925588,4954.897181908457,1.3677867663921603,1.4491726429759706,73.0,29.0,74.0,23.0
2026-11-01,Rwanda,Mali,African Cup qualifier,Rwanda,False,4844.0,5124.0,-0.6066670811342785,100.0,55.0,4795.733894187412,4916.956264366089,4790.0,4976.178461452185,0.0,0.0,129.0,81.0,87.0,16.0
2026-11-01,Zimbabwe,Equatorial Guinea,African Cup qualifier,Zimbabwe,False,4884.0,4826.0,-0.105734945484869,92.0,106.0,4880.151925694041,4799.206002024414,4833.909570775371,4784.632972269639,1.6716723220990193,0.0,92.0,128.0,59.0,88.0
2026-11-01,Sierra Leone,DR Congo,African Cup qualifier,Sierra Leone,False,4811.0,5099.0,-0.6182854806634912,114.5,61.0,4840.108094117641,4925.325226655104,4763.198482560519,4955.521704722478,1.1261125220187265,1.1390949115642015,109.0,76.0,98.0,22.0
2026-11-01,Sudan,Senegal,African Cup qualifier,Sudan,False,4820.0,5330.0,-0.9317935546848077,111.5,21.0,4831.245447832979,5173.725891230357,4818.799231348734,4940.562088053241,1.1404032255567689,1.6361536286661131,116.0,17.0,71.0,30.0
2026-11-01,South Sudan,Angola,African Cup qualifier,South Sudan,False,4566.0,5016.0,-0.8489869021929953,159.0,71.5,4729.217025238954,4968.4172775045845,4605.051282051282,4821.277848650073,1.1813274652890156,1.6599169118888155,157.0,67.0,144.0,68.0
2026-11-01,Namibia,Cameroon,African Cup qualifier,Namibia,False,4756.0,5070.0,-0.655916226051374,125.0,65.0,4813.8701743768925,4967.325589289149,4763.4515405725415,4905.673772511358,1.1819428509059537,1.239261284173756,124.0,68.0,97.0,38.0
2026-11-01,Tanzania,Nigeria,African Cup qualifier,Tanzania,False,4825.0,5236.0,-0.7943340380500268,107.5,32.0,4785.759447541524,5118.112891746249,4795.261313563078,4902.647567164148,1.1226696722730012,1.5473690974985626,134.0,24.0,83.0,40.0
2026-11-01,Somalia,Ghana,African Cup qualifier,Somalia,False,4512.0,5045.0,-0.963097630737426,161.0,67.0,4716.795260130788,5006.897435897436,4648.006006498617,4832.93555883747,1.1244151234933284,1.6472966315660236,161.0,49.0,134.0,60.0
2026-11-01,Mauritania,Burkina Faso,African Cup qualifier,Mauritania,False,4794.0,5037.0,-0.5527071260197246,119.0,68.0,4766.948717948718,5039.945007993004,4810.987341156286,4802.402820042363,1.3205342475047837,1.3014327239128738,140.0,44.0,73.0,75.0
2026-11-01,Lesotho,Gabon,African Cup qualifier,Lesotho,False,4579.0,4867.0,-0.6182854806634912,157.0,95.0,4735.524582254376,4983.459074524769,4692.051282051282,4674.006188214345,1.5766258166827187,1.462688221160119,153.0,59.0,124.0,127.0
2026-11-01,Libya,Tunisia,African Cup qualifier,Libya,False,4879.0,5120.0,-0.5497804107132922,94.0,58.0,4831.8661150020525,4977.40623124516,4795.815781160781,4894.133187155891,1.2536494846787216,1.1852807017258156,115.0,64.0,82.0,43.0
2026-11-01,Liberia,Cape Verde,African Cup qualifier,Liberia,False,4725.0,5016.0,-0.622637678689117,133.0,71.5,4823.641879278755,4973.883212310751,4667.224142863997,4866.260302438317,1.3024962189579345,1.5034697418033935,119.0,65.0,130.0,53.0
2026-11-01,Togo,Algeria,African Cup qualifier,Togo,False,4824.0,5231.0,-0.7886939980283448,109.0,34.0,4833.917048290373,5158.648430253192,4756.631827753869,4892.152154157514,1.263598413925699,1.7708917234361485,112.0,19.0,100.0,45.0
2026-11-01,Kenya,South Africa,African Cup qualifier,Kenya,False,4811.0,4979.0,-0.44235395884477696,114.5,75.0,4876.604863971579,4878.489845373445,4696.37330256233,4754.989094416549,1.7464718644263524,1.186541554409831,97.0,94.0,122.0,101.0
2026-11-01,Guinea-Bissau,Madagascar,African Cup qualifier,Guinea-Bissau,False,4736.0,4837.0,-0.34294497593054796,130.0,102.5,4717.948717948718,4921.820841803025,4734.562719733533,4733.204698183182,1.3720422342002017,1.1988986101155643,160.0,80.0,106.0,108.0
2026-11-01,Gambia,Ivory Coast,African Cup qualifier,Gambia,False,4942.0,5172.0,-0.5336663439362143,82.0,48.5,5052.123928170142,5031.983783509021,4715.681790696935,4945.8928543634265,1.7021817166956748,1.5295380509744296,39.0,47.0,113.0,27.0
2026-11-01,Ethiopia,Mozambique,African Cup qualifier,Ethiopia,False,4741.0,4793.0,-0.2699305436226999,128.5,120.0,4858.0,4879.359996084962,4673.0,4663.8362820049,1.9628286315157706,1.2453563232402347,100.0,93.0,128.0,131.0
2026-11-01,Eritrea,Guinea,African Cup qualifier,Eritrea,False,4638.0,4966.0,-0.676093113729932,149.0,78.0,4777.732104670704,4921.887739373051,4663.360759445503,4860.358995448337,1.2039998825303169,1.3766353871077524,137.0,79.0,132.0,55.0
2026-11-01,Congo,Comoros,African Cup qualifier,Congo,False,4658.0,4860.0,-0.49252505364969057,147.0,98.0,4791.0,4852.532609782734,4599.0,4827.839354412483,1.3170370411613108,1.3637881645847159,132.5,102.0,148.0,64.0
2026-11-01,Central African Republic,Benin,African Cup qualifier,Central African Republic,False,4677.0,4882.0,-0.49694110787018747,144.0,93.0,4881.0,4892.748076536696,4621.0,4825.464886785152,1.5601819461926134,1.4109293137112147,91.0,88.0,141.0,66.0
2026-11-01,Malawi,Egypt,African Cup qualifier,Malawi,False,4690.0,5169.0,-0.8892107501132622,136.0,50.0,4731.0,4945.664786484963,4767.000105360554,4999.4234632829,0.0,1.178280678778482,156.0,69.0,94.0,12.0
2026-11-01,Zambia,Burundi,African Cup qualifier,Zambia,False,4833.0,4820.0,-0.172896305976839,104.0,111.5,4898.971071852581,4844.063611771229,4700.556632047523,4729.269040162342,1.8884951488666288,1.0957535094537822,87.0,105.0,121.0,110.0
2026-11-01,Angola,South Sudan,African Cup qualifier,Angola,False,5016.0,4566.0,0.46437151757761075,71.5,159.0,4968.4172775045845,4729.217025238954,4821.277848650073,4605.051282051282,2.515408922163961,0.0,67.0,157.0,68.0,144.0
2026-11-01,Madagascar,Guinea-Bissau,African Cup qualifier,Madagascar,False,4837.0,4736.0,-0.04167040868483643,102.5,130.0,4921.820841803025,4717.948717948718,4733.204698183182,4734.562719733533,1.9417017223694892,0.0,80.0,160.0,108.0,106.0
2026-11-01,Burundi,Zambia,African Cup qualifier,Burundi,False,4820.0,4833.0,-0.2117190786385456,111.5,104.0,4844.063611771229,4898.971071852581,4729.269040162342,4700.556632047523,1.8104534804635994,1.1569635830475102,105.0,87.0,110.0,121.0
2026-11-01,Algeria,Togo,African Cup qualifier,Algeria,False,5231.0,4824.0,0.40407861341296053,34.0,109.0,5158.648430253192,4833.917048290373,4892.152154157514,4756.631827753869,2.651029770299615,0.0,19.0,112.0,45.0,100.0
2026-11-01,Benin,Central African Republic,African Cup qualifier,Benin,False,4882.0,4677.0,0.11232572325480285,93.0,144.0,4892.748076536696,4881.0,4825.464886785152,4621.0,2.2078794705502336,0.0,88.0,91.0,66.0,141.0
2026-11-01,Burkina Faso,Mauritania,African Cup qualifier,Burkina Faso,False,5037.0,4794.0,0.16809174140434,68.0,119.0,5039.945007993004,4766.948717948718,4802.402820042363,4810.987341156286,2.070979738760898,0.0,44.0,140.0,75.0,73.0
2026-11-01,Cameroon,Namibia,African Cup qualifier,Cameroon,False,5070.0,4756.0,0.2713008414359894,65.0,125.0,4967.325589289149,4813.8701743768925,4905.673772511358,4763.4515405725415,1.9927257335684694,0.0,68.0,124.0,38.0,97.0
2026-11-01,Cape Verde,Liberia,African Cup qualifier,Cape Verde,False,5016.0,4725.0,0.23802229407373263,71.5,133.0,4973.883212310751,4823.641879278755,4866.260302438317,4667.224142863997,2.3227477929172005,0.0,65.0,119.0,53.0,130.0
2026-11-01,Comoros,Congo,African Cup qualifier,Comoros,False,4860.0,4658.0,0.10790966903430596,98.0,147.0,4852.532609782734,4791.0,4827.839354412483,4599.0,2.1490779676222744,0.0,102.0,132.5,64.0,148.0
2026-11-01,DR Congo,Sierra Leone,African Cup qualifier,DR Congo,False,5099.0,4811.0,0.2336700960481066,61.0,114.5,4925.325226655104,4840.108094117641,4955.521704722478,4763.198482560519,1.8657606704552494,0.0,76.0,109.0,22.0,98.0
2026-11-01,Egypt,Malawi,African Cup qualifier,Egypt,False,5169.0,4690.0,0.5045953654978775,50.0,136.0,4945.664786484963,4731.0,4999.4234632829,4767.000105360554,1.9155674411681103,0.0,69.0,156.0,12.0,94.0
2026-11-01,Equatorial Guinea,Zimbabwe,African Cup qualifier,Equatorial Guinea,False,4826.0,4884.0,-0.27888043913051563,106.0,92.0,4799.206002024414,4880.151925694041,4784.632972269639,4833.909570775371,1.3224309402919003,0.0,128.0,92.0,88.0,59.0
2026-11-01,Gabon,Lesotho,African Cup qualifier,Gabon,False,4867.0,4579.0,0.2336700960481066,95.0,157.0,4983.459074524769,4735.524582254376,4674.006188214345,4692.051282051282,2.2722152428913134,0.0,59.0,153.0,127.0,124.0
2026-11-01,Ghana,Somalia,African Cup qualifier,Ghana,False,5045.0,4512.0,0.5784822461220411,67.0,161.0,5006.897435897436,4716.795260130788,4832.93555883747,4648.006006498617,2.4999334768983767,0.0,49.0,161.0,60.0,134.0
2026-11-01,Guinea,Eritrea,African Cup qualifier,Guinea,False,4966.0,4638.0,0.29147772911454733,78.0,149.0,4921.887739373051,4777.732104670704,4860.358995448337,4663.360759445503,2.1651229767366567,0.0,79.0,137.0,55.0,132.0
2026-11-01,Ivory Coast,Gambia,African Cup qualifier,Ivory Coast,False,5172.0,4942.0,0.14905095932082993,48.5,82.0,5031.983783509021,5052.123928170142,4945.8928543634265,4715.681790696935,2.3549788761336927,0.0,47.0,39.0,27.0,113.0
2026-11-01,Botswana,Uganda,African Cup qualifier,Botswana,False,4693.0,4842.0,-0.4142284054210583,135.0,101.0,4754.3773560060745,4847.676676852353,4670.33464101955,4736.096074128144,1.4596977477054953,1.1751228611909896,144.0,104.0,129.0,105.0
2026-11-01,Mali,Rwanda,African Cup qualifier,Mali,False,5124.0,4844.0,0.22205169651889387,55.0,100.0,4916.956264366089,4795.733894187412,4976.178461452185,4790.0,1.7619765862990735,0.0,81.0,129.0,16.0,87.0
2026-11-01,Morocco,Niger,African Cup qualifier,Morocco,False,5308.0,4892.0,0.4167598505623647,25.0,91.0,5092.661556435826,4937.986712573785,4954.897181908457,4806.354096925588,2.2554376309340904,0.0,29.0,73.0,23.0,74.0
2026-11-01,Mozambique,Ethiopia,African Cup qualifier,Mozambique,False,4793.0,4741.0,-0.11468484099268525,120.0,128.5,4879.359996084962,4858.0,4663.8362820049,4673.0,2.0004152947673037,1.2155938838414306,93.0,100.0,131.0,128.0
2026-11-01,Nigeria,Tanzania,African Cup qualifier,Nigeria,False,5236.0,4825.0,0.40971865343464153,32.0,107.5,5118.112891746249,4785.759447541524,4902.647567164148,4795.261313563078,2.376994651926474,0.0,24.0,134.0,40.0,83.0
2026-11-01,Senegal,Sudan,African Cup qualifier,Senegal,False,5330.0,4820.0,0.5471781700694228,21.0,111.5,5173.725891230357,4831.245447832979,4940.562088053241,4818.799231348734,2.4862602697531715,0.0,17.0,116.0,30.0,71.0
2026-11-01,South Africa,Kenya,African Cup qualifier,South Africa,False,4979.0,4811.0,0.05773857422939231,75.0,114.5,4878.489845373445,4876.604863971579,4754.989094416549,4696.37330256233,1.9260443622200498,0.0,94.0,97.0,101.0,122.0
2026-11-01,Tunisia,Libya,African Cup qualifier,Tunisia,False,5120.0,4879.0,0.1651650260979071,58.0,94.0,4977.40623124516,4831.8661150020525,4894.133187155891,4795.815781160781,1.9244457835759634,0.0,64.0,115.0,43.0,82.0
2026-11-01,Uganda,Botswana,African Cup qualifier,Uganda,False,4842.0,4693.0,0.029613020805673688,101.0,135.0,4847.676676852353,4754.3773560060745,4736.096074128144,4670.33464101955,1.9115604304989924,0.0,104.0,144.0,105.0,129.0
2026-11-12,San Marino,Belarus,European League C,San Marino,False,4258.0,4981.0,-1.2111980433547485,179.0,74.0,4552.434414303979,4923.293415174665,4281.88552570266,4848.722213131486,0.0,2.5363792447034523,184.0,78.0,188.0,56.0
2026-11-12,Montenegro,Latvia,European League C,Montenegro,False,4907.0,4792.0,-0.02084969326083846,86.0,121.0,4905.651014726267,4742.954808608867,4645.636769268263,4721.146404920229,1.9333088852696296,0.0,85.0,150.0,135.0,111.0
2026-11-12,Armenia,Cyprus,European League C,Armenia,False,4789.0,4797.0,-0.20425330548544496,123.0,117.0,4907.3619677994775,4877.291493433207,4578.705250567842,4580.181949074781,2.391599335331486,1.4818147871224185,84.0,95.0,150.0,149.0
2026-11-12,Albania,Finland,European League C,Albania,False,5141.0,5030.0,-0.026796228692007665,52.0,69.0,4928.920758086064,4986.500846210422,4931.775132298557,4756.709644127159,1.8960549797494597,0.0,74.0,57.0,31.0,99.0
2026-11-12,Turkey,Belgium,European League A,Turkey,False,5382.0,5460.0,-0.30869661839007373,18.0,11.0,5175.307877058622,5257.961342022136,4919.470055718792,4964.88346801316,2.0130186274673876,1.590357084897421,16.0,9.0,35.0,18.0
2026-11-12,Italy,France,European League A,Italy,False,5379.0,5569.0,-0.4748426636942978,19.0,3.0,5160.18204684544,5283.206289146183,4924.318434043129,5059.325232878433,1.6868414014930166,1.6472865693088896,18.0,5.0,34.0,5.0
2026-11-12,England,Croatia,European League A,England,False,5562.0,5422.0,0.01627076765061771,5.0,15.0,5200.341845006214,5187.617693732778,5062.068477472916,4975.988907622726,2.056503624757503,0.0,14.0,15.0,4.0,17.0
2026-11-12,Czechia,Spain,European League A,Czechia,False,5223.0,5703.0,-0.8905911949444618,36.0,1.0,5062.051967633924,5396.151252082147,4847.626452594697,5058.0,1.422182246017734,2.2234278968516468,34.0,1.0,57.0,6.0
2026-11-13,Moldova,Kazakhstan,European League C,Moldova,False,4682.0,4901.0,-0.5175242104666627,142.0,87.0,4779.962662518841,4840.737001977539,4563.731891803655,4720.13198373488,1.5719789131375108,1.424680249436938,136.0,107.0,155.0,112.0
2026-11-13,Liechtenstein,Azerbaijan,European League D,Liechtenstein,False,4336.0,4810.0,-0.8823018517414556,173.0,116.0,4546.906124630514,4833.087590300036,4345.662931127416,4636.943187933642,1.1861733486246715,2.0285770810682653,186.0,113.0,180.0,138.0
2026-11-13,Netherlands,Greece,European League A,Netherlands,False,5538.0,5300.0,0.16077313692223974,7.0,26.0,5308.407899521982,5105.929529291775,4957.282140629241,4940.638292021662,2.530684637843959,1.1076365960510017,2.0,28.0,20.0,29.0
2026-11-13,Serbia,Germany,European League A,Serbia,False,5188.0,5541.0,-0.7119644139276744,44.0,6.0,5001.255279028945,5290.579243668319,4902.946559704801,4925.054489185406,1.6173352727589216,1.729181278658605,51.0,4.0,39.0,33.0
2026-11-13,Scotland,North Macedonia,European League B,Scotland,False,5285.0,5027.0,0.19001042305120291,27.0,70.0,5091.594632901776,4913.0,4889.094487925839,4843.713010883385,2.130993990689705,0.0,30.0,82.0,47.0,58.0
2026-11-13,Slovenia,Switzerland,European League B,Slovenia,False,5181.0,5447.0,-0.5862921849286827,45.0,12.0,4945.363230731737,5224.0067944393,4982.113254843018,4978.57546469998,1.326203688991939,1.334077508709479,70.0,11.0,13.0,15.0
2026-11-13,Bulgaria,Iceland,European League C,Bulgaria,False,4949.0,5106.0,-0.42607784537534105,81.0,59.0,4924.793668544161,5114.214564271475,4704.980087935442,4793.836404842501,1.7736364117830086,1.792005542675314,77.0,26.0,117.0,86.0
2026-11-13,Luxembourg,Estonia,European League C,Luxembourg,False,4931.0,4814.0,-0.01787713017336155,84.0,113.0,4821.644911558217,4827.62669743767,4776.059968085998,4644.418588273414,1.9112100698696568,0.0,122.0,118.0,90.0,136.0
2026-11-13,Slovakia,Faroe Islands,European League C,Slovakia,False,5138.0,4926.0,0.12262253195596276,53.0,85.0,4979.7777814582005,4812.688802694778,4879.706413285501,4795.051282051282,1.9339845557163806,0.0,63.0,125.0,50.0,84.0
2026-11-13,Andorra,Gibraltar,European League D,Andorra,False,4683.0,4445.0,0.16077313692223974,140.5,168.0,4563.425671602562,4584.853595079771,4687.277213441739,4441.045191391133,1.7486878831085344,0.0,180.0,176.0,125.0,169.0
2026-11-14,Romania,Poland,European League B,Romania,False,5149.0,5206.0,-0.27738893348344723,51.0,38.0,4987.713876569571,5047.8607576294135,4794.989741655629,4818.910540308807,1.8857909899487406,1.3620907453834328,56.0,40.0,85.0,70.0
2026-11-14,Northern Ireland,Ukraine,European League B,Northern Ireland,False,5121.0,5240.0,-0.369710336957089,56.5,31.0,4990.948717948718,5119.772676930319,4901.239225135459,4928.417234874056,1.579418451722926,1.2754146045276225,55.0,23.0,41.0,32.0
2026-11-14,Kosovo,Israel,European League B,Kosovo,False,5202.0,5126.0,-0.07889907277090417,39.0,54.0,5024.685631127988,5116.545992706753,4877.129186037852,4772.562626904567,2.1445600197191115,1.3277966018202536,48.0,25.0,51.0,93.0
2026-11-14,Georgia,Hungary,European League B,Georgia,False,5172.0,5180.0,-0.20425330548544496,48.5,46.0,5042.901264759193,4981.419814969892,4817.812400948583,4880.883735280226,1.865433888633455,1.142576820691284,43.0,61.0,72.0,49.0
2026-11-14,Portugal,Denmark,European League A,Portugal,False,5564.0,5423.0,0.017753827100994917,4.0,14.0,5282.943306416984,5223.231504728055,5013.000119798976,4948.975687742103,2.4145897427236647,1.2548773473489525,6.0,12.0,10.0,26.0
2026-11-14,Norway,Wales,European League A,Norway,False,5534.0,5201.0,0.29866856201306846,8.0,40.0,5265.988882611099,4980.5710444702,4953.669755319283,4832.102564102564,2.7654797694953888,0.0,8.0,62.0,24.0,61.0
2026-11-14,Austria,Ireland,European League B,Austria,False,5369.0,5175.0,0.09612458242827723,20.0,47.0,5135.522087484398,4943.403634397608,4956.051282051282,4873.767758413671,2.1755223101822763,0.0,21.0,71.0,21.0,52.0
2026-11-15,Croatia,Czechia,European League A,Croatia,False,5422.0,5223.0,0.10349177110580632,15.0,36.0,5187.617693732778,5062.051967633924,4975.988907622726,4847.626452594697,2.4350826842812037,0.0,15.0,34.0,17.0,57.0
2026-11-15,Finland,San Marino,European League C,Finland,False,5030.0,4258.0,0.8872437154625049,69.0,179.0,4986.500846210422,4552.434414303979,4756.709644127159,4281.88552570266,3.83302963654356,0.0,57.0,184.0,99.0,188.0
2026-11-15,Belgium,Italy,European League A,Belgium,False,5460.0,5379.0,-0.07144891179248981,11.0,19.0,5257.961342022136,5160.18204684544,4964.88346801316,4924.318434043129,2.4134874555094346,1.218348392236978,9.0,18.0,18.0,34.0
2026-11-15,France,Turkey,European League A,France,False,5569.0,5382.0,0.08580227054432146,3.0,18.0,5283.206289146183,5175.307877058622,5059.325232878433,4919.470055718792,2.5166914986195112,0.0,5.0,16.0,5.0,35.0
2026-11-15,Latvia,Armenia,European League C,Latvia,False,4792.0,4789.0,-0.1878280589487798,121.0,123.0,4742.954808608867,4907.3619677994775,4721.146404920229,4578.705250567842,1.8721179253421412,1.1963878988811607,150.0,84.0,111.0,150.0
2026-11-15,Belarus,Albania,European League C,,True,4981.0,5141.0,-0.23821107382987572,74.0,52.0,4923.293415174665,4928.920758086064,4848.722213131486,4931.775132298557,0.0,1.2696221192502826,78.0,74.0,56.0,31.0
2026-11-15,Cyprus,Montenegro,European League C,Cyprus,False,4797.0,4907.0,-0.35633223439215433,117.0,86.0,4877.291493433207,4905.651014726267,4580.181949074781,4645.636769268263,2.079481705575693,1.554523435721054,95.0,85.0,149.0,135.0
2026-11-15,Spain,England,European League A,Spain,False,5703.0,5562.0,0.017753827100994917,1.0,5.0,5396.151252082147,5200.341845006214,5058.0,5062.068477472916,2.414980718887845,1.0930687947340756,1.0,14.0,6.0,4.0
2026-11-16,Germany,Netherlands,European League A,Germany,False,5541.0,5538.0,-0.1878280589487798,6.0,7.0,5290.579243668319,5308.407899521982,4925.054489185406,4957.282140629241,2.4123138312654326,1.7168662477181833,4.0,2.0,33.0,20.0
2026-11-16,Greece,Serbia,European League A,Greece,False,5300.0,5188.0,-0.025309421214623925,26.0,44.0,5105.929529291775,5001.255279028945,4940.638292021662,4902.946559704801,1.9899729689563763,0.0,28.0,51.0,29.0,39.0
2026-11-16,Switzerland,Scotland,European League B,Switzerland,False,5447.0,5285.0,0.04886318002570571,12.0,27.0,5224.0067944393,5091.594632901776,4978.57546469998,4889.094487925839,2.417798052622782,0.0,11.0,30.0,15.0,47.0
2026-11-16,Estonia,Bulgaria,European League C,Estonia,False,4814.0,4949.0,-0.3934687245801133,113.0,81.0,4827.62669743767,4924.793668544161,4644.418588273414,4704.980087935442,1.7494594093730116,1.433529508954906,118.0,77.0,136.0,117.0
2026-11-16,Faroe Islands,Moldova,European League C,Faroe Islands,False,4926.0,4682.0,0.16955473295749343,85.0,142.0,4812.688802694778,4779.962662518841,4795.051282051282,4563.731891803655,2.1344293040931466,0.0,125.0,136.0,84.0,155.0
2026-11-16,Iceland,Luxembourg,European League C,Iceland,False,5106.0,4931.0,0.06808538877348594,59.0,84.0,5114.214564271475,4821.644911558217,4793.836404842501,4776.059968085998,2.428825252782185,0.0,26.0,122.0,86.0,90.0
2026-11-16,Kazakhstan,Slovakia,European League C,Kazakhstan,False,4901.0,5138.0,-0.5439240779684951,87.0,53.0,4840.737001977539,4979.7777814582005,4720.13198373488,4879.706413285501,1.3116683647877911,1.3795214562927753,107.0,63.0,112.0,50.0
2026-11-16,Gibraltar,Malta,European League D,Gibraltar,False,4445.0,4689.0,-0.5541701175728786,168.0,137.0,4584.853595079771,4734.940031914002,4441.045191391133,4569.355088441783,1.452323346959847,1.4693010380164355,176.0,154.0,169.0,152.0
2026-11-16,North Macedonia,Slovenia,European League B,North Macedonia,False,5027.0,5181.0,-0.42163548095631415,70.0,45.0,4913.0,4945.363230731737,4843.713010883385,4982.113254843018,1.236844679697576,0.0,82.0,70.0,58.0,13.0
2026-11-16,Lithuania,Liechtenstein,European League D,Lithuania,False,4822.0,4336.0,0.5142490733709251,110.0,173.0,4753.534040176839,4546.906124630514,4701.392831000111,4345.662931127416,2.671876723233977,0.0,146.0,186.0,118.0,180.0
2026-11-17,Denmark,Norway,European League A,Denmark,False,5423.0,5534.0,-0.3578191559233772,14.0,8.0,5223.231504728055,5265.988882611099,4948.975687742103,4953.669755319283,2.200780716570508,1.5314693776464685,12.0,8.0,26.0,24.0
2026-11-17,Wales,Portugal,European League A,Wales,False,5201.0,5564.0,-0.7262534007364301,40.0,4.0,4980.5710444702,5282.943306416984,4832.102564102564,5013.000119798976,1.3281870160143057,1.9161011360350715,62.0,6.0,61.0,10.0
2026-11-17,Hungary,Northern Ireland,European League B,Hungary,False,5180.0,5121.0,-0.10424349968003764,46.0,56.5,4981.419814969892,4990.948717948718,4880.883735280226,4901.239225135459,1.6284575015691416,0.0,61.0,55.0,49.0,41.0
2026-11-17,Ireland,Kosovo,European League B,Ireland,False,5175.0,5202.0,-0.23262104477671236,47.0,39.0,4943.403634397608,5024.685631127988,4873.767758413671,4877.129186037852,1.5897571307858682,1.11290526254015,71.0,48.0,52.0,51.0
2026-11-17,Israel,Austria,European League B,,True,5126.0,5369.0,-0.3603994337120323,54.0,20.0,5116.545992706753,5135.522087484398,4772.562626904567,4956.051282051282,1.4762294563887528,2.064691771270199,25.0,21.0,93.0,21.0
2026-11-17,Poland,Sweden,European League B,Poland,False,5206.0,5252.0,-0.2609787160826682,38.0,29.0,5047.8607576294135,5157.942306308584,4818.910540308807,4798.4005935642,2.1360380192646717,1.5918529838985618,40.0,20.0,70.0,78.0
2026-11-17,Ukraine,Georgia,European League B,,True,5240.0,5172.0,0.10148434232833861,31.0,48.5,5119.772676930319,5042.901264759193,4928.417234874056,4817.812400948583,1.877248770632193,1.3559751780466804,23.0,43.0,32.0,72.0
2027-01-07,Saudi Arabia,Palestine,Asian Cup,Saudi Arabia,False,4967.0,4853.0,-0.02233615248382481,77.0,99.0,4832.102985728032,4857.632652274276,4830.123064783428,4774.910859178869,1.564727466573647,0.0,114.0,101.0,62.0,92.0
2027-01-08,Kuwait,Oman,Asian Cup,Saudi Arabia,True,4744.0,4837.0,-0.13873041149823015,127.0,102.5,4803.0,4757.0,4616.0,4776.0,1.1411478102783434,1.42466685092828,127.0,142.0,142.0,91.0
2027-01-08,Uzbekistan,Jordan,Asian Cup,Saudi Arabia,True,5121.0,5082.0,0.0582250799031812,56.5,64.0,4910.721313694908,5043.923659954529,4885.382766315711,4763.613348999766,1.4407255415133915,1.4710212204023798,83.0,42.0,48.0,96.0
2027-01-08,Bahrain,North Korea,Asian Cup,Saudi Arabia,True,4790.0,4773.0,0.025383769264614164,122.0,124.0,4732.0,4877.0,4740.0,4701.0,1.1505743721654498,1.4141980708905033,155.0,96.0,103.5,120.0
2027-01-09,Australia,Singapore,Asian Cup,Saudi Arabia,True,5253.0,4403.0,1.1730666299677173,28.0,171.0,5060.680231243796,4645.117975800975,4942.734611473168,4378.0,3.1895529056667975,0.0,36.0,170.0,28.0,174.0
2027-01-09,Iran,China,Asian Cup,Saudi Arabia,True,5232.0,4825.0,0.5963863057206529,33.0,107.5,5111.25190008238,4792.880815619606,4912.308984490444,4707.93648581312,2.1934987860749855,0.0,27.0,130.0,37.0,116.0
2027-01-09,Syria,Kyrgyzstan,Asian Cup,Saudi Arabia,True,4900.0,4683.0,0.3222786693802725,88.0,140.5,4941.790346746136,4822.451857753301,4701.29080282104,4569.356917113276,2.0945875678345263,1.3731159010401648,72.0,121.0,119.0,151.0
2027-01-10,Tajikistan,Iraq,Asian Cup,Saudi Arabia,True,4637.0,4963.0,-0.48090682358684894,150.0,79.0,4724.517371197702,4838.853692746152,4603.051282051282,4822.746051462927,0.0,1.6838396894707253,158.0,110.0,145.0,67.0
2027-01-10,United Arab Emirates,Vietnam,Asian Cup,Saudi Arabia,True,4941.0,4664.0,0.40999785823306806,83.0,146.0,4843.269422481675,4742.082057858241,4766.4284008089735,4556.403629592879,1.832214300945877,0.0,106.0,151.0,95.0,157.0
2027-01-11,Japan,Indonesia,Asian Cup,Saudi Arabia,True,5437.0,4684.0,1.0562015764041974,13.0,139.0,5204.428261404951,4747.777086030907,4978.935748681081,4602.232036368249,2.88392806283665,0.0,13.0,148.0,14.0,147.0
2027-01-11,Qatar,Thailand,Asian Cup,Saudi Arabia,True,4861.0,4741.0,0.178888503158106,97.0,128.5,4849.0,4828.430920196644,4611.657819954919,4517.894475568431,1.9657186617756763,1.63011656563001,103.0,117.0,143.0,159.0
2027-01-12,Palestine,Kuwait,Asian Cup,Saudi Arabia,True,4853.0,4744.0,0.16253750751540533,99.0,127.0,4857.632652274276,4803.0,4774.910859178869,4616.0,1.7004702138902512,1.1437107604588697,101.0,127.0,92.0,142.0
2027-01-12,Saudi Arabia,Oman,Asian Cup,Saudi Arabia,False,4967.0,4837.0,0.0014324538595121411,77.0,102.5,4832.102985728032,4757.0,4830.123064783428,4776.0,1.5617390050444695,0.0,114.0,142.0,62.0,91.0
2027-01-13,North Korea,Uzbekistan,Asian Cup,Saudi Arabia,True,4773.0,5121.0,-0.5124992535862163,124.0,56.5,4877.0,4910.721313694908,4701.0,4885.382766315711,0.0,1.6104248310034028,96.0,83.0,120.0,48.0
2027-01-13,Jordan,Bahrain,Asian Cup,Saudi Arabia,True,5082.0,4790.0,0.43178014178486307,64.0,122.0,5043.923659954529,4732.0,4763.613348999766,4740.0,1.8831458973517345,0.0,42.0,155.0,96.0,103.5
2027-01-13,Kyrgyzstan,Iran,Asian Cup,Saudi Arabia,True,4683.0,5232.0,-0.7924161114301937,140.5,33.0,4822.451857753301,5111.25190008238,4569.356917113276,4912.308984490444,0.0,2.664831115216133,121.0,27.0,151.0,37.0
2027-01-14,Iraq,Australia,Asian Cup,Saudi Arabia,True,4963.0,5253.0,-0.4288795417302943,79.0,28.0,4838.853692746152,5060.680231243796,4822.746051462927,4942.734611473168,0.0,1.6899111887701848,110.0,36.0,67.0,28.0
2027-01-14,Singapore,Tajikistan,Asian Cup,Saudi Arabia,True,4403.0,4637.0,-0.34722162678997,171.0,150.0,4645.117975800975,4724.517371197702,4378.0,4603.051282051282,1.1768524689577518,2.0133073471948926,170.0,158.0,174.0,145.0
2027-01-14,China,Syria,Asian Cup,Saudi Arabia,True,4825.0,4900.0,-0.11191834826127317,107.5,88.0,4792.880815619606,4941.790346746136,4707.93648581312,4701.29080282104,1.2980044877890433,1.6782993812206406,130.0,72.0,116.0,119.0
2027-01-15,Vietnam,South Korea,Asian Cup,Saudi Arabia,True,4664.0,5197.0,-0.7707899384297338,146.0,41.0,4742.082057858241,5057.752823571556,4556.403629592879,4893.846401894797,0.0,2.5222828445321763,151.0,37.0,157.0,44.0
2027-01-16,Indonesia,Qatar,Asian Cup,Saudi Arabia,True,4684.0,4861.0,-0.26334772391557126,139.0,97.0,4747.777086030907,4849.0,4602.232036368249,4611.657819954919,1.4118980987631273,1.7151847830317184,148.0,103.0,147.0,143.0
2027-01-16,Thailand,Japan,Asian Cup,Saudi Arabia,True,4741.0,5437.0,-0.9848547974085808,128.5,13.0,4828.430920196644,5204.428261404951,4517.894475568431,4978.935748681081,0.0,3.2045641823442614,117.0,13.0,159.0,14.0
2027-01-17,Oman,Palestine,Asian Cup,Saudi Arabia,True,4837.0,4853.0,-0.023890697295971187,102.5,99.0,4757.0,4857.632652274276,4776.0,4774.910859178869,0.0,1.273178352305937,142.0,101.0,91.0,92.0
2027-01-17,Saudi Arabia,Kuwait,Asian Cup,Saudi Arabia,False,4967.0,4744.0,0.1387818592542239,77.0,127.0,4832.102985728032,4803.0,4830.123064783428,4616.0,2.0306922372927927,0.0,114.0,127.0,62.0,142.0
2027-01-18,Uzbekistan,Bahrain,Asian Cup,Saudi Arabia,True,5121.0,4790.0,0.4881008961670283,56.5,122.0,4910.721313694908,4732.0,4885.382766315711,4740.0,1.503637306669028,0.0,83.0,155.0,48.0,103.5
2027-01-18,North Korea,Jordan,Asian Cup,Saudi Arabia,True,4773.0,5082.0,-0.4563876434164137,124.0,64.0,4877.0,5043.923659954529,4701.0,4763.613348999766,1.353168166199814,2.0021608437068448,96.0,42.0,120.0,96.0
2027-01-18,Iran,Syria,Asian Cup,Saudi Arabia,True,5232.0,4900.0,0.48953873833469225,33.0,88.0,5111.25190008238,4941.790346746136,4912.308984490444,4701.29080282104,2.21507629813893,1.1469910161577028,27.0,72.0,37.0,119.0
2027-01-18,Kyrgyzstan,China,Asian Cup,Saudi Arabia,True,4683.0,4825.0,-0.2115444344832792,140.5,107.5,4822.451857753301,4792.880815619606,4569.356917113276,4707.93648581312,1.3560553904906907,1.6490776148153763,121.0,130.0,151.0,116.0
2027-01-19,Australia,Tajikistan,Asian Cup,Saudi Arabia,True,5253.0,4637.0,0.8815693183425234,28.0,150.0,5060.680231243796,4724.517371197702,4942.734611473168,4603.051282051282,2.372877289981208,0.0,36.0,158.0,28.0,145.0
2027-01-19,Iraq,Singapore,Asian Cup,Saudi Arabia,True,4963.0,4403.0,0.807210772031455,79.0,171.0,4838.853692746152,4645.117975800975,4822.746051462927,4378.0,2.383744582935283,0.0,110.0,170.0,67.0,174.0
2027-01-20,South Korea,United Arab Emirates,Asian Cup,Saudi Arabia,True,5197.0,4941.0,0.37939891646520185,41.0,83.0,5057.752823571556,4843.269422481675,4893.846401894797,4766.4284008089735,1.84546090724325,0.0,37.0,106.0,44.0,95.0
2027-01-20,Thailand,Indonesia,Asian Cup,Saudi Arabia,True,4741.0,4684.0,0.08508124117575491,128.5,139.0,4828.430920196644,4747.777086030907,4517.894475568431,4602.232036368249,1.6566205866886372,1.6670356202311911,117.0,148.0,159.0,147.0
2027-01-20,Japan,Qatar,Asian Cup,Saudi Arabia,True,5437.0,4861.0,0.8286215883157373,13.0,97.0,5204.428261404951,4849.0,4978.935748681081,4611.657819954919,2.849121742861264,0.0,13.0,103.0,14.0,143.0
2027-03-01,Ivory Coast,Somalia,African Cup qualifier,Ivory Coast,False,5172.0,4512.0,0.7465115763751226,48.5,161.0,5031.983783509021,4716.795260130788,4945.8928543634265,4648.006006498617,2.5872993925348458,0.0,47.0,161.0,27.0,134.0
2027-03-01,Libya,Uganda,African Cup qualifier,Libya,False,4879.0,4842.0,-0.13706754571771368,94.0,101.0,4831.8661150020525,4847.676676852353,4795.815781160781,4736.096074128144,1.6723843556368463,0.0,115.0,104.0,82.0,105.0
2027-03-01,Kenya,Guinea,African Cup qualifier,Kenya,False,4811.0,4966.0,-0.42311642783771686,114.5,78.0,4876.604863971579,4921.887739373051,4696.37330256233,4860.358995448337,1.4543020715823378,1.29281019739885,97.0,79.0,122.0,55.0
2027-03-01,Togo,Zambia,African Cup qualifier,Togo,False,4824.0,4833.0,-0.2057464807823811,109.0,104.0,4833.917048290373,4898.971071852581,4756.631827753869,4700.556632047523,1.780657852830238,1.0930628053062372,112.0,87.0,100.0,121.0
2027-03-01,Egypt,South Sudan,African Cup qualifier,Egypt,False,5169.0,4566.0,0.6721459312975765,50.0,159.0,4945.664786484963,4729.217025238954,4999.4234632829,4605.051282051282,2.43720451775119,0.0,69.0,157.0,12.0,144.0
2027-03-01,DR Congo,Zimbabwe,African Cup qualifier,DR Congo,False,5099.0,4884.0,0.12703225055334977,61.0,92.0,4925.325226655104,4880.151925694041,4955.521704722478,4833.909570775371,1.6600572412208425,0.0,76.0,92.0,22.0,59.0
2027-03-01,Cameroon,Congo,African Cup qualifier,Cameroon,False,5070.0,4658.0,0.411127682485185,65.0,147.0,4967.325589289149,4791.0,4905.673772511358,4599.0,2.5326165069689077,0.0,68.0,132.5,38.0,148.0
2027-03-01,Malawi,Angola,African Cup qualifier,Malawi,False,4690.0,5016.0,-0.6732145158945412,136.0,71.5,4731.0,4968.4172775045845,4767.000105360554,4821.277848650073,1.1855962800883977,1.2332519122860344,156.0,67.0,94.0,68.0
2027-03-01,Gambia,Ghana,African Cup qualifier,Gambia,False,4942.0,5045.0,-0.3459206755493488,82.0,67.0,5052.123928170142,5006.897435897436,4715.681790696935,4832.93555883747,2.0403266963516216,1.462177928406271,39.0,49.0,113.0,60.0
2027-03-01,Mali,Liberia,African Cup qualifier,Mali,False,5124.0,4725.0,0.3927798684320635,55.0,133.0,4916.956264366089,4823.641879278755,4976.178461452185,4667.224142863997,2.136907614177722,0.0,81.0,119.0,16.0,130.0
2027-03-01,Sierra Leone,Equatorial Guinea,African Cup qualifier,Sierra Leone,False,4811.0,4826.0,-0.2147053011031342,114.5,106.0,4840.108094117641,4799.206002024414,4763.198482560519,4784.632972269639,1.560017499319201,0.0,109.0,128.0,98.0,88.0
2027-03-01,Morocco,Lesotho,African Cup qualifier,Morocco,False,5308.0,4579.0,0.8340878716181742,25.0,157.0,5092.661556435826,4735.524582254376,4954.897181908457,4692.051282051282,2.6460339770036705,0.0,29.0,153.0,23.0,124.0
2027-03-01,Namibia,Comoros,African Cup qualifier,Namibia,False,4756.0,4860.0,-0.34740836699208566,125.0,98.0,4813.8701743768925,4852.532609782734,4763.4515405725415,4827.839354412483,1.3753564551361759,0.0,124.0,102.0,97.0,64.0
2027-03-01,Niger,Gabon,African Cup qualifier,Niger,False,4892.0,4867.0,-0.1549800663879693,91.0,95.0,4937.986712573785,4983.459074524769,4806.354096925588,4674.006188214345,2.182709896721634,1.1745573229485473,73.0,59.0,74.0,127.0
2027-03-01,Nigeria,Guinea-Bissau,African Cup qualifier,Nigeria,False,5236.0,4736.0,0.533489930674268,32.0,130.0,5118.112891746249,4717.948717948718,4902.647567164148,4734.562719733533,2.5857978996289526,0.0,24.0,160.0,40.0,106.0
2027-03-01,Rwanda,Cape Verde,African Cup qualifier,Rwanda,False,4844.0,5016.0,-0.4482674743150957,100.0,71.5,4795.733894187412,4973.883212310751,4790.0,4866.260302438317,1.233389750727526,1.1907804222522729,129.0,65.0,87.0,53.0
2027-03-01,Senegal,Ethiopia,African Cup qualifier,Senegal,False,5330.0,4741.0,0.6536137309969223,21.0,128.5,5173.725891230357,4858.0,4940.562088053241,4673.0,3.01320231708319,0.0,17.0,100.0,30.0,128.0
2027-03-01,Burkina Faso,Central African Republic,African Cup qualifier,Burkina Faso,False,5037.0,4677.0,0.33735498921602713,68.0,144.0,5039.945007993004,4881.0,4802.402820042363,4621.0,2.7115277826325808,0.0,44.0,91.0,75.0,141.0
2027-03-01,South Africa,Eritrea,African Cup qualifier,South Africa,False,4979.0,4638.0,0.31015684152407796,75.0,149.0,4878.489845373445,4777.732104670704,4754.989094416549,4663.360759445503,2.027655763011629,0.0,94.0,137.0,101.0,132.0
2027-03-01,Sudan,Mozambique,African Cup qualifier,Sudan,False,4820.0,4793.0,-0.15199433983867225,111.5,120.0,4831.245447832979,4879.359996084962,4818.799231348734,4663.8362820049,1.881599711340366,0.0,116.0,93.0,71.0,131.0
2027-03-01,Tanzania,Madagascar,African Cup qualifier,Tanzania,False,4825.0,4837.0,-0.21022594674065417,107.5,102.5,4785.759447541524,4921.820841803025,4795.261313563078,4733.204698183182,1.5520225120558517,0.0,134.0,80.0,83.0,108.0
2027-03-01,Mauritania,Benin,African Cup qualifier,Mauritania,False,4794.0,4882.0,-0.32359316466467103,119.0,93.0,4766.948717948718,4892.748076536696,4810.987341156286,4825.464886785152,1.2629036384605956,0.0,140.0,88.0,73.0,66.0
2027-03-01,Algeria,Burundi,African Cup qualifier,Algeria,False,5231.0,4820.0,0.40971865343464153,34.0,111.5,5158.648430253192,4844.063611771229,4892.152154157514,4729.269040162342,2.7491507436577725,0.0,19.0,105.0,45.0,110.0
2027-03-01,Liberia,Rwanda,African Cup qualifier,Liberia,False,4725.0,4844.0,-0.369710336957089,133.0,100.0,4823.641879278755,4795.733894187412,4667.224142863997,4790.0,1.500732707229788,0.0,119.0,129.0,130.0,87.0
2027-03-01,Zambia,Algeria,African Cup qualifier,Zambia,False,4833.0,5231.0,-0.7759811760352178,104.0,34.0,4898.971071852581,5158.648430253192,4700.556632047523,4892.152154157514,1.429439820973894,1.938144537571534,87.0,19.0,121.0,45.0
2027-03-01,Angola,Egypt,African Cup qualifier,Angola,False,5016.0,5169.0,-0.420154376665868,71.5,50.0,4968.4172775045845,4945.664786484963,4821.277848650073,4999.4234632829,1.3317941580377897,0.0,67.0,69.0,68.0,12.0
2027-03-01,Benin,Burkina Faso,African Cup qualifier,Benin,False,4882.0,5037.0,-0.42311642783771686,93.0,68.0,4892.748076536696,5039.945007993004,4825.464886785152,4802.402820042363,1.657033817498169,1.2653672683379544,88.0,44.0,66.0,75.0
2027-03-01,Botswana,Libya,African Cup qualifier,Botswana,False,4693.0,4879.0,-0.4689422706962034,135.0,94.0,4754.3773560060745,4831.8661150020525,4670.33464101955,4795.815781160781,1.3054588096705961,1.1376965551049698,144.0,115.0,129.0,82.0
2027-03-01,Burundi,Togo,African Cup qualifier,Burundi,False,4820.0,4824.0,-0.19828053196388845,111.5,109.0,4844.063611771229,4833.917048290373,4729.269040162342,4756.631827753869,1.6488181690169905,0.0,105.0,112.0,110.0,100.0
2027-03-01,Cape Verde,Mali,African Cup qualifier,Cape Verde,False,5016.0,5124.0,-0.3533580532325221,71.5,55.0,4973.883212310751,4916.956264366089,4866.260302438317,4976.178461452185,1.4056021732519914,0.0,65.0,81.0,53.0,16.0
2027-03-01,Central African Republic,Mauritania,African Cup qualifier,Central African Republic,False,4677.0,4794.0,-0.3667382544420228,144.0,119.0,4881.0,4766.948717948718,4621.0,4810.987341156286,1.6001156504393874,1.1013902494508152,91.0,140.0,141.0,73.0
2027-03-01,Comoros,Cameroon,African Cup qualifier,Comoros,False,4860.0,5070.0,-0.5042970296061001,98.0,65.0,4852.532609782734,4967.325589289149,4827.839354412483,4905.673772511358,1.276222852814697,1.0865025120945297,102.0,68.0,64.0,38.0
2027-03-01,Congo,Namibia,African Cup qualifier,Congo,False,4658.0,4756.0,-0.33848064994957555,147.0,125.0,4791.0,4813.8701743768925,4599.0,4763.4515405725415,1.4843878072353627,1.2663324338848658,132.5,124.0,148.0,97.0
2027-03-01,Equatorial Guinea,DR Congo,African Cup qualifier,Equatorial Guinea,False,4826.0,5099.0,-0.5964863120834463,106.0,61.0,4799.206002024414,4925.325226655104,4784.632972269639,4955.521704722478,0.0,1.0892733086655362,128.0,76.0,88.0,22.0
2027-03-01,Eritrea,Kenya,African Cup qualifier,Eritrea,False,4638.0,4811.0,-0.4497454173285428,149.0,114.5,4777.732104670704,4876.604863971579,4663.360759445503,4696.37330256233,1.6317573786137127,1.2623111925107109,137.0,97.0,132.0,122.0
2027-03-01,Ethiopia,Sudan,African Cup qualifier,Ethiopia,False,4741.0,4820.0,-0.3101866516103341,128.5,111.5,4858.0,4831.245447832979,4673.0,4818.799231348734,1.5157202538573455,1.1299924515248687,100.0,116.0,128.0,71.0
2027-03-01,Gabon,Morocco,African Cup qualifier,Gabon,False,4867.0,5308.0,-0.8364302602393903,95.0,25.0,4983.459074524769,5092.661556435826,4674.006188214345,4954.897181908457,1.4871001474567582,1.8197480251878841,59.0,29.0,127.0,23.0
2027-03-01,Ghana,Ivory Coast,African Cup qualifier,Ghana,False,5045.0,5172.0,-0.3815936992008756,67.0,48.5,5006.897435897436,5031.983783509021,4832.93555883747,4945.8928543634265,1.5752103897364043,1.2274711589656928,49.0,47.0,60.0,27.0
2027-03-01,Guinea-Bissau,Tanzania,African Cup qualifier,Guinea-Bissau,False,4736.0,4825.0,-0.32508233780489854,130.0,107.5,4717.948717948718,4785.759447541524,4734.562719733533,4795.261313563078,1.2168645840884729,0.0,160.0,134.0,106.0,83.0
2027-03-01,Guinea,South Africa,African Cup qualifier,Guinea,False,4966.0,4979.0,-0.2117190786385456,78.0,75.0,4921.887739373051,4878.489845373445,4860.358995448337,4754.989094416549,1.8800660808516094,0.0,79.0,94.0,55.0,101.0
2027-03-01,Lesotho,Niger,African Cup qualifier,Lesotho,False,4579.0,4892.0,-0.6544726646556301,157.0,91.0,4735.524582254376,4937.986712573785,4692.051282051282,4806.354096925588,1.232649321640499,1.3443587771515249,153.0,73.0,124.0,74.0
2027-03-01,Madagascar,Nigeria,African Cup qualifier,Madagascar,False,4837.0,5236.0,-0.7773952530474479,102.5,32.0,4921.820841803025,5118.112891746249,4733.204698183182,4902.647567164148,1.462065415045061,1.7213356664047643,80.0,24.0,108.0,40.0
2027-03-01,Mozambique,Senegal,African Cup qualifier,Mozambique,False,4793.0,5330.0,-0.9685159034861386,120.0,21.0,4879.359996084962,5173.725891230357,4663.8362820049,4940.562088053241,1.256273593683958,2.0992013107720693,93.0,17.0,131.0,30.0
2027-03-01,Somalia,Gambia,African Cup qualifier,Somalia,False,4512.0,4942.0,-0.8210374351509808,161.0,82.0,4716.795260130788,5052.123928170142,4648.006006498617,4715.681790696935,1.4144945213374018,1.77702588226001,161.0,39.0,134.0,113.0
2027-03-01,South Sudan,Malawi,African Cup qualifier,South Sudan,False,4566.0,4690.0,-0.3771383875405278,159.0,136.0,4729.217025238954,4731.0,4605.051282051282,4767.000105360554,1.3146571138224707,0.0,157.0,156.0,144.0,94.0
2027-03-01,Uganda,Tunisia,African Cup qualifier,Uganda,False,4842.0,5120.0,-0.6037596716417658,101.0,58.0,4847.676676852353,4977.40623124516,4736.096074128144,4894.133187155891,1.2928828341068028,1.3325967643670151,104.0,64.0,105.0,43.0
2027-03-01,Zimbabwe,Sierra Leone,African Cup qualifier,Zimbabwe,False,4884.0,4811.0,-0.0833701174767157,92.0,114.5,4880.151925694041,4840.108094117641,4833.909570775371,4763.198482560519,1.7329909078668955,0.0,92.0,109.0,59.0,98.0
2027-03-01,Tunisia,Botswana,African Cup qualifier,Tunisia,False,5120.0,4693.0,0.43221538646826285,58.0,135.0,4977.40623124516,4754.3773560060745,4894.133187155891,4670.33464101955,2.3241221724756636,0.0,64.0,144.0,43.0,129.0
