team_id,team,reference_team,tricode,flag,confederation,startDate,endDate,member,base,base_off,base_def,priority,points,points_off,points_def,ranking
567,Spain,Spain,ESP,spain_1.png,UEFA,1920-08-28,1931-04-13,1.0,5770.0,5360,5276,1.0,5703,5396.151252082147,5058.0,1
567,Spain,Spain,ESP,spain_1.png,UEFA,1920-08-28,1931-04-13,1.0,5770.0,5360,5276,1.0,5703,5396.151252082147,5058.0,2
567,Spain,Spain,ESP,spain_1.png,UEFA,1920-08-28,1931-04-13,1.0,5770.0,5360,5276,1.0,5703,5396.151252082147,5058.0,3
567,Spain,Spain,ESP,spain_1.png,UEFA,1920-08-28,1931-04-13,1.0,5770.0,5360,5276,1.0,5703,5396.151252082147,5058.0,4
567,Spain,Spain,ESP,spain_1.png,UEFA,1920-08-28,1931-04-13,1.0,5770.0,5360,5276,1.0,5703,5396.151252082147,5058.0,5
568,Spain,Spain,ESP,spain_2.png,UEFA,1931-04-14,1939-03-31,1.0,5770.0,5360,5276,2.0,5703,5396.151252082147,5058.0,6
568,Spain,Spain,ESP,spain_2.png,UEFA,1931-04-14,1939-03-31,1.0,5770.0,5360,5276,2.0,5703,5396.151252082147,5058.0,7
568,Spain,Spain,ESP,spain_2.png,UEFA,1931-04-14,1939-03-31,1.0,5770.0,5360,5276,2.0,5703,5396.151252082147,5058.0,8
568,Spain,Spain,ESP,spain_2.png,UEFA,1931-04-14,1939-03-31,1.0,5770.0,5360,5276,2.0,5703,5396.151252082147,5058.0,9
568,Spain,Spain,ESP,spain_2.png,UEFA,1931-04-14,1939-03-31,1.0,5770.0,5360,5276,2.0,5703,5396.151252082147,5058.0,10
569,Spain,Spain,ESP,spain_3.png,UEFA,1939-04-01,1975-11-21,1.0,5770.0,5360,5276,3.0,5703,5396.151252082147,5058.0,11
569,Spain,Spain,ESP,spain_3.png,UEFA,1939-04-01,1975-11-21,1.0,5770.0,5360,5276,3.0,5703,5396.151252082147,5058.0,12
569,Spain,Spain,ESP,spain_3.png,UEFA,1939-04-01,1975-11-21,1.0,5770.0,5360,5276,3.0,5703,5396.151252082147,5058.0,13
569,Spain,Spain,ESP,spain_3.png,UEFA,1939-04-01,1975-11-21,1.0,5770.0,5360,5276,3.0,5703,5396.151252082147,5058.0,14
569,Spain,Spain,ESP,spain_3.png,UEFA,1939-04-01,1975-11-21,1.0,5770.0,5360,5276,3.0,5703,5396.151252082147,5058.0,15
570,Spain,Spain,ESP,spain_4.png,UEFA,1975-11-22,1981-10-04,1.0,5770.0,5360,5276,4.0,5703,5396.151252082147,5058.0,16
570,Spain,Spain,ESP,spain_4.png,UEFA,1975-11-22,1981-10-04,1.0,5770.0,5360,5276,4.0,5703,5396.151252082147,5058.0,17
570,Spain,Spain,ESP,spain_4.png,UEFA,1975-11-22,1981-10-04,1.0,5770.0,5360,5276,4.0,5703,5396.151252082147,5058.0,18
570,Spain,Spain,ESP,spain_4.png,UEFA,1975-11-22,1981-10-04,1.0,5770.0,5360,5276,4.0,5703,5396.151252082147,5058.0,19
570,Spain,Spain,ESP,spain_4.png,UEFA,1975-11-22,1981-10-04,1.0,5770.0,5360,5276,4.0,5703,5396.151252082147,5058.0,20
38,Spain,Spain,ESP,spain.png,UEFA,1981-10-05,2099-12-31,1.0,5770.0,5360,5276,5.0,5703,5396.151252082147,5058.0,21
38,Spain,Spain,ESP,spain.png,UEFA,1981-10-05,2099-12-31,1.0,5770.0,5360,5276,5.0,5703,5396.151252082147,5058.0,22
38,Spain,Spain,ESP,spain.png,UEFA,1981-10-05,2099-12-31,1.0,5770.0,5360,5276,5.0,5703,5396.151252082147,5058.0,23
38,Spain,Spain,ESP,spain.png,UEFA,1981-10-05,2099-12-31,1.0,5770.0,5360,5276,5.0,5703,5396.151252082147,5058.0,24
38,Spain,Spain,ESP,spain.png,UEFA,1981-10-05,2099-12-31,1.0,5770.0,5360,5276,5.0,5703,5396.151252082147,5058.0,25
8,Argentina,Argentina,ARG,argentina.png,CONMEBOL,1902-07-20,2099-12-31,1.0,6013.0,5522,5323,1.0,5598,5299.958560943956,5107.051282051282,26
13,France,France,FRA,france.png,UEFA,1904-05-01,2099-12-31,1.0,5026.0,5171,4487,1.0,5569,5283.206289146183,5059.325232878433,27
39,Portugal,Portugal,POR,portugal.png,UEFA,1921-12-18,2099-12-31,1.0,5418.0,5227,4974,1.0,5564,5282.943306416984,5013.000119798976,28
2,England,England,ENG,england.png,UEFA,1872-01-01,2099-12-31,1.0,6189.0,5834,5440,1.0,5562,5200.341845006214,5062.068477472916,29
476,Germany,Germany,GER,germany_1.png,UEFA,1908-04-05,1919-08-10,1.0,5490.0,5408,4864,1.0,5541,5290.579243668319,4925.054489185406,30
476,Germany,Germany,GER,germany_1.png,UEFA,1908-04-05,1919-08-10,1.0,5490.0,5408,4864,1.0,5541,5290.579243668319,4925.054489185406,31
476,Germany,Germany,GER,germany_1.png,UEFA,1908-04-05,1919-08-10,1.0,5490.0,5408,4864,1.0,5541,5290.579243668319,4925.054489185406,32
476,Germany,Germany,GER,germany_1.png,UEFA,1908-04-05,1919-08-10,1.0,5490.0,5408,4864,1.0,5541,5290.579243668319,4925.054489185406,33
476,Germany,Germany,GER,germany_1.png,UEFA,1908-04-05,1919-08-10,1.0,5490.0,5408,4864,1.0,5541,5290.579243668319,4925.054489185406,34
477,Germany,Germany,GER,germany.png,UEFA,1919-08-11,1933-03-22,1.0,5490.0,5408,4864,2.0,5541,5290.579243668319,4925.054489185406,35
477,Germany,Germany,GER,germany.png,UEFA,1919-08-11,1933-03-22,1.0,5490.0,5408,4864,2.0,5541,5290.579243668319,4925.054489185406,36
477,Germany,Germany,GER,germany.png,UEFA,1919-08-11,1933-03-22,1.0,5490.0,5408,4864,2.0,5541,5290.579243668319,4925.054489185406,37
477,Germany,Germany,GER,germany.png,UEFA,1919-08-11,1933-03-22,1.0,5490.0,5408,4864,2.0,5541,5290.579243668319,4925.054489185406,38
477,Germany,Germany,GER,germany.png,UEFA,1919-08-11,1933-03-22,1.0,5490.0,5408,4864,2.0,5541,5290.579243668319,4925.054489185406,39
478,Germany,Germany,GER,germany_1.png,UEFA,1933-03-23,1945-06-04,1.0,5490.0,5408,4864,3.0,5541,5290.579243668319,4925.054489185406,40
478,Germany,Germany,GER,germany_1.png,UEFA,1933-03-23,1945-06-04,1.0,5490.0,5408,4864,3.0,5541,5290.579243668319,4925.054489185406,41
478,Germany,Germany,GER,germany_1.png,UEFA,1933-03-23,1945-06-04,1.0,5490.0,5408,4864,3.0,5541,5290.579243668319,4925.054489185406,42
478,Germany,Germany,GER,germany_1.png,UEFA,1933-03-23,1945-06-04,1.0,5490.0,5408,4864,3.0,5541,5290.579243668319,4925.054489185406,43
478,Germany,Germany,GER,germany_1.png,UEFA,1933-03-23,1945-06-04,1.0,5490.0,5408,4864,3.0,5541,5290.579243668319,4925.054489185406,44
16,Germany,Germany,GER,germany_occupied.png,UEFA,1945-06-05,1949-05-22,1.0,5490.0,5408,4864,4.0,5541,5290.579243668319,4925.054489185406,45
16,Germany,Germany,GER,germany_occupied.png,UEFA,1945-06-05,1949-05-22,1.0,5490.0,5408,4864,4.0,5541,5290.579243668319,4925.054489185406,46
16,Germany,Germany,GER,germany_occupied.png,UEFA,1945-06-05,1949-05-22,1.0,5490.0,5408,4864,4.0,5541,5290.579243668319,4925.054489185406,47
16,Germany,Germany,GER,germany_occupied.png,UEFA,1945-06-05,1949-05-22,1.0,5490.0,5408,4864,4.0,5541,5290.579243668319,4925.054489185406,48
16,Germany,Germany,GER,germany_occupied.png,UEFA,1945-06-05,1949-05-22,1.0,5490.0,5408,4864,4.0,5541,5290.579243668319,4925.054489185406,49
337,West Germany,Germany,GER,germany.png,UEFA,1949-05-23,1990-10-30,1.0,5490.0,5408,4864,5.0,5541,5290.579243668319,4925.054489185406,50
337,West Germany,Germany,GER,germany.png,UEFA,1949-05-23,1990-10-30,1.0,5490.0,5408,4864,5.0,5541,5290.579243668319,4925.054489185406,51
337,West Germany,Germany,GER,germany.png,UEFA,1949-05-23,1990-10-30,1.0,5490.0,5408,4864,5.0,5541,5290.579243668319,4925.054489185406,52
337,West Germany,Germany,GER,germany.png,UEFA,1949-05-23,1990-10-30,1.0,5490.0,5408,4864,5.0,5541,5290.579243668319,4925.054489185406,53
337,West Germany,Germany,GER,germany.png,UEFA,1949-05-23,1990-10-30,1.0,5490.0,5408,4864,5.0,5541,5290.579243668319,4925.054489185406,54
479,Germany,Germany,GER,germany.png,UEFA,1990-10-31,2099-12-31,1.0,5490.0,5408,4864,6.0,5541,5290.579243668319,4925.054489185406,55
479,Germany,Germany,GER,germany.png,UEFA,1990-10-31,2099-12-31,1.0,5490.0,5408,4864,6.0,5541,5290.579243668319,4925.054489185406,56
479,Germany,Germany,GER,germany.png,UEFA,1990-10-31,2099-12-31,1.0,5490.0,5408,4864,6.0,5541,5290.579243668319,4925.054489185406,57
479,Germany,Germany,GER,germany.png,UEFA,1990-10-31,2099-12-31,1.0,5490.0,5408,4864,6.0,5541,5290.579243668319,4925.054489185406,58
479,Germany,Germany,GER,germany.png,UEFA,1990-10-31,2099-12-31,1.0,5490.0,5408,4864,6.0,5541,5290.579243668319,4925.054489185406,59
15,Netherlands,Netherlands,NED,netherlands.png,UEFA,1905-04-30,2099-12-31,1.0,5619.0,5506,5008,1.0,5538,5308.407899521982,4957.282140629241,60
18,Norway,Norway,NOR,norway.png,UEFA,1908-07-12,2099-12-31,1.0,5094.0,5111,4672,1.0,5534,5265.988882611099,4953.669755319283,61
26,Brazil,Brazil,BRA,brazil.png,CONMEBOL,1914-09-20,2099-12-31,1.0,5824.0,5444,5216,1.0,5516,5282.469923310344,5051.1927066408325,62
84,Colombia,Colombia,COL,colombia.png,CONMEBOL,1938-02-10,2099-12-31,1.0,4933.0,5012,4658,1.0,5510,5254.137186675728,5033.411881908778,63
12,Belgium,Belgium,BEL,belgium.png,UEFA,1904-05-01,2099-12-31,1.0,5465.0,5315,4929,1.0,5460,5257.961342022136,4964.88346801316,64
14,Switzerland,Switzerland,SUI,switzerland.png,UEFA,1905-02-12,2099-12-31,1.0,5337.0,5186,4837,1.0,5447,5224.0067944392995,4978.57546469998,65
28,Japan,Japan,JPN,japan.png,AFC,1917-05-09,2099-12-31,1.0,4217.0,4648,4232,1.0,5437,5204.428261404951,4978.935748681081,66
25,Denmark,Denmark,DEN,denmark.png,UEFA,1908-10-19,2099-12-31,1.0,5952.0,5639,5235,1.0,5423,5223.2315047280545,4948.975687742103,67
445,Croatia,Croatia,CRO,croatia_1.png,UEFA,1940-04-02,1941-04-05,1.0,5527.0,5270,5086,1.0,5422,5187.617693732778,4975.988907622726,68
445,Croatia,Croatia,CRO,croatia_1.png,UEFA,1940-04-02,1941-04-05,1.0,5527.0,5270,5086,1.0,5422,5187.617693732778,4975.988907622726,69
445,Croatia,Croatia,CRO,croatia_1.png,UEFA,1940-04-02,1941-04-05,1.0,5527.0,5270,5086,1.0,5422,5187.617693732778,4975.988907622726,70
446,Croatia,Croatia,CRO,croatia_2.png,UEFA,1941-04-06,1945-05-14,1.0,5527.0,5270,5086,2.0,5422,5187.617693732778,4975.988907622726,71
446,Croatia,Croatia,CRO,croatia_2.png,UEFA,1941-04-06,1945-05-14,1.0,5527.0,5270,5086,2.0,5422,5187.617693732778,4975.988907622726,72
446,Croatia,Croatia,CRO,croatia_2.png,UEFA,1941-04-06,1945-05-14,1.0,5527.0,5270,5086,2.0,5422,5187.617693732778,4975.988907622726,73
370,Not-Sovereign Croatia,Croatia,CRO,yugoslavia.png,,1945-05-15,1990-10-16,0.0,5527.0,5270,5086,3.0,5422,5187.617693732778,4975.988907622726,74
370,Not-Sovereign Croatia,Croatia,CRO,yugoslavia.png,,1945-05-15,1990-10-16,0.0,5527.0,5270,5086,3.0,5422,5187.617693732778,4975.988907622726,75
370,Not-Sovereign Croatia,Croatia,CRO,yugoslavia.png,,1945-05-15,1990-10-16,0.0,5527.0,5270,5086,3.0,5422,5187.617693732778,4975.988907622726,76
92,Croatia,Croatia,CRO,croatia.png,UEFA,1990-10-17,2099-12-31,1.0,5527.0,5270,5086,4.0,5422,5187.617693732778,4975.988907622726,77
92,Croatia,Croatia,CRO,croatia.png,UEFA,1990-10-17,2099-12-31,1.0,5527.0,5270,5086,4.0,5422,5187.617693732778,4975.988907622726,78
92,Croatia,Croatia,CRO,croatia.png,UEFA,1990-10-17,2099-12-31,1.0,5527.0,5270,5086,4.0,5422,5187.617693732778,4975.988907622726,79
83,Ecuador,Ecuador,ECU,ecuador.png,CONMEBOL,1938-08-08,2099-12-31,1.0,4789.0,5057,4456,1.0,5417,5077.017926019118,5129.621801683804,80
7,Uruguay,Uruguay,URU,uruguay.png,CONMEBOL,1902-07-20,2099-12-31,1.0,5890.0,5457,5255,1.0,5383,5074.299556513758,5121.434241219125,81
52,Turkey,Turkey,TUR,turkey.png,UEFA,1923-10-26,2099-12-31,1.0,5277.0,5235,4851,1.0,5382,5175.307877058622,4919.470055718792,82
19,Italy,Italy,ITA,italy_1.png,UEFA,1910-05-15,1946-06-17,1.0,5441.0,5140,5005,1.0,5379,5160.18204684544,4924.318434043129,83
19,Italy,Italy,ITA,italy_1.png,UEFA,1910-05-15,1946-06-17,1.0,5441.0,5140,5005,1.0,5379,5160.18204684544,4924.318434043129,84
505,Italy,Italy,ITA,italy.png,UEFA,1946-06-18,2099-12-31,1.0,5441.0,5140,5005,2.0,5379,5160.18204684544,4924.318434043129,85
505,Italy,Italy,ITA,italy.png,UEFA,1946-06-18,2099-12-31,1.0,5441.0,5140,5005,2.0,5379,5160.18204684544,4924.318434043129,86
9,Austria,Austria,AUT,austria.png,UEFA,1902-10-12,2099-12-31,1.0,5724.0,5487,5090,1.0,5369,5135.522087484398,4956.051282051282,87
163,Senegal,Senegal,SEN,senegal.png,CAF,1959-12-31,2099-12-31,1.0,5057.0,5019,4772,1.0,5330,5173.725891230357,4940.562088053241,88
30,Paraguay,Paraguay,PAR,paraguay.png,CONMEBOL,1919-05-11,2099-12-31,1.0,5673.0,5339,5118,1.0,5322,5061.783796053711,5012.732908021924,89
596,Russia,Russia,RUS,russia.png,UEFA,1912-06-30,1924-01-31,1.0,5415.0,5213,4902,1.0,5321,5129.218073729542,4898.130411298481,90
596,Russia,Russia,RUS,russia.png,UEFA,1912-06-30,1924-01-31,1.0,5415.0,5213,4902,1.0,5321,5129.218073729542,4898.130411298481,91
351,Soviet Union,Russia,RUS,ussr.png,UEFA,1924-01-31,1991-12-26,1.0,5415.0,5213,4902,2.0,5321,5129.218073729542,4898.130411298481,92
351,Soviet Union,Russia,RUS,ussr.png,UEFA,1924-01-31,1991-12-26,1.0,5415.0,5213,4902,2.0,5321,5129.218073729542,4898.130411298481,93
352,Comm of Indep States,Russia,RUS,cis.png,UEFA,1991-12-27,1992-08-15,1.0,5415.0,5213,4902,3.0,5321,5129.218073729542,4898.130411298481,94
352,Comm of Indep States,Russia,RUS,cis.png,UEFA,1991-12-27,1992-08-15,1.0,5415.0,5213,4902,3.0,5321,5129.218073729542,4898.130411298481,95
24,Russia,Russia,RUS,russia.png,UEFA,1992-08-16,2099-12-31,1.0,5415.0,5213,4902,4.0,5321,5129.218073729542,4898.130411298481,96
24,Russia,Russia,RUS,russia.png,UEFA,1992-08-16,2099-12-31,1.0,5415.0,5213,4902,4.0,5321,5129.218073729542,4898.130411298481,97
47,Mexico,Mexico,MEX,mexico_1.png,CONCACAF,1923-01-01,1934-02-23,1.0,5216.0,5239,4720,1.0,5314,5006.159497141567,5055.213685533656,98
47,Mexico,Mexico,MEX,mexico_1.png,CONCACAF,1923-01-01,1934-02-23,1.0,5216.0,5239,4720,1.0,5314,5006.159497141567,5055.213685533656,99
47,Mexico,Mexico,MEX,mexico_1.png,CONCACAF,1923-01-01,1934-02-23,1.0,5216.0,5239,4720,1.0,5314,5006.159497141567,5055.213685533656,100
525,Mexico,Mexico,MEX,mexico_2.png,CONCACAF,1934-02-24,1968-09-15,1.0,5216.0,5239,4720,2.0,5314,5006.159497141567,5055.213685533656,101
525,Mexico,Mexico,MEX,mexico_2.png,CONCACAF,1934-02-24,1968-09-15,1.0,5216.0,5239,4720,2.0,5314,5006.159497141567,5055.213685533656,102
525,Mexico,Mexico,MEX,mexico_2.png,CONCACAF,1934-02-24,1968-09-15,1.0,5216.0,5239,4720,2.0,5314,5006.159497141567,5055.213685533656,103
526,Mexico,Mexico,MEX,mexico.png,CONCACAF,1968-09-16,2099-12-31,1.0,5216.0,5239,4720,3.0,5314,5006.159497141567,5055.213685533656,104
526,Mexico,Mexico,MEX,mexico.png,CONCACAF,1968-09-16,2099-12-31,1.0,5216.0,5239,4720,3.0,5314,5006.159497141567,5055.213685533656,105
526,Mexico,Mexico,MEX,mexico.png,CONCACAF,1968-09-16,2099-12-31,1.0,5216.0,5239,4720,3.0,5314,5006.159497141567,5055.213685533656,106
151,Morocco,Morocco,MAR,morocco.png,CAF,1957-10-19,2099-12-31,1.0,5276.0,5112,4874,1.0,5308,5092.661556435826,4954.897181908457,107
72,Greece,Greece,GRE,greece_1.png,UEFA,1920-08-28,1924-03-24,1.0,4987.0,5039,4703,1.0,5300,5105.929529291775,4940.638292021662,108
72,Greece,Greece,GRE,greece_1.png,UEFA,1920-08-28,1924-03-24,1.0,4987.0,5039,4703,1.0,5300,5105.929529291775,4940.638292021662,109
72,Greece,Greece,GRE,greece_1.png,UEFA,1920-08-28,1924-03-24,1.0,4987.0,5039,4703,1.0,5300,5105.929529291775,4940.638292021662,110
72,Greece,Greece,GRE,greece_1.png,UEFA,1920-08-28,1924-03-24,1.0,4987.0,5039,4703,1.0,5300,5105.929529291775,4940.638292021662,111
72,Greece,Greece,GRE,greece_1.png,UEFA,1920-08-28,1924-03-24,1.0,4987.0,5039,4703,1.0,5300,5105.929529291775,4940.638292021662,112
72,Greece,Greece,GRE,greece_1.png,UEFA,1920-08-28,1924-03-24,1.0,4987.0,5039,4703,1.0,5300,5105.929529291775,4940.638292021662,113
72,Greece,Greece,GRE,greece_1.png,UEFA,1920-08-28,1924-03-24,1.0,4987.0,5039,4703,1.0,5300,5105.929529291775,4940.638292021662,114
72,Greece,Greece,GRE,greece_1.png,UEFA,1920-08-28,1924-03-24,1.0,4987.0,5039,4703,1.0,5300,5105.929529291775,4940.638292021662,115
480,Greece,Greece,GRE,greece_2.png,UEFA,1924-03-25,1935-11-10,1.0,4987.0,5039,4703,2.0,5300,5105.929529291775,4940.638292021662,116
480,Greece,Greece,GRE,greece_2.png,UEFA,1924-03-25,1935-11-10,1.0,4987.0,5039,4703,2.0,5300,5105.929529291775,4940.638292021662,117
480,Greece,Greece,GRE,greece_2.png,UEFA,1924-03-25,1935-11-10,1.0,4987.0,5039,4703,2.0,5300,5105.929529291775,4940.638292021662,118
480,Greece,Greece,GRE,greece_2.png,UEFA,1924-03-25,1935-11-10,1.0,4987.0,5039,4703,2.0,5300,5105.929529291775,4940.638292021662,119
480,Greece,Greece,GRE,greece_2.png,UEFA,1924-03-25,1935-11-10,1.0,4987.0,5039,4703,2.0,5300,5105.929529291775,4940.638292021662,120
480,Greece,Greece,GRE,greece_2.png,UEFA,1924-03-25,1935-11-10,1.0,4987.0,5039,4703,2.0,5300,5105.929529291775,4940.638292021662,121
480,Greece,Greece,GRE,greece_2.png,UEFA,1924-03-25,1935-11-10,1.0,4987.0,5039,4703,2.0,5300,5105.929529291775,4940.638292021662,122
480,Greece,Greece,GRE,greece_2.png,UEFA,1924-03-25,1935-11-10,1.0,4987.0,5039,4703,2.0,5300,5105.929529291775,4940.638292021662,123
481,Greece,Greece,GRE,greece_1.png,UEFA,1935-11-11,1941-04-22,1.0,4987.0,5039,4703,3.0,5300,5105.929529291775,4940.638292021662,124
481,Greece,Greece,GRE,greece_1.png,UEFA,1935-11-11,1941-04-22,1.0,4987.0,5039,4703,3.0,5300,5105.929529291775,4940.638292021662,125
481,Greece,Greece,GRE,greece_1.png,UEFA,1935-11-11,1941-04-22,1.0,4987.0,5039,4703,3.0,5300,5105.929529291775,4940.638292021662,126
481,Greece,Greece,GRE,greece_1.png,UEFA,1935-11-11,1941-04-22,1.0,4987.0,5039,4703,3.0,5300,5105.929529291775,4940.638292021662,127
481,Greece,Greece,GRE,greece_1.png,UEFA,1935-11-11,1941-04-22,1.0,4987.0,5039,4703,3.0,5300,5105.929529291775,4940.638292021662,128
481,Greece,Greece,GRE,greece_1.png,UEFA,1935-11-11,1941-04-22,1.0,4987.0,5039,4703,3.0,5300,5105.929529291775,4940.638292021662,129
481,Greece,Greece,GRE,greece_1.png,UEFA,1935-11-11,1941-04-22,1.0,4987.0,5039,4703,3.0,5300,5105.929529291775,4940.638292021662,130
481,Greece,Greece,GRE,greece_1.png,UEFA,1935-11-11,1941-04-22,1.0,4987.0,5039,4703,3.0,5300,5105.929529291775,4940.638292021662,131
482,Greece,Greece,GRE,greece_2.png,UEFA,1941-04-23,1944-10-11,1.0,4987.0,5039,4703,4.0,5300,5105.929529291775,4940.638292021662,132
482,Greece,Greece,GRE,greece_2.png,UEFA,1941-04-23,1944-10-11,1.0,4987.0,5039,4703,4.0,5300,5105.929529291775,4940.638292021662,133
482,Greece,Greece,GRE,greece_2.png,UEFA,1941-04-23,1944-10-11,1.0,4987.0,5039,4703,4.0,5300,5105.929529291775,4940.638292021662,134
482,Greece,Greece,GRE,greece_2.png,UEFA,1941-04-23,1944-10-11,1.0,4987.0,5039,4703,4.0,5300,5105.929529291775,4940.638292021662,135
482,Greece,Greece,GRE,greece_2.png,UEFA,1941-04-23,1944-10-11,1.0,4987.0,5039,4703,4.0,5300,5105.929529291775,4940.638292021662,136
482,Greece,Greece,GRE,greece_2.png,UEFA,1941-04-23,1944-10-11,1.0,4987.0,5039,4703,4.0,5300,5105.929529291775,4940.638292021662,137
482,Greece,Greece,GRE,greece_2.png,UEFA,1941-04-23,1944-10-11,1.0,4987.0,5039,4703,4.0,5300,5105.929529291775,4940.638292021662,138
482,Greece,Greece,GRE,greece_2.png,UEFA,1941-04-23,1944-10-11,1.0,4987.0,5039,4703,4.0,5300,5105.929529291775,4940.638292021662,139
483,Greece,Greece,GRE,greece_1.png,UEFA,1944-10-12,1969-12-31,1.0,4987.0,5039,4703,5.0,5300,5105.929529291775,4940.638292021662,140
483,Greece,Greece,GRE,greece_1.png,UEFA,1944-10-12,1969-12-31,1.0,4987.0,5039,4703,5.0,5300,5105.929529291775,4940.638292021662,141
483,Greece,Greece,GRE,greece_1.png,UEFA,1944-10-12,1969-12-31,1.0,4987.0,5039,4703,5.0,5300,5105.929529291775,4940.638292021662,142
483,Greece,Greece,GRE,greece_1.png,UEFA,1944-10-12,1969-12-31,1.0,4987.0,5039,4703,5.0,5300,5105.929529291775,4940.638292021662,143
483,Greece,Greece,GRE,greece_1.png,UEFA,1944-10-12,1969-12-31,1.0,4987.0,5039,4703,5.0,5300,5105.929529291775,4940.638292021662,144
483,Greece,Greece,GRE,greece_1.png,UEFA,1944-10-12,1969-12-31,1.0,4987.0,5039,4703,5.0,5300,5105.929529291775,4940.638292021662,145
483,Greece,Greece,GRE,greece_1.png,UEFA,1944-10-12,1969-12-31,1.0,4987.0,5039,4703,5.0,5300,5105.929529291775,4940.638292021662,146
483,Greece,Greece,GRE,greece_1.png,UEFA,1944-10-12,1969-12-31,1.0,4987.0,5039,4703,5.0,5300,5105.929529291775,4940.638292021662,147
484,Greece,Greece,GRE,greece_3.png,UEFA,1970-01-01,1974-07-23,1.0,4987.0,5039,4703,6.0,5300,5105.929529291775,4940.638292021662,148
484,Greece,Greece,GRE,greece_3.png,UEFA,1970-01-01,1974-07-23,1.0,4987.0,5039,4703,6.0,5300,5105.929529291775,4940.638292021662,149
484,Greece,Greece,GRE,greece_3.png,UEFA,1970-01-01,1974-07-23,1.0,4987.0,5039,4703,6.0,5300,5105.929529291775,4940.638292021662,150
484,Greece,Greece,GRE,greece_3.png,UEFA,1970-01-01,1974-07-23,1.0,4987.0,5039,4703,6.0,5300,5105.929529291775,4940.638292021662,151
484,Greece,Greece,GRE,greece_3.png,UEFA,1970-01-01,1974-07-23,1.0,4987.0,5039,4703,6.0,5300,5105.929529291775,4940.638292021662,152
484,Greece,Greece,GRE,greece_3.png,UEFA,1970-01-01,1974-07-23,1.0,4987.0,5039,4703,6.0,5300,5105.929529291775,4940.638292021662,153
484,Greece,Greece,GRE,greece_3.png,UEFA,1970-01-01,1974-07-23,1.0,4987.0,5039,4703,6.0,5300,5105.929529291775,4940.638292021662,154
484,Greece,Greece,GRE,greece_3.png,UEFA,1970-01-01,1974-07-23,1.0,4987.0,5039,4703,6.0,5300,5105.929529291775,4940.638292021662,155
485,Greece,Greece,GRE,greece_2.png,UEFA,1974-07-24,1978-12-21,1.0,4987.0,5039,4703,7.0,5300,5105.929529291775,4940.638292021662,156
485,Greece,Greece,GRE,greece_2.png,UEFA,1974-07-24,1978-12-21,1.0,4987.0,5039,4703,7.0,5300,5105.929529291775,4940.638292021662,157
485,Greece,Greece,GRE,greece_2.png,UEFA,1974-07-24,1978-12-21,1.0,4987.0,5039,4703,7.0,5300,5105.929529291775,4940.638292021662,158
485,Greece,Greece,GRE,greece_2.png,UEFA,1974-07-24,1978-12-21,1.0,4987.0,5039,4703,7.0,5300,5105.929529291775,4940.638292021662,159
485,Greece,Greece,GRE,greece_2.png,UEFA,1974-07-24,1978-12-21,1.0,4987.0,5039,4703,7.0,5300,5105.929529291775,4940.638292021662,160
485,Greece,Greece,GRE,greece_2.png,UEFA,1974-07-24,1978-12-21,1.0,4987.0,5039,4703,7.0,5300,5105.929529291775,4940.638292021662,161
485,Greece,Greece,GRE,greece_2.png,UEFA,1974-07-24,1978-12-21,1.0,4987.0,5039,4703,7.0,5300,5105.929529291775,4940.638292021662,162
485,Greece,Greece,GRE,greece_2.png,UEFA,1974-07-24,1978-12-21,1.0,4987.0,5039,4703,7.0,5300,5105.929529291775,4940.638292021662,163
486,Greece,Greece,GRE,greece.png,UEFA,1978-12-22,2099-12-31,1.0,4987.0,5039,4703,8.0,5300,5105.929529291775,4940.638292021662,164
486,Greece,Greece,GRE,greece.png,UEFA,1978-12-22,2099-12-31,1.0,4987.0,5039,4703,8.0,5300,5105.929529291775,4940.638292021662,165
486,Greece,Greece,GRE,greece.png,UEFA,1978-12-22,2099-12-31,1.0,4987.0,5039,4703,8.0,5300,5105.929529291775,4940.638292021662,166
486,Greece,Greece,GRE,greece.png,UEFA,1978-12-22,2099-12-31,1.0,4987.0,5039,4703,8.0,5300,5105.929529291775,4940.638292021662,167
486,Greece,Greece,GRE,greece.png,UEFA,1978-12-22,2099-12-31,1.0,4987.0,5039,4703,8.0,5300,5105.929529291775,4940.638292021662,168
486,Greece,Greece,GRE,greece.png,UEFA,1978-12-22,2099-12-31,1.0,4987.0,5039,4703,8.0,5300,5105.929529291775,4940.638292021662,169
486,Greece,Greece,GRE,greece.png,UEFA,1978-12-22,2099-12-31,1.0,4987.0,5039,4703,8.0,5300,5105.929529291775,4940.638292021662,170
486,Greece,Greece,GRE,greece.png,UEFA,1978-12-22,2099-12-31,1.0,4987.0,5039,4703,8.0,5300,5105.929529291775,4940.638292021662,171
1,Scotland,Scotland,SCO,scotland.png,UEFA,1872-01-01,2099-12-31,1.0,6386.0,5969,5568,1.0,5285,5091.594632901776,4889.094487925839,172
43,Australia,Australia,AUS,australia.png,OFC,1922-06-17,2005-12-31,1.0,5056.0,5093,4627,1.0,5253,5060.680231243796,4942.734611473168,173
43,Australia,Australia,AUS,australia.png,OFC,1922-06-17,2005-12-31,1.0,5056.0,5093,4627,1.0,5253,5060.680231243796,4942.734611473168,174
403,Australia,Australia,AUS,australia.png,AFC,2006-01-01,2099-12-31,1.0,5056.0,5093,4627,2.0,5253,5060.680231243796,4942.734611473168,175
403,Australia,Australia,AUS,australia.png,AFC,2006-01-01,2099-12-31,1.0,5056.0,5093,4627,2.0,5253,5060.680231243796,4942.734611473168,176
17,Sweden,Sweden,SWE,sweden.png,UEFA,1908-07-12,2099-12-31,1.0,5435.0,5437,4834,1.0,5252,5157.942306308584,4798.4005935642,177
433,Canada,Canada,CAN,canada_1.png,CONCACAF,1924-06-07,1956-12-31,1.0,5026.0,4884,4898,1.0,5250,4996.78203365919,4962.428571428572,178
433,Canada,Canada,CAN,canada_1.png,CONCACAF,1924-06-07,1956-12-31,1.0,5026.0,4884,4898,1.0,5250,4996.78203365919,4962.428571428572,179
433,Canada,Canada,CAN,canada_1.png,CONCACAF,1924-06-07,1956-12-31,1.0,5026.0,4884,4898,1.0,5250,4996.78203365919,4962.428571428572,180
434,Canada,Canada,CAN,canada_2.png,CONCACAF,1957-01-01,1965-02-14,1.0,5026.0,4884,4898,2.0,5250,4996.78203365919,4962.428571428572,181
434,Canada,Canada,CAN,canada_2.png,CONCACAF,1957-01-01,1965-02-14,1.0,5026.0,4884,4898,2.0,5250,4996.78203365919,4962.428571428572,182
434,Canada,Canada,CAN,canada_2.png,CONCACAF,1957-01-01,1965-02-14,1.0,5026.0,4884,4898,2.0,5250,4996.78203365919,4962.428571428572,183
6,Canada,Canada,CAN,canada.png,CONCACAF,1965-02-15,2099-12-31,1.0,5026.0,4884,4898,3.0,5250,4996.78203365919,4962.428571428572,184
6,Canada,Canada,CAN,canada.png,CONCACAF,1965-02-15,2099-12-31,1.0,5026.0,4884,4898,3.0,5250,4996.78203365919,4962.428571428572,185
6,Canada,Canada,CAN,canada.png,CONCACAF,1965-02-15,2099-12-31,1.0,5026.0,4884,4898,3.0,5250,4996.78203365919,4962.428571428572,186
69,Ukraine,Ukraine,UKR,ukraine.png,UEFA,1992-04-29,2099-12-31,1.0,5144.0,4983,4902,1.0,5240,5119.772676930319,4928.417234874056,187
117,Nigeria,Nigeria,NGA,nigeria_1.png,CAF,1949-10-08,1960-09-30,1.0,5294.0,5137,4958,1.0,5236,5118.112891746249,4902.647567164148,188
117,Nigeria,Nigeria,NGA,nigeria_1.png,CAF,1949-10-08,1960-09-30,1.0,5294.0,5137,4958,1.0,5236,5118.112891746249,4902.647567164148,189
534,Nigeria,Nigeria,NGA,nigeria.png,CAF,1960-10-01,2099-12-31,1.0,5294.0,5137,4958,2.0,5236,5118.112891746249,4902.647567164148,190
534,Nigeria,Nigeria,NGA,nigeria.png,CAF,1960-10-01,2099-12-31,1.0,5294.0,5137,4958,2.0,5236,5118.112891746249,4902.647567164148,191
96,Iran,Iran,IRN,iran_1.png,AFC,1941-08-23,1980-07-28,1.0,4890.0,4848,4736,1.0,5232,5111.2519000823795,4912.308984490444,192
96,Iran,Iran,IRN,iran_1.png,AFC,1941-08-23,1980-07-28,1.0,4890.0,4848,4736,1.0,5232,5111.2519000823795,4912.308984490444,193
498,Iran,Iran,IRN,iran.png,AFC,1980-07-29,2099-12-31,1.0,4890.0,4848,4736,2.0,5232,5111.2519000823795,4912.308984490444,194
498,Iran,Iran,IRN,iran.png,AFC,1980-07-29,2099-12-31,1.0,4890.0,4848,4736,2.0,5232,5111.2519000823795,4912.308984490444,195
394,Algeria,Algeria,ALG,france.png,CAF,1958-05-03,1962-07-02,1.0,5411.0,5234,5070,1.0,5231,5158.648430253192,4892.152154157514,196
394,Algeria,Algeria,ALG,france.png,CAF,1958-05-03,1962-07-02,1.0,5411.0,5234,5070,1.0,5231,5158.648430253192,4892.152154157514,197
165,Algeria,Algeria,ALG,algeria.png,CAF,1962-07-03,2099-12-31,1.0,5411.0,5234,5070,2.0,5231,5158.648430253192,4892.152154157514,198
165,Algeria,Algeria,ALG,algeria.png,CAF,1962-07-03,2099-12-31,1.0,5411.0,5234,5070,2.0,5231,5158.648430253192,4892.152154157514,199
588,United States,United States,USA,usa_1912.png,CONCACAF,1916-08-20,1959-07-03,1.0,5031.0,5306,4604,1.0,5225,5057.5534172397665,4796.64611681622,200
588,United States,United States,USA,usa_1912.png,CONCACAF,1916-08-20,1959-07-03,1.0,5031.0,5306,4604,1.0,5225,5057.5534172397665,4796.64611681622,201
588,United States,United States,USA,usa_1912.png,CONCACAF,1916-08-20,1959-07-03,1.0,5031.0,5306,4604,1.0,5225,5057.5534172397665,4796.64611681622,202
589,United States,United States,USA,usa_1959.png,CONCACAF,1959-07-04,1960-07-03,1.0,5031.0,5306,4604,2.0,5225,5057.5534172397665,4796.64611681622,203
589,United States,United States,USA,usa_1959.png,CONCACAF,1959-07-04,1960-07-03,1.0,5031.0,5306,4604,2.0,5225,5057.5534172397665,4796.64611681622,204
589,United States,United States,USA,usa_1959.png,CONCACAF,1959-07-04,1960-07-03,1.0,5031.0,5306,4604,2.0,5225,5057.5534172397665,4796.64611681622,205
5,United States,United States,USA,usa.png,CONCACAF,1960-07-04,2099-12-31,1.0,5031.0,5306,4604,3.0,5225,5057.5534172397665,4796.64611681622,206
5,United States,United States,USA,usa.png,CONCACAF,1960-07-04,2099-12-31,1.0,5031.0,5306,4604,3.0,5225,5057.5534172397665,4796.64611681622,207
5,United States,United States,USA,usa.png,CONCACAF,1960-07-04,2099-12-31,1.0,5031.0,5306,4604,3.0,5225,5057.5534172397665,4796.64611681622,208
329,Bohemia,Czechia,CZE,bohemia.png,UEFA,1903-04-05,1918-10-27,1.0,5839.0,5563,5121,1.0,5223,5062.051967633924,4847.626452594697,209
597,Czechoslovakia,Czechia,CZE,czechia.png,UEFA,1918-10-28,1939-03-15,1.0,5839.0,5563,5121,2.0,5223,5062.051967633924,4847.626452594697,210
330,Bohemia and Moravia,Czechia,CZE,bohemia_moravia.png,UEFA,1939-03-16,1945-05-08,1.0,5839.0,5563,5121,3.0,5223,5062.051967633924,4847.626452594697,211
11,Czechoslovakia,Czechia,CZE,czechia.png,UEFA,1945-05-09,1993-12-31,1.0,5839.0,5563,5121,4.0,5223,5062.051967633924,4847.626452594697,212
240,Czechia,Czechia,CZE,czechia.png,UEFA,1994-01-01,2099-12-31,1.0,5839.0,5563,5121,5.0,5223,5062.051967633924,4847.626452594697,213
85,Venezuela,Venezuela,VEN,venezuela.png,CONMEBOL,1938-02-12,2099-12-31,1.0,4835.0,4923,4662,1.0,5211,5045.57230127797,4918.122501032207,214
37,Poland,Poland,POL,poland.png,UEFA,1921-12-18,2099-12-31,1.0,5320.0,5189,4929,1.0,5206,5047.8607576294135,4818.910540308807,215
509,Kosovo,Kosovo,KOS,albania.png,UEFA,1993-02-14,2008-02-16,1.0,4937.0,4897,4705,1.0,5202,5024.685631127988,4877.1291860378515,216
509,Kosovo,Kosovo,KOS,albania.png,UEFA,1993-02-14,2008-02-16,1.0,4937.0,4897,4705,1.0,5202,5024.685631127988,4877.1291860378515,217
267,Kosovo,Kosovo,KOS,kosovo.png,UEFA,2008-02-17,2099-12-31,1.0,4937.0,4897,4705,2.0,5202,5024.685631127988,4877.1291860378515,218
267,Kosovo,Kosovo,KOS,kosovo.png,UEFA,2008-02-17,2099-12-31,1.0,4937.0,4897,4705,2.0,5202,5024.685631127988,4877.1291860378515,219
590,Wales,Wales,WAL,wales_1.png,UEFA,1872-01-01,1952-12-31,1.0,5642.0,5524,5159,1.0,5201,4980.5710444702,4832.102564102564,220
590,Wales,Wales,WAL,wales_1.png,UEFA,1872-01-01,1952-12-31,1.0,5642.0,5524,5159,1.0,5201,4980.5710444702,4832.102564102564,221
590,Wales,Wales,WAL,wales_1.png,UEFA,1872-01-01,1952-12-31,1.0,5642.0,5524,5159,1.0,5201,4980.5710444702,4832.102564102564,222
591,Wales,Wales,WAL,wales_2.png,UEFA,1953-01-01,1958-12-31,1.0,5642.0,5524,5159,2.0,5201,4980.5710444702,4832.102564102564,223
591,Wales,Wales,WAL,wales_2.png,UEFA,1953-01-01,1958-12-31,1.0,5642.0,5524,5159,2.0,5201,4980.5710444702,4832.102564102564,224
591,Wales,Wales,WAL,wales_2.png,UEFA,1953-01-01,1958-12-31,1.0,5642.0,5524,5159,2.0,5201,4980.5710444702,4832.102564102564,225
3,Wales,Wales,WAL,wales.png,UEFA,1959-01-01,2099-12-31,1.0,5642.0,5524,5159,3.0,5201,4980.5710444702,4832.102564102564,226
3,Wales,Wales,WAL,wales.png,UEFA,1959-01-01,2099-12-31,1.0,5642.0,5524,5159,3.0,5201,4980.5710444702,4832.102564102564,227
3,Wales,Wales,WAL,wales.png,UEFA,1959-01-01,2099-12-31,1.0,5642.0,5524,5159,3.0,5201,4980.5710444702,4832.102564102564,228
357,Korea,South Korea,KOR,korea.png,AFC,1942-08-16,1948-07-31,1.0,4990.0,5187,4646,1.0,5197,5057.752823571556,4893.846401894797,229
111,South Korea,South Korea,KOR,south_korea.png,AFC,1948-08-01,2099-12-31,1.0,4990.0,5187,4646,2.0,5197,5057.752823571556,4893.846401894797,230
20,Chile,Chile,CHI,chile.png,CONMEBOL,1910-05-27,2099-12-31,1.0,5355.0,5268,4891,1.0,5195,5076.496583547009,4889.8580328224225,231
64,Peru,Peru,PER,peru.png,CONMEBOL,1927-11-11,2099-12-31,1.0,5334.0,5202,4880,1.0,5195,4984.288998501778,4953.524339159168,232
36,Yugoslavia,Serbia,YUG,yugoslavia_1.png,UEFA,1920-08-28,1943-10-31,1.0,5293.0,5292,4770,1.0,5188,5001.255279028945,4902.946559704801,233
551,Yugoslavia,Serbia,YUG,yugoslavia_2.png,UEFA,1943-11-01,1946-01-30,1.0,5293.0,5292,4770,2.0,5188,5001.255279028945,4902.946559704801,234
552,Yugoslavia,Serbia,YUG,yugoslavia.png,UEFA,1946-01-31,1992-04-26,1.0,5293.0,5292,4770,3.0,5188,5001.255279028945,4902.946559704801,235
553,Yugoslavia,Serbia,YUG,serbia_montenegro.png,UEFA,1992-04-27,2003-02-03,1.0,5293.0,5292,4770,4.0,5188,5001.255279028945,4902.946559704801,236
355,Serbia and Montenegro,Serbia,SRB,serbia_montenegro.png,UEFA,2003-02-04,2006-06-21,1.0,5293.0,5292,4770,5.0,5188,5001.255279028945,4902.946559704801,237
119,Serbia,Serbia,SRB,serbia.png,UEFA,2006-06-22,2099-12-31,1.0,5293.0,5292,4770,6.0,5188,5001.255279028945,4902.946559704801,238
232,Slovenia,Slovenia,SVN,slovenia.png,UEFA,1990-12-08,2099-12-31,1.0,5119.0,4922,4904,1.0,5181,4945.363230731737,4982.113254843018,239
10,Hungary,Hungary,HUN,hungary_1.png,UEFA,1902-10-12,1918-11-15,1.0,5771.0,5532,5042,1.0,5180,4981.419814969892,4880.883735280226,240
10,Hungary,Hungary,HUN,hungary_1.png,UEFA,1902-10-12,1918-11-15,1.0,5771.0,5532,5042,1.0,5180,4981.419814969892,4880.883735280226,241
10,Hungary,Hungary,HUN,hungary_1.png,UEFA,1902-10-12,1918-11-15,1.0,5771.0,5532,5042,1.0,5180,4981.419814969892,4880.883735280226,242
10,Hungary,Hungary,HUN,hungary_1.png,UEFA,1902-10-12,1918-11-15,1.0,5771.0,5532,5042,1.0,5180,4981.419814969892,4880.883735280226,243
10,Hungary,Hungary,HUN,hungary_1.png,UEFA,1902-10-12,1918-11-15,1.0,5771.0,5532,5042,1.0,5180,4981.419814969892,4880.883735280226,244
494,Hungary,Hungary,HUN,hungary_2.png,UEFA,1918-11-16,1946-01-31,1.0,5771.0,5532,5042,2.0,5180,4981.419814969892,4880.883735280226,245
494,Hungary,Hungary,HUN,hungary_2.png,UEFA,1918-11-16,1946-01-31,1.0,5771.0,5532,5042,2.0,5180,4981.419814969892,4880.883735280226,246
494,Hungary,Hungary,HUN,hungary_2.png,UEFA,1918-11-16,1946-01-31,1.0,5771.0,5532,5042,2.0,5180,4981.419814969892,4880.883735280226,247
494,Hungary,Hungary,HUN,hungary_2.png,UEFA,1918-11-16,1946-01-31,1.0,5771.0,5532,5042,2.0,5180,4981.419814969892,4880.883735280226,248
494,Hungary,Hungary,HUN,hungary_2.png,UEFA,1918-11-16,1946-01-31,1.0,5771.0,5532,5042,2.0,5180,4981.419814969892,4880.883735280226,249
495,Hungary,Hungary,HUN,hungary_3.png,UEFA,1946-02-01,1949-08-19,1.0,5771.0,5532,5042,3.0,5180,4981.419814969892,4880.883735280226,250
495,Hungary,Hungary,HUN,hungary_3.png,UEFA,1946-02-01,1949-08-19,1.0,5771.0,5532,5042,3.0,5180,4981.419814969892,4880.883735280226,251
495,Hungary,Hungary,HUN,hungary_3.png,UEFA,1946-02-01,1949-08-19,1.0,5771.0,5532,5042,3.0,5180,4981.419814969892,4880.883735280226,252
495,Hungary,Hungary,HUN,hungary_3.png,UEFA,1946-02-01,1949-08-19,1.0,5771.0,5532,5042,3.0,5180,4981.419814969892,4880.883735280226,253
495,Hungary,Hungary,HUN,hungary_3.png,UEFA,1946-02-01,1949-08-19,1.0,5771.0,5532,5042,3.0,5180,4981.419814969892,4880.883735280226,254
496,Hungary,Hungary,HUN,hungary_4.png,UEFA,1949-08-20,1956-11-03,1.0,5771.0,5532,5042,4.0,5180,4981.419814969892,4880.883735280226,255
496,Hungary,Hungary,HUN,hungary_4.png,UEFA,1949-08-20,1956-11-03,1.0,5771.0,5532,5042,4.0,5180,4981.419814969892,4880.883735280226,256
496,Hungary,Hungary,HUN,hungary_4.png,UEFA,1949-08-20,1956-11-03,1.0,5771.0,5532,5042,4.0,5180,4981.419814969892,4880.883735280226,257
496,Hungary,Hungary,HUN,hungary_4.png,UEFA,1949-08-20,1956-11-03,1.0,5771.0,5532,5042,4.0,5180,4981.419814969892,4880.883735280226,258
496,Hungary,Hungary,HUN,hungary_4.png,UEFA,1949-08-20,1956-11-03,1.0,5771.0,5532,5042,4.0,5180,4981.419814969892,4880.883735280226,259
497,Hungary,Hungary,HUN,hungary.png,UEFA,1956-11-04,2099-12-31,1.0,5771.0,5532,5042,5.0,5180,4981.419814969892,4880.883735280226,260
497,Hungary,Hungary,HUN,hungary.png,UEFA,1956-11-04,2099-12-31,1.0,5771.0,5532,5042,5.0,5180,4981.419814969892,4880.883735280226,261
497,Hungary,Hungary,HUN,hungary.png,UEFA,1956-11-04,2099-12-31,1.0,5771.0,5532,5042,5.0,5180,4981.419814969892,4880.883735280226,262
497,Hungary,Hungary,HUN,hungary.png,UEFA,1956-11-04,2099-12-31,1.0,5771.0,5532,5042,5.0,5180,4981.419814969892,4880.883735280226,263
497,Hungary,Hungary,HUN,hungary.png,UEFA,1956-11-04,2099-12-31,1.0,5771.0,5532,5042,5.0,5180,4981.419814969892,4880.883735280226,264
60,Ireland,Ireland,IRL,ireland_1.png,UEFA,1872-01-01,1922-12-05,1.0,4994.0,5363,4543,1.0,5175,4943.403634397608,4873.767758413671,265
60,Ireland,Ireland,IRL,ireland_1.png,UEFA,1872-01-01,1922-12-05,1.0,4994.0,5363,4543,1.0,5175,4943.403634397608,4873.767758413671,266
504,Ireland,Ireland,IRL,ireland.png,UEFA,1922-12-06,2099-12-31,1.0,4994.0,5363,4543,2.0,5175,4943.403634397608,4873.767758413671,267
504,Ireland,Ireland,IRL,ireland.png,UEFA,1922-12-06,2099-12-31,1.0,4994.0,5363,4543,2.0,5175,4943.403634397608,4873.767758413671,268
371,Not-Sovereign Georgia,Georgia,GEO,ussr.png,,1921-02-25,1990-05-26,0.0,5175.0,5078,4761,1.0,5172,5042.901264759193,4817.812400948583,269
371,Not-Sovereign Georgia,Georgia,GEO,ussr.png,,1921-02-25,1990-05-26,0.0,5175.0,5078,4761,1.0,5172,5042.901264759193,4817.812400948583,270
159,Ivory Coast,Ivory Coast,CIV,france.png,CAF,1954-12-31,1959-12-02,1.0,5248.0,5143,4838,1.0,5172,5031.983783509021,4945.8928543634265,271
159,Ivory Coast,Ivory Coast,CIV,france.png,CAF,1954-12-31,1959-12-02,1.0,5248.0,5143,4838,1.0,5172,5031.983783509021,4945.8928543634265,272
207,Georgia,Georgia,GEO,georgia_1.png,UEFA,1990-05-27,2004-01-13,1.0,5175.0,5078,4761,2.0,5172,5042.901264759193,4817.812400948583,273
207,Georgia,Georgia,GEO,georgia_1.png,UEFA,1990-05-27,2004-01-13,1.0,5175.0,5078,4761,2.0,5172,5042.901264759193,4817.812400948583,274
506,Ivory Coast,Ivory Coast,CIV,ivory_coast.png,CAF,1959-12-03,2099-12-31,1.0,5248.0,5143,4838,2.0,5172,5031.983783509021,4945.8928543634265,275
506,Ivory Coast,Ivory Coast,CIV,ivory_coast.png,CAF,1959-12-03,2099-12-31,1.0,5248.0,5143,4838,2.0,5172,5031.983783509021,4945.8928543634265,276
475,Georgia,Georgia,GEO,georgia.png,UEFA,2004-01-14,2099-12-31,1.0,5175.0,5078,4761,3.0,5172,5042.901264759193,4817.812400948583,277
475,Georgia,Georgia,GEO,georgia.png,UEFA,2004-01-14,2099-12-31,1.0,5175.0,5078,4761,3.0,5172,5042.901264759193,4817.812400948583,278
459,Egypt,Egypt,EGY,egypt_1.png,CAF,1920-08-28,1922-02-27,1.0,5415.0,5323,4886,1.0,5169,4945.664786484963,4999.4234632829,279
459,Egypt,Egypt,EGY,egypt_1.png,CAF,1920-08-28,1922-02-27,1.0,5415.0,5323,4886,1.0,5169,4945.664786484963,4999.4234632829,280
459,Egypt,Egypt,EGY,egypt_1.png,CAF,1920-08-28,1922-02-27,1.0,5415.0,5323,4886,1.0,5169,4945.664786484963,4999.4234632829,281
459,Egypt,Egypt,EGY,egypt_1.png,CAF,1920-08-28,1922-02-27,1.0,5415.0,5323,4886,1.0,5169,4945.664786484963,4999.4234632829,282
459,Egypt,Egypt,EGY,egypt_1.png,CAF,1920-08-28,1922-02-27,1.0,5415.0,5323,4886,1.0,5169,4945.664786484963,4999.4234632829,283
460,Egypt,Egypt,EGY,egypt_2.png,CAF,1922-02-28,1953-06-17,1.0,5415.0,5323,4886,2.0,5169,4945.664786484963,4999.4234632829,284
460,Egypt,Egypt,EGY,egypt_2.png,CAF,1922-02-28,1953-06-17,1.0,5415.0,5323,4886,2.0,5169,4945.664786484963,4999.4234632829,285
460,Egypt,Egypt,EGY,egypt_2.png,CAF,1922-02-28,1953-06-17,1.0,5415.0,5323,4886,2.0,5169,4945.664786484963,4999.4234632829,286
460,Egypt,Egypt,EGY,egypt_2.png,CAF,1922-02-28,1953-06-17,1.0,5415.0,5323,4886,2.0,5169,4945.664786484963,4999.4234632829,287
460,Egypt,Egypt,EGY,egypt_2.png,CAF,1922-02-28,1953-06-17,1.0,5415.0,5323,4886,2.0,5169,4945.664786484963,4999.4234632829,288
461,Egypt,Egypt,EGY,egypt_3.png,CAF,1953-06-18,1958-01-31,1.0,5415.0,5323,4886,3.0,5169,4945.664786484963,4999.4234632829,289
461,Egypt,Egypt,EGY,egypt_3.png,CAF,1953-06-18,1958-01-31,1.0,5415.0,5323,4886,3.0,5169,4945.664786484963,4999.4234632829,290
461,Egypt,Egypt,EGY,egypt_3.png,CAF,1953-06-18,1958-01-31,1.0,5415.0,5323,4886,3.0,5169,4945.664786484963,4999.4234632829,291
461,Egypt,Egypt,EGY,egypt_3.png,CAF,1953-06-18,1958-01-31,1.0,5415.0,5323,4886,3.0,5169,4945.664786484963,4999.4234632829,292
461,Egypt,Egypt,EGY,egypt_3.png,CAF,1953-06-18,1958-01-31,1.0,5415.0,5323,4886,3.0,5169,4945.664786484963,4999.4234632829,293
335,United Arab Republic,Egypt,EGY,uar.png,CAF,1958-02-01,1971-09-10,1.0,5415.0,5323,4886,4.0,5169,4945.664786484963,4999.4234632829,294
335,United Arab Republic,Egypt,EGY,uar.png,CAF,1958-02-01,1971-09-10,1.0,5415.0,5323,4886,4.0,5169,4945.664786484963,4999.4234632829,295
335,United Arab Republic,Egypt,EGY,uar.png,CAF,1958-02-01,1971-09-10,1.0,5415.0,5323,4886,4.0,5169,4945.664786484963,4999.4234632829,296
335,United Arab Republic,Egypt,EGY,uar.png,CAF,1958-02-01,1971-09-10,1.0,5415.0,5323,4886,4.0,5169,4945.664786484963,4999.4234632829,297
335,United Arab Republic,Egypt,EGY,uar.png,CAF,1958-02-01,1971-09-10,1.0,5415.0,5323,4886,4.0,5169,4945.664786484963,4999.4234632829,298
56,Egypt,Egypt,EGY,egypt_4.png,CAF,1971-09-11,1984-10-03,1.0,5415.0,5323,4886,5.0,5169,4945.664786484963,4999.4234632829,299
56,Egypt,Egypt,EGY,egypt_4.png,CAF,1971-09-11,1984-10-03,1.0,5415.0,5323,4886,5.0,5169,4945.664786484963,4999.4234632829,300
56,Egypt,Egypt,EGY,egypt_4.png,CAF,1971-09-11,1984-10-03,1.0,5415.0,5323,4886,5.0,5169,4945.664786484963,4999.4234632829,301
56,Egypt,Egypt,EGY,egypt_4.png,CAF,1971-09-11,1984-10-03,1.0,5415.0,5323,4886,5.0,5169,4945.664786484963,4999.4234632829,302
56,Egypt,Egypt,EGY,egypt_4.png,CAF,1971-09-11,1984-10-03,1.0,5415.0,5323,4886,5.0,5169,4945.664786484963,4999.4234632829,303
462,Egypt,Egypt,EGY,egypt.png,CAF,1984-10-04,2099-12-31,1.0,5415.0,5323,4886,6.0,5169,4945.664786484963,4999.4234632829,304
462,Egypt,Egypt,EGY,egypt.png,CAF,1984-10-04,2099-12-31,1.0,5415.0,5323,4886,6.0,5169,4945.664786484963,4999.4234632829,305
462,Egypt,Egypt,EGY,egypt.png,CAF,1984-10-04,2099-12-31,1.0,5415.0,5323,4886,6.0,5169,4945.664786484963,4999.4234632829,306
462,Egypt,Egypt,EGY,egypt.png,CAF,1984-10-04,2099-12-31,1.0,5415.0,5323,4886,6.0,5169,4945.664786484963,4999.4234632829,307
462,Egypt,Egypt,EGY,egypt.png,CAF,1984-10-04,2099-12-31,1.0,5415.0,5323,4886,6.0,5169,4945.664786484963,4999.4234632829,308
41,Romania,Romania,ROU,romania.png,UEFA,1922-06-08,1947-12-29,1.0,5346.0,5283,4883,1.0,5149,4987.713876569571,4794.989741655629,309
41,Romania,Romania,ROU,romania.png,UEFA,1922-06-08,1947-12-29,1.0,5346.0,5283,4883,1.0,5149,4987.713876569571,4794.989741655629,310
41,Romania,Romania,ROU,romania.png,UEFA,1922-06-08,1947-12-29,1.0,5346.0,5283,4883,1.0,5149,4987.713876569571,4794.989741655629,311
41,Romania,Romania,ROU,romania.png,UEFA,1922-06-08,1947-12-29,1.0,5346.0,5283,4883,1.0,5149,4987.713876569571,4794.989741655629,312
542,Romania,Romania,ROU,romania_2.png,UEFA,1947-12-30,1965-08-20,1.0,5346.0,5283,4883,2.0,5149,4987.713876569571,4794.989741655629,313
542,Romania,Romania,ROU,romania_2.png,UEFA,1947-12-30,1965-08-20,1.0,5346.0,5283,4883,2.0,5149,4987.713876569571,4794.989741655629,314
542,Romania,Romania,ROU,romania_2.png,UEFA,1947-12-30,1965-08-20,1.0,5346.0,5283,4883,2.0,5149,4987.713876569571,4794.989741655629,315
542,Romania,Romania,ROU,romania_2.png,UEFA,1947-12-30,1965-08-20,1.0,5346.0,5283,4883,2.0,5149,4987.713876569571,4794.989741655629,316
543,Romania,Romania,ROU,romania_3.png,UEFA,1965-08-21,1989-12-26,1.0,5346.0,5283,4883,3.0,5149,4987.713876569571,4794.989741655629,317
543,Romania,Romania,ROU,romania_3.png,UEFA,1965-08-21,1989-12-26,1.0,5346.0,5283,4883,3.0,5149,4987.713876569571,4794.989741655629,318
543,Romania,Romania,ROU,romania_3.png,UEFA,1965-08-21,1989-12-26,1.0,5346.0,5283,4883,3.0,5149,4987.713876569571,4794.989741655629,319
543,Romania,Romania,ROU,romania_3.png,UEFA,1965-08-21,1989-12-26,1.0,5346.0,5283,4883,3.0,5149,4987.713876569571,4794.989741655629,320
544,Romania,Romania,ROU,romania.png,UEFA,1989-12-27,2099-12-31,1.0,5346.0,5283,4883,4.0,5149,4987.713876569571,4794.989741655629,321
544,Romania,Romania,ROU,romania.png,UEFA,1989-12-27,2099-12-31,1.0,5346.0,5283,4883,4.0,5149,4987.713876569571,4794.989741655629,322
544,Romania,Romania,ROU,romania.png,UEFA,1989-12-27,2099-12-31,1.0,5346.0,5283,4883,4.0,5149,4987.713876569571,4794.989741655629,323
544,Romania,Romania,ROU,romania.png,UEFA,1989-12-27,2099-12-31,1.0,5346.0,5283,4883,4.0,5149,4987.713876569571,4794.989741655629,324
393,Albania,Albania,ALB,albania_PSR.png,UEFA,1946-10-07,1992-04-06,1.0,5249.0,5075,4999,1.0,5141,4928.920758086064,4931.775132298557,325
393,Albania,Albania,ALB,albania_PSR.png,UEFA,1946-10-07,1992-04-06,1.0,5249.0,5075,4999,1.0,5141,4928.920758086064,4931.775132298557,326
102,Albania,Albania,ALB,albania.png,UEFA,1992-04-07,2099-12-31,1.0,5249.0,5075,4999,2.0,5141,4928.920758086064,4931.775132298557,327
102,Albania,Albania,ALB,albania.png,UEFA,1992-04-07,2099-12-31,1.0,5249.0,5075,4999,2.0,5141,4928.920758086064,4931.775132298557,328
90,Slovakia,Slovakia,SVK,slovakia_1.png,UEFA,1939-08-27,1945-10-23,1.0,5230.0,5166,4880,1.0,5138,4979.7777814582005,4879.706413285501,329
90,Slovakia,Slovakia,SVK,slovakia_1.png,UEFA,1939-08-27,1945-10-23,1.0,5230.0,5166,4880,1.0,5138,4979.7777814582005,4879.706413285501,330
90,Slovakia,Slovakia,SVK,slovakia_1.png,UEFA,1939-08-27,1945-10-23,1.0,5230.0,5166,4880,1.0,5138,4979.7777814582005,4879.706413285501,331
373,Not-Sovereign Slovakia,Slovakia,SVK,czechia.png,,1945-10-24,1990-02-28,0.0,5230.0,5166,4880,2.0,5138,4979.7777814582005,4879.706413285501,332
373,Not-Sovereign Slovakia,Slovakia,SVK,czechia.png,,1945-10-24,1990-02-28,0.0,5230.0,5166,4880,2.0,5138,4979.7777814582005,4879.706413285501,333
373,Not-Sovereign Slovakia,Slovakia,SVK,czechia.png,,1945-10-24,1990-02-28,0.0,5230.0,5166,4880,2.0,5138,4979.7777814582005,4879.706413285501,334
561,Slovakia,Slovakia,SVK,slovakia_1.png,UEFA,1990-03-01,1992-09-02,1.0,5230.0,5166,4880,3.0,5138,4979.7777814582005,4879.706413285501,335
561,Slovakia,Slovakia,SVK,slovakia_1.png,UEFA,1990-03-01,1992-09-02,1.0,5230.0,5166,4880,3.0,5138,4979.7777814582005,4879.706413285501,336
561,Slovakia,Slovakia,SVK,slovakia_1.png,UEFA,1990-03-01,1992-09-02,1.0,5230.0,5166,4880,3.0,5138,4979.7777814582005,4879.706413285501,337
562,Slovakia,Slovakia,SVK,slovakia.png,UEFA,1992-09-03,2099-12-31,1.0,5230.0,5166,4880,4.0,5138,4979.7777814582005,4879.706413285501,338
562,Slovakia,Slovakia,SVK,slovakia.png,UEFA,1992-09-03,2099-12-31,1.0,5230.0,5166,4880,4.0,5138,4979.7777814582005,4879.706413285501,339
562,Slovakia,Slovakia,SVK,slovakia.png,UEFA,1992-09-03,2099-12-31,1.0,5230.0,5166,4880,4.0,5138,4979.7777814582005,4879.706413285501,340
78,Israel,Israel,ISR,israel.png,UEFA,1949-07-30,2099-12-31,1.0,5065.0,5037,4799,1.0,5126,5116.545992706753,4772.562626904567,341
346,French Sudan,Mali,MLI,fr_sudan.png,CAF,1954-12-31,1959-04-03,1.0,5005.0,5036,4758,1.0,5124,4916.956264366089,4976.178461452185,342
347,Mali Federation,Mali,MLI,mali_fed.png,CAF,1959-04-04,1960-08-19,1.0,5005.0,5036,4758,2.0,5124,4916.956264366089,4976.178461452185,343
156,Mali,Mali,MLI,mali.png,CAF,1960-08-20,2099-12-31,1.0,5005.0,5036,4758,3.0,5124,4916.956264366089,4976.178461452185,344
4,Northern Ireland,Northern Ireland,NIR,northern_ireland.png,UEFA,1921-02-26,2099-12-31,1.0,5426.0,5191,5111,1.0,5121,4990.948717948718,4901.239225135459,345
238,Uzbekistan,Uzbekistan,UZB,uzbekistan.png,AFC,1992-06-17,2099-12-31,1.0,5093.0,5044,4773,1.0,5121,4910.721313694908,4885.382766315711,346
148,Tunisia,Tunisia,TUN,tunisia.png,CAF,1954-05-31,2099-12-31,1.0,5046.0,5045,4623,1.0,5120,4977.40623124516,4894.133187155891,347
101,Iceland,Iceland,ISL,iceland.png,UEFA,1930-07-29,2099-12-31,1.0,4742.0,4932,4498,1.0,5106,5114.214564271475,4793.836404842501,348
42,New Zealand,New Zealand,NZL,new_zealand.png,OFC,1922-06-17,2099-12-31,1.0,4791.0,4987,4502,1.0,5105,5039.218343486068,4861.00384115214,349
333,Belgian Congo,DR Congo,COD,be_congo.png,CAF,1948-12-31,1960-06-29,1.0,5227.0,5108,4830,1.0,5099,4925.3252266551035,4955.521704722478,350
333,Belgian Congo,DR Congo,COD,be_congo.png,CAF,1948-12-31,1960-06-29,1.0,5227.0,5108,4830,1.0,5099,4925.3252266551035,4955.521704722478,351
333,Belgian Congo,DR Congo,COD,be_congo.png,CAF,1948-12-31,1960-06-29,1.0,5227.0,5108,4830,1.0,5099,4925.3252266551035,4955.521704722478,352
333,Belgian Congo,DR Congo,COD,be_congo.png,CAF,1948-12-31,1960-06-29,1.0,5227.0,5108,4830,1.0,5099,4925.3252266551035,4955.521704722478,353
334,Congo-Leopoldville,DR Congo,COD,congo_leopoldville.png,CAF,1960-06-30,1963-12-31,1.0,5227.0,5108,4830,2.0,5099,4925.3252266551035,4955.521704722478,354
334,Congo-Leopoldville,DR Congo,COD,congo_leopoldville.png,CAF,1960-06-30,1963-12-31,1.0,5227.0,5108,4830,2.0,5099,4925.3252266551035,4955.521704722478,355
334,Congo-Leopoldville,DR Congo,COD,congo_leopoldville.png,CAF,1960-06-30,1963-12-31,1.0,5227.0,5108,4830,2.0,5099,4925.3252266551035,4955.521704722478,356
334,Congo-Leopoldville,DR Congo,COD,congo_leopoldville.png,CAF,1960-06-30,1963-12-31,1.0,5227.0,5108,4830,2.0,5099,4925.3252266551035,4955.521704722478,357
454,Congo-Leopoldville,DR Congo,COD,dr_congo_1.png,CAF,1964-01-01,1964-07-31,1.0,5227.0,5108,4830,3.0,5099,4925.3252266551035,4955.521704722478,358
454,Congo-Leopoldville,DR Congo,COD,dr_congo_1.png,CAF,1964-01-01,1964-07-31,1.0,5227.0,5108,4830,3.0,5099,4925.3252266551035,4955.521704722478,359
454,Congo-Leopoldville,DR Congo,COD,dr_congo_1.png,CAF,1964-01-01,1964-07-31,1.0,5227.0,5108,4830,3.0,5099,4925.3252266551035,4955.521704722478,360
454,Congo-Leopoldville,DR Congo,COD,dr_congo_1.png,CAF,1964-01-01,1964-07-31,1.0,5227.0,5108,4830,3.0,5099,4925.3252266551035,4955.521704722478,361
110,DR Congo,DR Congo,COD,dr_congo_1.png,CAF,1964-08-01,1971-10-26,1.0,5227.0,5108,4830,4.0,5099,4925.3252266551035,4955.521704722478,362
110,DR Congo,DR Congo,COD,dr_congo_1.png,CAF,1964-08-01,1971-10-26,1.0,5227.0,5108,4830,4.0,5099,4925.3252266551035,4955.521704722478,363
110,DR Congo,DR Congo,COD,dr_congo_1.png,CAF,1964-08-01,1971-10-26,1.0,5227.0,5108,4830,4.0,5099,4925.3252266551035,4955.521704722478,364
110,DR Congo,DR Congo,COD,dr_congo_1.png,CAF,1964-08-01,1971-10-26,1.0,5227.0,5108,4830,4.0,5099,4925.3252266551035,4955.521704722478,365
332,Zaire,DR Congo,COD,zaire.png,CAF,1971-10-27,1997-05-14,1.0,5227.0,5108,4830,5.0,5099,4925.3252266551035,4955.521704722478,366
332,Zaire,DR Congo,COD,zaire.png,CAF,1971-10-27,1997-05-14,1.0,5227.0,5108,4830,5.0,5099,4925.3252266551035,4955.521704722478,367
332,Zaire,DR Congo,COD,zaire.png,CAF,1971-10-27,1997-05-14,1.0,5227.0,5108,4830,5.0,5099,4925.3252266551035,4955.521704722478,368
332,Zaire,DR Congo,COD,zaire.png,CAF,1971-10-27,1997-05-14,1.0,5227.0,5108,4830,5.0,5099,4925.3252266551035,4955.521704722478,369
455,DR Congo,DR Congo,COD,dr_congo_2.png,CAF,1997-05-15,2002-12-31,1.0,5227.0,5108,4830,6.0,5099,4925.3252266551035,4955.521704722478,370
455,DR Congo,DR Congo,COD,dr_congo_2.png,CAF,1997-05-15,2002-12-31,1.0,5227.0,5108,4830,6.0,5099,4925.3252266551035,4955.521704722478,371
455,DR Congo,DR Congo,COD,dr_congo_2.png,CAF,1997-05-15,2002-12-31,1.0,5227.0,5108,4830,6.0,5099,4925.3252266551035,4955.521704722478,372
455,DR Congo,DR Congo,COD,dr_congo_2.png,CAF,1997-05-15,2002-12-31,1.0,5227.0,5108,4830,6.0,5099,4925.3252266551035,4955.521704722478,373
456,DR Congo,DR Congo,COD,dr_congo_3.png,CAF,2003-01-01,2006-02-17,1.0,5227.0,5108,4830,7.0,5099,4925.3252266551035,4955.521704722478,374
456,DR Congo,DR Congo,COD,dr_congo_3.png,CAF,2003-01-01,2006-02-17,1.0,5227.0,5108,4830,7.0,5099,4925.3252266551035,4955.521704722478,375
456,DR Congo,DR Congo,COD,dr_congo_3.png,CAF,2003-01-01,2006-02-17,1.0,5227.0,5108,4830,7.0,5099,4925.3252266551035,4955.521704722478,376
456,DR Congo,DR Congo,COD,dr_congo_3.png,CAF,2003-01-01,2006-02-17,1.0,5227.0,5108,4830,7.0,5099,4925.3252266551035,4955.521704722478,377
457,DR Congo,DR Congo,COD,dr_congo.png,CAF,2006-02-18,2099-12-31,1.0,5227.0,5108,4830,8.0,5099,4925.3252266551035,4955.521704722478,378
457,DR Congo,DR Congo,COD,dr_congo.png,CAF,2006-02-18,2099-12-31,1.0,5227.0,5108,4830,8.0,5099,4925.3252266551035,4955.521704722478,379
457,DR Congo,DR Congo,COD,dr_congo.png,CAF,2006-02-18,2099-12-31,1.0,5227.0,5108,4830,8.0,5099,4925.3252266551035,4955.521704722478,380
457,DR Congo,DR Congo,COD,dr_congo.png,CAF,2006-02-18,2099-12-31,1.0,5227.0,5108,4830,8.0,5099,4925.3252266551035,4955.521704722478,381
89,Panama,Panama,PAN,panama.png,CONCACAF,1938-02-12,2099-12-31,1.0,4662.0,4870,4444,1.0,5094,5038.485346617866,4827.06291901547,382
417,Bosnia and Herzegovina,Bosnia and Herzegovina,BIH,bosnia_1.png,UEFA,1990-12-08,1992-05-19,1.0,5030.0,4973,4813,1.0,5090,4968.728087860847,4797.007683548902,383
417,Bosnia and Herzegovina,Bosnia and Herzegovina,BIH,bosnia_1.png,UEFA,1990-12-08,1992-05-19,1.0,5030.0,4973,4813,1.0,5090,4968.728087860847,4797.007683548902,384
417,Bosnia and Herzegovina,Bosnia and Herzegovina,BIH,bosnia_1.png,UEFA,1990-12-08,1992-05-19,1.0,5030.0,4973,4813,1.0,5090,4968.728087860847,4797.007683548902,385
418,Bosnia and Herzegovina,Bosnia and Herzegovina,BIH,bosnia_2.png,UEFA,1992-05-20,1998-02-03,1.0,5030.0,4973,4813,2.0,5090,4968.728087860847,4797.007683548902,386
418,Bosnia and Herzegovina,Bosnia and Herzegovina,BIH,bosnia_2.png,UEFA,1992-05-20,1998-02-03,1.0,5030.0,4973,4813,2.0,5090,4968.728087860847,4797.007683548902,387
418,Bosnia and Herzegovina,Bosnia and Herzegovina,BIH,bosnia_2.png,UEFA,1992-05-20,1998-02-03,1.0,5030.0,4973,4813,2.0,5090,4968.728087860847,4797.007683548902,388
244,Bosnia and Herzegovina,Bosnia and Herzegovina,BIH,bosnia.png,UEFA,1998-02-04,2099-12-31,1.0,5030.0,4973,4813,3.0,5090,4968.728087860847,4797.007683548902,389
244,Bosnia and Herzegovina,Bosnia and Herzegovina,BIH,bosnia.png,UEFA,1998-02-04,2099-12-31,1.0,5030.0,4973,4813,3.0,5090,4968.728087860847,4797.007683548902,390
244,Bosnia and Herzegovina,Bosnia and Herzegovina,BIH,bosnia.png,UEFA,1998-02-04,2099-12-31,1.0,5030.0,4973,4813,3.0,5090,4968.728087860847,4797.007683548902,391
167,Jordan,Jordan,JOR,jordan.png,AFC,1953-08-01,2099-12-31,1.0,4551.0,4791,4471,1.0,5082,5043.923659954529,4763.613348999766,392
430,Cameroon,Cameroon,CMR,france.png,CAF,1953-09-30,1959-12-31,1.0,5075.0,5109,4628,1.0,5070,4967.325589289149,4905.673772511358,393
430,Cameroon,Cameroon,CMR,france.png,CAF,1953-09-30,1959-12-31,1.0,5075.0,5109,4628,1.0,5070,4967.325589289149,4905.673772511358,394
430,Cameroon,Cameroon,CMR,france.png,CAF,1953-09-30,1959-12-31,1.0,5075.0,5109,4628,1.0,5070,4967.325589289149,4905.673772511358,395
430,Cameroon,Cameroon,CMR,france.png,CAF,1953-09-30,1959-12-31,1.0,5075.0,5109,4628,1.0,5070,4967.325589289149,4905.673772511358,396
431,Cameroon,Cameroon,CMR,cameroon_1.png,CAF,1960-01-01,1961-09-30,1.0,5075.0,5109,4628,2.0,5070,4967.325589289149,4905.673772511358,397
431,Cameroon,Cameroon,CMR,cameroon_1.png,CAF,1960-01-01,1961-09-30,1.0,5075.0,5109,4628,2.0,5070,4967.325589289149,4905.673772511358,398
431,Cameroon,Cameroon,CMR,cameroon_1.png,CAF,1960-01-01,1961-09-30,1.0,5075.0,5109,4628,2.0,5070,4967.325589289149,4905.673772511358,399
431,Cameroon,Cameroon,CMR,cameroon_1.png,CAF,1960-01-01,1961-09-30,1.0,5075.0,5109,4628,2.0,5070,4967.325589289149,4905.673772511358,400
432,Cameroon,Cameroon,CMR,cameroon_2.png,CAF,1961-10-01,1975-05-19,1.0,5075.0,5109,4628,3.0,5070,4967.325589289149,4905.673772511358,401
432,Cameroon,Cameroon,CMR,cameroon_2.png,CAF,1961-10-01,1975-05-19,1.0,5075.0,5109,4628,3.0,5070,4967.325589289149,4905.673772511358,402
432,Cameroon,Cameroon,CMR,cameroon_2.png,CAF,1961-10-01,1975-05-19,1.0,5075.0,5109,4628,3.0,5070,4967.325589289149,4905.673772511358,403
432,Cameroon,Cameroon,CMR,cameroon_2.png,CAF,1961-10-01,1975-05-19,1.0,5075.0,5109,4628,3.0,5070,4967.325589289149,4905.673772511358,404
154,Cameroon,Cameroon,CMR,cameroon.png,CAF,1975-05-20,2099-12-31,1.0,5075.0,5109,4628,4.0,5070,4967.325589289149,4905.673772511358,405
154,Cameroon,Cameroon,CMR,cameroon.png,CAF,1975-05-20,2099-12-31,1.0,5075.0,5109,4628,4.0,5070,4967.325589289149,4905.673772511358,406
154,Cameroon,Cameroon,CMR,cameroon.png,CAF,1975-05-20,2099-12-31,1.0,5075.0,5109,4628,4.0,5070,4967.325589289149,4905.673772511358,407
154,Cameroon,Cameroon,CMR,cameroon.png,CAF,1975-05-20,2099-12-31,1.0,5075.0,5109,4628,4.0,5070,4967.325589289149,4905.673772511358,408
63,Bolivia,Bolivia,BOL,bolivia.png,CONMEBOL,1926-10-12,2099-12-31,1.0,4792.0,5046,4517,1.0,5055,4983.302226093946,4795.927761268353,409
338,Gold Coast,Ghana,GHA,gold_coast.png,CAF,1950-05-28,1957-03-05,1.0,5293.0,5206,4898,1.0,5045,5006.897435897436,4832.93555883747,410
121,Ghana,Ghana,GHA,ghana.png,CAF,1957-03-06,2099-12-31,1.0,5293.0,5206,4898,2.0,5045,5006.897435897436,4832.93555883747,411
323,Upper Volta,Burkina Faso,BFA,upper_volta.png,CAF,1960-04-14,1984-08-03,1.0,4753.0,5005,4529,1.0,5037,5039.945007993004,4802.402820042363,412
158,Burkina Faso,Burkina Faso,BFA,burkina.png,CAF,1984-08-04,2099-12-31,1.0,4753.0,5005,4529,2.0,5037,5039.945007993004,4802.402820042363,413
21,Finland,Finland,FIN,finland.png,UEFA,1911-10-22,2099-12-31,1.0,5135.0,5242,4640,1.0,5030,4986.500846210422,4756.709644127159,414
349,Macedonia,North Macedonia,MKD,macedonia_1.png,UEFA,1993-10-13,1995-10-04,1.0,5106.0,4980,4834,1.0,5027,4913.0,4843.713010883385,415
535,Macedonia,North Macedonia,MKD,macedonia.png,UEFA,1995-10-05,2019-02-11,1.0,5106.0,4980,4834,2.0,5027,4913.0,4843.713010883385,416
243,North Macedonia,North Macedonia,MKD,macedonia.png,UEFA,2019-02-12,2099-12-31,1.0,5106.0,4980,4834,3.0,5027,4913.0,4843.713010883385,417
202,Angola,Angola,ANG,angola.png,CAF,1976-02-08,2099-12-31,1.0,4998.0,4931,4861,1.0,5016,4968.4172775045845,4821.277848650073,418
435,Cape Verde,Cape Verde,CPV,portugal.png,CAF,1959-12-20,1974-09-09,1.0,4746.0,4823,4738,1.0,5016,4973.883212310751,4866.260302438317,419
435,Cape Verde,Cape Verde,CPV,portugal.png,CAF,1959-12-20,1974-09-09,1.0,4746.0,4823,4738,1.0,5016,4973.883212310751,4866.260302438317,420
435,Cape Verde,Cape Verde,CPV,portugal.png,CAF,1959-12-20,1974-09-09,1.0,4746.0,4823,4738,1.0,5016,4973.883212310751,4866.260302438317,421
436,Cape Verde,Cape Verde,CPV,cape_verde_1.png,CAF,1974-09-10,1992-09-21,1.0,4746.0,4823,4738,2.0,5016,4973.883212310751,4866.260302438317,422
436,Cape Verde,Cape Verde,CPV,cape_verde_1.png,CAF,1974-09-10,1992-09-21,1.0,4746.0,4823,4738,2.0,5016,4973.883212310751,4866.260302438317,423
436,Cape Verde,Cape Verde,CPV,cape_verde_1.png,CAF,1974-09-10,1992-09-21,1.0,4746.0,4823,4738,2.0,5016,4973.883212310751,4866.260302438317,424
153,Cape Verde,Cape Verde,CPV,cape_verde.png,CAF,1992-09-22,2099-12-31,1.0,4746.0,4823,4738,3.0,5016,4973.883212310751,4866.260302438317,425
153,Cape Verde,Cape Verde,CPV,cape_verde.png,CAF,1992-09-22,2099-12-31,1.0,4746.0,4823,4738,3.0,5016,4973.883212310751,4866.260302438317,426
153,Cape Verde,Cape Verde,CPV,cape_verde.png,CAF,1992-09-22,2099-12-31,1.0,4746.0,4823,4738,3.0,5016,4973.883212310751,4866.260302438317,427
58,Haiti,Haiti,HAI,haiti_1.png,CONCACAF,1925-03-22,1957-10-21,1.0,4623.0,4674,4548,1.0,4985,4999.816327403819,4820.942548333138,428
58,Haiti,Haiti,HAI,haiti_1.png,CONCACAF,1925-03-22,1957-10-21,1.0,4623.0,4674,4548,1.0,4985,4999.816327403819,4820.942548333138,429
58,Haiti,Haiti,HAI,haiti_1.png,CONCACAF,1925-03-22,1957-10-21,1.0,4623.0,4674,4548,1.0,4985,4999.816327403819,4820.942548333138,430
489,Haiti,Haiti,HAI,haiti_2.png,CONCACAF,1957-10-22,1986-02-06,1.0,4623.0,4674,4548,2.0,4985,4999.816327403819,4820.942548333138,431
489,Haiti,Haiti,HAI,haiti_2.png,CONCACAF,1957-10-22,1986-02-06,1.0,4623.0,4674,4548,2.0,4985,4999.816327403819,4820.942548333138,432
489,Haiti,Haiti,HAI,haiti_2.png,CONCACAF,1957-10-22,1986-02-06,1.0,4623.0,4674,4548,2.0,4985,4999.816327403819,4820.942548333138,433
490,Haiti,Haiti,HAI,haiti.png,CONCACAF,1986-02-07,2099-12-31,1.0,4623.0,4674,4548,3.0,4985,4999.816327403819,4820.942548333138,434
490,Haiti,Haiti,HAI,haiti.png,CONCACAF,1986-02-07,2099-12-31,1.0,4623.0,4674,4548,3.0,4985,4999.816327403819,4820.942548333138,435
490,Haiti,Haiti,HAI,haiti.png,CONCACAF,1986-02-07,2099-12-31,1.0,4623.0,4674,4548,3.0,4985,4999.816327403819,4820.942548333138,436
68,Belarus,Belarus,BLR,belarus.png,UEFA,1992-10-28,2099-12-31,1.0,4996.0,4959,4812,1.0,4981,4923.293415174665,4848.722213131486,437
565,South Africa,South Africa,RSA,south_africa_1.png,CAF,1906-07-09,1928-05-30,1.0,5191.0,5248,4813,1.0,4979,4878.489845373445,4754.989094416549,438
565,South Africa,South Africa,RSA,south_africa_1.png,CAF,1906-07-09,1928-05-30,1.0,5191.0,5248,4813,1.0,4979,4878.489845373445,4754.989094416549,439
565,South Africa,South Africa,RSA,south_africa_1.png,CAF,1906-07-09,1928-05-30,1.0,5191.0,5248,4813,1.0,4979,4878.489845373445,4754.989094416549,440
566,South Africa,South Africa,RSA,south_africa_2.png,CAF,1928-05-31,1994-04-26,,,5248,4813,2.0,4979,4878.489845373445,4754.989094416549,441
566,South Africa,South Africa,RSA,south_africa_2.png,CAF,1928-05-31,1994-04-26,,,5248,4813,2.0,4979,4878.489845373445,4754.989094416549,442
566,South Africa,South Africa,RSA,south_africa_2.png,CAF,1928-05-31,1994-04-26,,,5248,4813,2.0,4979,4878.489845373445,4754.989094416549,443
57,South Africa,South Africa,RSA,south_africa.png,CAF,1994-04-27,2099-12-31,1.0,5191.0,5248,4813,3.0,4979,4878.489845373445,4754.989094416549,444
57,South Africa,South Africa,RSA,south_africa.png,CAF,1994-04-27,2099-12-31,1.0,5191.0,5248,4813,3.0,4979,4878.489845373445,4754.989094416549,445
57,South Africa,South Africa,RSA,south_africa.png,CAF,1994-04-27,2099-12-31,1.0,5191.0,5248,4813,3.0,4979,4878.489845373445,4754.989094416549,446
33,Costa Rica,Costa Rica,CRC,costa_rica.png,CONCACAF,1921-09-14,2099-12-31,1.0,5616.0,5550,4915,1.0,4970,4996.79571579775,4734.3444241281495,447
173,Saudi Arabia,Saudi Arabia,KSA,saudi_arabia_1.png,AFC,1957-10-18,1973-03-14,1.0,4709.0,4866,4636,1.0,4967,4832.102985728032,4830.123064783428,448
173,Saudi Arabia,Saudi Arabia,KSA,saudi_arabia_1.png,AFC,1957-10-18,1973-03-14,1.0,4709.0,4866,4636,1.0,4967,4832.102985728032,4830.123064783428,449
550,Saudi Arabia,Saudi Arabia,KSA,saudi_arabia.png,AFC,1973-03-15,2099-12-31,1.0,4709.0,4866,4636,2.0,4967,4832.102985728032,4830.123064783428,450
550,Saudi Arabia,Saudi Arabia,KSA,saudi_arabia.png,AFC,1973-03-15,2099-12-31,1.0,4709.0,4866,4636,2.0,4967,4832.102985728032,4830.123064783428,451
164,Guinea,Guinea,GUI,guinea.png,CAF,1958-12-07,2099-12-31,1.0,5102.0,5134,4766,1.0,4966,4921.887739373051,4860.358995448337,452
161,Iraq,Iraq,IRQ,iraq_1.png,AFC,1944-03-05,1958-12-31,1.0,5155.0,5025,4841,1.0,4963,4838.853692746152,4822.7460514629265,453
161,Iraq,Iraq,IRQ,iraq_1.png,AFC,1944-03-05,1958-12-31,1.0,5155.0,5025,4841,1.0,4963,4838.853692746152,4822.7460514629265,454
161,Iraq,Iraq,IRQ,iraq_1.png,AFC,1944-03-05,1958-12-31,1.0,5155.0,5025,4841,1.0,4963,4838.853692746152,4822.7460514629265,455
161,Iraq,Iraq,IRQ,iraq_1.png,AFC,1944-03-05,1958-12-31,1.0,5155.0,5025,4841,1.0,4963,4838.853692746152,4822.7460514629265,456
161,Iraq,Iraq,IRQ,iraq_1.png,AFC,1944-03-05,1958-12-31,1.0,5155.0,5025,4841,1.0,4963,4838.853692746152,4822.7460514629265,457
161,Iraq,Iraq,IRQ,iraq_1.png,AFC,1944-03-05,1958-12-31,1.0,5155.0,5025,4841,1.0,4963,4838.853692746152,4822.7460514629265,458
499,Iraq,Iraq,IRQ,iraq_2.png,AFC,1959-01-01,1963-07-30,1.0,5155.0,5025,4841,2.0,4963,4838.853692746152,4822.7460514629265,459
499,Iraq,Iraq,IRQ,iraq_2.png,AFC,1959-01-01,1963-07-30,1.0,5155.0,5025,4841,2.0,4963,4838.853692746152,4822.7460514629265,460
499,Iraq,Iraq,IRQ,iraq_2.png,AFC,1959-01-01,1963-07-30,1.0,5155.0,5025,4841,2.0,4963,4838.853692746152,4822.7460514629265,461
499,Iraq,Iraq,IRQ,iraq_2.png,AFC,1959-01-01,1963-07-30,1.0,5155.0,5025,4841,2.0,4963,4838.853692746152,4822.7460514629265,462
499,Iraq,Iraq,IRQ,iraq_2.png,AFC,1959-01-01,1963-07-30,1.0,5155.0,5025,4841,2.0,4963,4838.853692746152,4822.7460514629265,463
499,Iraq,Iraq,IRQ,iraq_2.png,AFC,1959-01-01,1963-07-30,1.0,5155.0,5025,4841,2.0,4963,4838.853692746152,4822.7460514629265,464
500,Iraq,Iraq,IRQ,iraq_3.png,AFC,1963-07-31,1991-01-13,1.0,5155.0,5025,4841,3.0,4963,4838.853692746152,4822.7460514629265,465
500,Iraq,Iraq,IRQ,iraq_3.png,AFC,1963-07-31,1991-01-13,1.0,5155.0,5025,4841,3.0,4963,4838.853692746152,4822.7460514629265,466
500,Iraq,Iraq,IRQ,iraq_3.png,AFC,1963-07-31,1991-01-13,1.0,5155.0,5025,4841,3.0,4963,4838.853692746152,4822.7460514629265,467
500,Iraq,Iraq,IRQ,iraq_3.png,AFC,1963-07-31,1991-01-13,1.0,5155.0,5025,4841,3.0,4963,4838.853692746152,4822.7460514629265,468
500,Iraq,Iraq,IRQ,iraq_3.png,AFC,1963-07-31,1991-01-13,1.0,5155.0,5025,4841,3.0,4963,4838.853692746152,4822.7460514629265,469
500,Iraq,Iraq,IRQ,iraq_3.png,AFC,1963-07-31,1991-01-13,1.0,5155.0,5025,4841,3.0,4963,4838.853692746152,4822.7460514629265,470
501,Iraq,Iraq,IRQ,iraq_4.png,AFC,1991-01-14,2004-08-14,1.0,5155.0,5025,4841,4.0,4963,4838.853692746152,4822.7460514629265,471
501,Iraq,Iraq,IRQ,iraq_4.png,AFC,1991-01-14,2004-08-14,1.0,5155.0,5025,4841,4.0,4963,4838.853692746152,4822.7460514629265,472
501,Iraq,Iraq,IRQ,iraq_4.png,AFC,1991-01-14,2004-08-14,1.0,5155.0,5025,4841,4.0,4963,4838.853692746152,4822.7460514629265,473
501,Iraq,Iraq,IRQ,iraq_4.png,AFC,1991-01-14,2004-08-14,1.0,5155.0,5025,4841,4.0,4963,4838.853692746152,4822.7460514629265,474
501,Iraq,Iraq,IRQ,iraq_4.png,AFC,1991-01-14,2004-08-14,1.0,5155.0,5025,4841,4.0,4963,4838.853692746152,4822.7460514629265,475
501,Iraq,Iraq,IRQ,iraq_4.png,AFC,1991-01-14,2004-08-14,1.0,5155.0,5025,4841,4.0,4963,4838.853692746152,4822.7460514629265,476
502,Iraq,Iraq,IRQ,iraq_5.png,AFC,2004-08-15,2008-01-21,1.0,5155.0,5025,4841,5.0,4963,4838.853692746152,4822.7460514629265,477
502,Iraq,Iraq,IRQ,iraq_5.png,AFC,2004-08-15,2008-01-21,1.0,5155.0,5025,4841,5.0,4963,4838.853692746152,4822.7460514629265,478
502,Iraq,Iraq,IRQ,iraq_5.png,AFC,2004-08-15,2008-01-21,1.0,5155.0,5025,4841,5.0,4963,4838.853692746152,4822.7460514629265,479
502,Iraq,Iraq,IRQ,iraq_5.png,AFC,2004-08-15,2008-01-21,1.0,5155.0,5025,4841,5.0,4963,4838.853692746152,4822.7460514629265,480
502,Iraq,Iraq,IRQ,iraq_5.png,AFC,2004-08-15,2008-01-21,1.0,5155.0,5025,4841,5.0,4963,4838.853692746152,4822.7460514629265,481
502,Iraq,Iraq,IRQ,iraq_5.png,AFC,2004-08-15,2008-01-21,1.0,5155.0,5025,4841,5.0,4963,4838.853692746152,4822.7460514629265,482
503,Iraq,Iraq,IRQ,iraq.png,AFC,2008-01-22,2099-12-31,1.0,5155.0,5025,4841,6.0,4963,4838.853692746152,4822.7460514629265,483
503,Iraq,Iraq,IRQ,iraq.png,AFC,2008-01-22,2099-12-31,1.0,5155.0,5025,4841,6.0,4963,4838.853692746152,4822.7460514629265,484
503,Iraq,Iraq,IRQ,iraq.png,AFC,2008-01-22,2099-12-31,1.0,5155.0,5025,4841,6.0,4963,4838.853692746152,4822.7460514629265,485
503,Iraq,Iraq,IRQ,iraq.png,AFC,2008-01-22,2099-12-31,1.0,5155.0,5025,4841,6.0,4963,4838.853692746152,4822.7460514629265,486
503,Iraq,Iraq,IRQ,iraq.png,AFC,2008-01-22,2099-12-31,1.0,5155.0,5025,4841,6.0,4963,4838.853692746152,4822.7460514629265,487
503,Iraq,Iraq,IRQ,iraq.png,AFC,2008-01-22,2099-12-31,1.0,5155.0,5025,4841,6.0,4963,4838.853692746152,4822.7460514629265,488
65,Honduras,Honduras,HON,honduras.png,CONCACAF,1921-09-14,2099-12-31,1.0,4567.0,4774,4513,1.0,4958,4903.571428571428,4829.943243084551,489
419,Bulgaria,Bulgaria,BUL,bulgaria.png,UEFA,1924-05-21,1947-12-31,1.0,5119.0,5090,4709,1.0,4949,4924.793668544161,4704.980087935442,490
419,Bulgaria,Bulgaria,BUL,bulgaria.png,UEFA,1924-05-21,1947-12-31,1.0,5119.0,5090,4709,1.0,4949,4924.793668544161,4704.980087935442,491
419,Bulgaria,Bulgaria,BUL,bulgaria.png,UEFA,1924-05-21,1947-12-31,1.0,5119.0,5090,4709,1.0,4949,4924.793668544161,4704.980087935442,492
419,Bulgaria,Bulgaria,BUL,bulgaria.png,UEFA,1924-05-21,1947-12-31,1.0,5119.0,5090,4709,1.0,4949,4924.793668544161,4704.980087935442,493
419,Bulgaria,Bulgaria,BUL,bulgaria.png,UEFA,1924-05-21,1947-12-31,1.0,5119.0,5090,4709,1.0,4949,4924.793668544161,4704.980087935442,494
419,Bulgaria,Bulgaria,BUL,bulgaria.png,UEFA,1924-05-21,1947-12-31,1.0,5119.0,5090,4709,1.0,4949,4924.793668544161,4704.980087935442,495
420,Bulgaria,Bulgaria,BUL,bulgaria_2.png,UEFA,1948-01-01,1948-12-31,1.0,5119.0,5090,4709,2.0,4949,4924.793668544161,4704.980087935442,496
420,Bulgaria,Bulgaria,BUL,bulgaria_2.png,UEFA,1948-01-01,1948-12-31,1.0,5119.0,5090,4709,2.0,4949,4924.793668544161,4704.980087935442,497
420,Bulgaria,Bulgaria,BUL,bulgaria_2.png,UEFA,1948-01-01,1948-12-31,1.0,5119.0,5090,4709,2.0,4949,4924.793668544161,4704.980087935442,498
420,Bulgaria,Bulgaria,BUL,bulgaria_2.png,UEFA,1948-01-01,1948-12-31,1.0,5119.0,5090,4709,2.0,4949,4924.793668544161,4704.980087935442,499
420,Bulgaria,Bulgaria,BUL,bulgaria_2.png,UEFA,1948-01-01,1948-12-31,1.0,5119.0,5090,4709,2.0,4949,4924.793668544161,4704.980087935442,500
420,Bulgaria,Bulgaria,BUL,bulgaria_2.png,UEFA,1948-01-01,1948-12-31,1.0,5119.0,5090,4709,2.0,4949,4924.793668544161,4704.980087935442,501
421,Bulgaria,Bulgaria,BUL,bulgaria_3.png,UEFA,1949-01-01,1966-12-31,1.0,5119.0,5090,4709,3.0,4949,4924.793668544161,4704.980087935442,502
421,Bulgaria,Bulgaria,BUL,bulgaria_3.png,UEFA,1949-01-01,1966-12-31,1.0,5119.0,5090,4709,3.0,4949,4924.793668544161,4704.980087935442,503
421,Bulgaria,Bulgaria,BUL,bulgaria_3.png,UEFA,1949-01-01,1966-12-31,1.0,5119.0,5090,4709,3.0,4949,4924.793668544161,4704.980087935442,504
421,Bulgaria,Bulgaria,BUL,bulgaria_3.png,UEFA,1949-01-01,1966-12-31,1.0,5119.0,5090,4709,3.0,4949,4924.793668544161,4704.980087935442,505
421,Bulgaria,Bulgaria,BUL,bulgaria_3.png,UEFA,1949-01-01,1966-12-31,1.0,5119.0,5090,4709,3.0,4949,4924.793668544161,4704.980087935442,506
421,Bulgaria,Bulgaria,BUL,bulgaria_3.png,UEFA,1949-01-01,1966-12-31,1.0,5119.0,5090,4709,3.0,4949,4924.793668544161,4704.980087935442,507
422,Bulgaria,Bulgaria,BUL,bulgaria_4.png,UEFA,1967-01-01,1970-12-31,1.0,5119.0,5090,4709,4.0,4949,4924.793668544161,4704.980087935442,508
422,Bulgaria,Bulgaria,BUL,bulgaria_4.png,UEFA,1967-01-01,1970-12-31,1.0,5119.0,5090,4709,4.0,4949,4924.793668544161,4704.980087935442,509
422,Bulgaria,Bulgaria,BUL,bulgaria_4.png,UEFA,1967-01-01,1970-12-31,1.0,5119.0,5090,4709,4.0,4949,4924.793668544161,4704.980087935442,510
422,Bulgaria,Bulgaria,BUL,bulgaria_4.png,UEFA,1967-01-01,1970-12-31,1.0,5119.0,5090,4709,4.0,4949,4924.793668544161,4704.980087935442,511
422,Bulgaria,Bulgaria,BUL,bulgaria_4.png,UEFA,1967-01-01,1970-12-31,1.0,5119.0,5090,4709,4.0,4949,4924.793668544161,4704.980087935442,512
422,Bulgaria,Bulgaria,BUL,bulgaria_4.png,UEFA,1967-01-01,1970-12-31,1.0,5119.0,5090,4709,4.0,4949,4924.793668544161,4704.980087935442,513
423,Bulgaria,Bulgaria,BUL,bulgaria_5.png,UEFA,1971-01-01,1990-11-26,1.0,5119.0,5090,4709,5.0,4949,4924.793668544161,4704.980087935442,514
423,Bulgaria,Bulgaria,BUL,bulgaria_5.png,UEFA,1971-01-01,1990-11-26,1.0,5119.0,5090,4709,5.0,4949,4924.793668544161,4704.980087935442,515
423,Bulgaria,Bulgaria,BUL,bulgaria_5.png,UEFA,1971-01-01,1990-11-26,1.0,5119.0,5090,4709,5.0,4949,4924.793668544161,4704.980087935442,516
423,Bulgaria,Bulgaria,BUL,bulgaria_5.png,UEFA,1971-01-01,1990-11-26,1.0,5119.0,5090,4709,5.0,4949,4924.793668544161,4704.980087935442,517
423,Bulgaria,Bulgaria,BUL,bulgaria_5.png,UEFA,1971-01-01,1990-11-26,1.0,5119.0,5090,4709,5.0,4949,4924.793668544161,4704.980087935442,518
423,Bulgaria,Bulgaria,BUL,bulgaria_5.png,UEFA,1971-01-01,1990-11-26,1.0,5119.0,5090,4709,5.0,4949,4924.793668544161,4704.980087935442,519
55,Bulgaria,Bulgaria,BUL,bulgaria.png,UEFA,1990-11-27,2099-12-31,1.0,5119.0,5090,4709,6.0,4949,4924.793668544161,4704.980087935442,520
55,Bulgaria,Bulgaria,BUL,bulgaria.png,UEFA,1990-11-27,2099-12-31,1.0,5119.0,5090,4709,6.0,4949,4924.793668544161,4704.980087935442,521
55,Bulgaria,Bulgaria,BUL,bulgaria.png,UEFA,1990-11-27,2099-12-31,1.0,5119.0,5090,4709,6.0,4949,4924.793668544161,4704.980087935442,522
55,Bulgaria,Bulgaria,BUL,bulgaria.png,UEFA,1990-11-27,2099-12-31,1.0,5119.0,5090,4709,6.0,4949,4924.793668544161,4704.980087935442,523
55,Bulgaria,Bulgaria,BUL,bulgaria.png,UEFA,1990-11-27,2099-12-31,1.0,5119.0,5090,4709,6.0,4949,4924.793668544161,4704.980087935442,524
55,Bulgaria,Bulgaria,BUL,bulgaria.png,UEFA,1990-11-27,2099-12-31,1.0,5119.0,5090,4709,6.0,4949,4924.793668544161,4704.980087935442,525
130,Gambia,Gambia,GAM,gambia_1.png,CAF,1953-02-09,1965-02-17,1.0,4774.0,4970,4666,1.0,4942,5052.123928170142,4715.6817906969345,526
130,Gambia,Gambia,GAM,gambia_1.png,CAF,1953-02-09,1965-02-17,1.0,4774.0,4970,4666,1.0,4942,5052.123928170142,4715.6817906969345,527
474,Gambia,Gambia,GAM,gambia.png,CAF,1965-02-18,2099-12-31,1.0,4774.0,4970,4666,2.0,4942,5052.123928170142,4715.6817906969345,528
474,Gambia,Gambia,GAM,gambia.png,CAF,1965-02-18,2099-12-31,1.0,4774.0,4970,4666,2.0,4942,5052.123928170142,4715.6817906969345,529
193,United Arab Emirates,United Arab Emirates,UAE,uae.png,AFC,1972-03-17,2099-12-31,1.0,4588.0,4751,4524,1.0,4941,4843.269422481675,4766.4284008089735,530
22,Luxembourg,Luxembourg,LUX,luxembourg.png,UEFA,1911-10-29,2099-12-31,1.0,4769.0,5046,4387,1.0,4931,4821.644911558217,4776.059968085998,531
194,Faroe Islands,Faroe Islands,FAR,denmark.png,UEFA,1930-07-29,1940-04-24,1.0,4542.0,4754,4376,1.0,4926,4812.688802694778,4795.051282051282,532
194,Faroe Islands,Faroe Islands,FAR,denmark.png,UEFA,1930-07-29,1940-04-24,1.0,4542.0,4754,4376,1.0,4926,4812.688802694778,4795.051282051282,533
471,Faroe Islands,Faroe Islands,FAR,faroe.png,UEFA,1940-04-25,2099-12-31,1.0,4542.0,4754,4376,2.0,4926,4812.688802694778,4795.051282051282,534
471,Faroe Islands,Faroe Islands,FAR,faroe.png,UEFA,1940-04-25,2099-12-31,1.0,4542.0,4754,4376,2.0,4926,4812.688802694778,4795.051282051282,535
103,Montenegro,Montenegro,MNE,montenegro.png,UEFA,2007-03-24,2099-12-31,1.0,5087.0,4978,4805,1.0,4907,4905.651014726267,4645.636769268263,536
209,Kazakhstan,Kazakhstan,KAZ,kazakhstan.png,UEFA,1992-06-01,2099-12-31,1.0,4930.0,4842,4878,1.0,4901,4840.737001977539,4720.13198373488,537
576,Syria,Syria,SYR,syria_1.png,AFC,1944-03-10,1958-02-21,1.0,4813.0,4927,4629,1.0,4900,4941.790346746136,4701.2908028210395,538
576,Syria,Syria,SYR,syria_1.png,AFC,1944-03-10,1958-02-21,1.0,4813.0,4927,4629,1.0,4900,4941.790346746136,4701.2908028210395,539
576,Syria,Syria,SYR,syria_1.png,AFC,1944-03-10,1958-02-21,1.0,4813.0,4927,4629,1.0,4900,4941.790346746136,4701.2908028210395,540
576,Syria,Syria,SYR,syria_1.png,AFC,1944-03-10,1958-02-21,1.0,4813.0,4927,4629,1.0,4900,4941.790346746136,4701.2908028210395,541
576,Syria,Syria,SYR,syria_1.png,AFC,1944-03-10,1958-02-21,1.0,4813.0,4927,4629,1.0,4900,4941.790346746136,4701.2908028210395,542
576,Syria,Syria,SYR,syria_1.png,AFC,1944-03-10,1958-02-21,1.0,4813.0,4927,4629,1.0,4900,4941.790346746136,4701.2908028210395,543
576,Syria,Syria,SYR,syria_1.png,AFC,1944-03-10,1958-02-21,1.0,4813.0,4927,4629,1.0,4900,4941.790346746136,4701.2908028210395,544
577,Syria,Syria,SYR,syria_2.png,AFC,1958-02-22,1961-09-27,1.0,4813.0,4927,4629,2.0,4900,4941.790346746136,4701.2908028210395,545
577,Syria,Syria,SYR,syria_2.png,AFC,1958-02-22,1961-09-27,1.0,4813.0,4927,4629,2.0,4900,4941.790346746136,4701.2908028210395,546
577,Syria,Syria,SYR,syria_2.png,AFC,1958-02-22,1961-09-27,1.0,4813.0,4927,4629,2.0,4900,4941.790346746136,4701.2908028210395,547
577,Syria,Syria,SYR,syria_2.png,AFC,1958-02-22,1961-09-27,1.0,4813.0,4927,4629,2.0,4900,4941.790346746136,4701.2908028210395,548
577,Syria,Syria,SYR,syria_2.png,AFC,1958-02-22,1961-09-27,1.0,4813.0,4927,4629,2.0,4900,4941.790346746136,4701.2908028210395,549
577,Syria,Syria,SYR,syria_2.png,AFC,1958-02-22,1961-09-27,1.0,4813.0,4927,4629,2.0,4900,4941.790346746136,4701.2908028210395,550
577,Syria,Syria,SYR,syria_2.png,AFC,1958-02-22,1961-09-27,1.0,4813.0,4927,4629,2.0,4900,4941.790346746136,4701.2908028210395,551
578,Syria,Syria,SYR,syria_1.png,AFC,1961-09-28,1963-03-07,1.0,4813.0,4927,4629,3.0,4900,4941.790346746136,4701.2908028210395,552
578,Syria,Syria,SYR,syria_1.png,AFC,1961-09-28,1963-03-07,1.0,4813.0,4927,4629,3.0,4900,4941.790346746136,4701.2908028210395,553
578,Syria,Syria,SYR,syria_1.png,AFC,1961-09-28,1963-03-07,1.0,4813.0,4927,4629,3.0,4900,4941.790346746136,4701.2908028210395,554
578,Syria,Syria,SYR,syria_1.png,AFC,1961-09-28,1963-03-07,1.0,4813.0,4927,4629,3.0,4900,4941.790346746136,4701.2908028210395,555
578,Syria,Syria,SYR,syria_1.png,AFC,1961-09-28,1963-03-07,1.0,4813.0,4927,4629,3.0,4900,4941.790346746136,4701.2908028210395,556
578,Syria,Syria,SYR,syria_1.png,AFC,1961-09-28,1963-03-07,1.0,4813.0,4927,4629,3.0,4900,4941.790346746136,4701.2908028210395,557
578,Syria,Syria,SYR,syria_1.png,AFC,1961-09-28,1963-03-07,1.0,4813.0,4927,4629,3.0,4900,4941.790346746136,4701.2908028210395,558
579,Syria,Syria,SYR,syria_3.png,AFC,1963-03-08,1971-12-31,1.0,4813.0,4927,4629,4.0,4900,4941.790346746136,4701.2908028210395,559
579,Syria,Syria,SYR,syria_3.png,AFC,1963-03-08,1971-12-31,1.0,4813.0,4927,4629,4.0,4900,4941.790346746136,4701.2908028210395,560
579,Syria,Syria,SYR,syria_3.png,AFC,1963-03-08,1971-12-31,1.0,4813.0,4927,4629,4.0,4900,4941.790346746136,4701.2908028210395,561
579,Syria,Syria,SYR,syria_3.png,AFC,1963-03-08,1971-12-31,1.0,4813.0,4927,4629,4.0,4900,4941.790346746136,4701.2908028210395,562
579,Syria,Syria,SYR,syria_3.png,AFC,1963-03-08,1971-12-31,1.0,4813.0,4927,4629,4.0,4900,4941.790346746136,4701.2908028210395,563
579,Syria,Syria,SYR,syria_3.png,AFC,1963-03-08,1971-12-31,1.0,4813.0,4927,4629,4.0,4900,4941.790346746136,4701.2908028210395,564
579,Syria,Syria,SYR,syria_3.png,AFC,1963-03-08,1971-12-31,1.0,4813.0,4927,4629,4.0,4900,4941.790346746136,4701.2908028210395,565
580,Syria,Syria,SYR,syria_4.png,AFC,1972-01-01,1980-03-29,1.0,4813.0,4927,4629,5.0,4900,4941.790346746136,4701.2908028210395,566
580,Syria,Syria,SYR,syria_4.png,AFC,1972-01-01,1980-03-29,1.0,4813.0,4927,4629,5.0,4900,4941.790346746136,4701.2908028210395,567
580,Syria,Syria,SYR,syria_4.png,AFC,1972-01-01,1980-03-29,1.0,4813.0,4927,4629,5.0,4900,4941.790346746136,4701.2908028210395,568
580,Syria,Syria,SYR,syria_4.png,AFC,1972-01-01,1980-03-29,1.0,4813.0,4927,4629,5.0,4900,4941.790346746136,4701.2908028210395,569
580,Syria,Syria,SYR,syria_4.png,AFC,1972-01-01,1980-03-29,1.0,4813.0,4927,4629,5.0,4900,4941.790346746136,4701.2908028210395,570
580,Syria,Syria,SYR,syria_4.png,AFC,1972-01-01,1980-03-29,1.0,4813.0,4927,4629,5.0,4900,4941.790346746136,4701.2908028210395,571
580,Syria,Syria,SYR,syria_4.png,AFC,1972-01-01,1980-03-29,1.0,4813.0,4927,4629,5.0,4900,4941.790346746136,4701.2908028210395,572
581,Syria,Syria,SYR,syria_2.png,AFC,1980-03-30,2024-12-07,1.0,4813.0,4927,4629,6.0,4900,4941.790346746136,4701.2908028210395,573
581,Syria,Syria,SYR,syria_2.png,AFC,1980-03-30,2024-12-07,1.0,4813.0,4927,4629,6.0,4900,4941.790346746136,4701.2908028210395,574
581,Syria,Syria,SYR,syria_2.png,AFC,1980-03-30,2024-12-07,1.0,4813.0,4927,4629,6.0,4900,4941.790346746136,4701.2908028210395,575
581,Syria,Syria,SYR,syria_2.png,AFC,1980-03-30,2024-12-07,1.0,4813.0,4927,4629,6.0,4900,4941.790346746136,4701.2908028210395,576
581,Syria,Syria,SYR,syria_2.png,AFC,1980-03-30,2024-12-07,1.0,4813.0,4927,4629,6.0,4900,4941.790346746136,4701.2908028210395,577
581,Syria,Syria,SYR,syria_2.png,AFC,1980-03-30,2024-12-07,1.0,4813.0,4927,4629,6.0,4900,4941.790346746136,4701.2908028210395,578
581,Syria,Syria,SYR,syria_2.png,AFC,1980-03-30,2024-12-07,1.0,4813.0,4927,4629,6.0,4900,4941.790346746136,4701.2908028210395,579
118,Syria,Syria,SYR,syria.png,AFC,2024-12-08,2099-12-31,1.0,4813.0,4927,4629,7.0,4900,4941.790346746136,4701.2908028210395,580
118,Syria,Syria,SYR,syria.png,AFC,2024-12-08,2099-12-31,1.0,4813.0,4927,4629,7.0,4900,4941.790346746136,4701.2908028210395,581
118,Syria,Syria,SYR,syria.png,AFC,2024-12-08,2099-12-31,1.0,4813.0,4927,4629,7.0,4900,4941.790346746136,4701.2908028210395,582
118,Syria,Syria,SYR,syria.png,AFC,2024-12-08,2099-12-31,1.0,4813.0,4927,4629,7.0,4900,4941.790346746136,4701.2908028210395,583
118,Syria,Syria,SYR,syria.png,AFC,2024-12-08,2099-12-31,1.0,4813.0,4927,4629,7.0,4900,4941.790346746136,4701.2908028210395,584
118,Syria,Syria,SYR,syria.png,AFC,2024-12-08,2099-12-31,1.0,4813.0,4927,4629,7.0,4900,4941.790346746136,4701.2908028210395,585
118,Syria,Syria,SYR,syria.png,AFC,2024-12-08,2099-12-31,1.0,4813.0,4927,4629,7.0,4900,4941.790346746136,4701.2908028210395,586
35,Guatemala,Guatemala,GUA,guatemala.png,CONCACAF,1921-09-14,2099-12-31,1.0,4862.0,5025,4572,1.0,4899,4927.954417745474,4732.355506313972,587
507,Jamaica,Jamaica,JAM,jamaica_1.png,CONCACAF,1925-03-22,1962-08-05,1.0,4677.0,4850,4637,1.0,4894,4840.204202739788,4800.571770882238,588
507,Jamaica,Jamaica,JAM,jamaica_1.png,CONCACAF,1925-03-22,1962-08-05,1.0,4677.0,4850,4637,1.0,4894,4840.204202739788,4800.571770882238,589
59,Jamaica,Jamaica,JAM,jamaica.png,CONCACAF,1962-08-06,2099-12-31,1.0,4677.0,4850,4637,2.0,4894,4840.204202739788,4800.571770882238,590
59,Jamaica,Jamaica,JAM,jamaica.png,CONCACAF,1962-08-06,2099-12-31,1.0,4677.0,4850,4637,2.0,4894,4840.204202739788,4800.571770882238,591
176,Niger,Niger,NIG,niger.png,CAF,1961-12-25,2099-12-31,1.0,4554.0,4818,4465,1.0,4892,4937.986712573785,4806.354096925588,592
368,Southern Rhodesia,Zimbabwe,ZIM,southern_rhodesia.png,CAF,1946-12-31,1965-11-10,1.0,5018.0,4943,4739,1.0,4884,4880.151925694041,4833.909570775371,593
595,Rhodesia,Zimbabwe,ZIM,rhodesia_1.png,CAF,1965-11-11,1968-11-10,1.0,5018.0,4943,4739,2.0,4884,4880.151925694041,4833.909570775371,594
369,Rhodesia,Zimbabwe,ZIM,rhodesia.png,CAF,1968-11-11,1980-04-17,1.0,5018.0,4943,4739,3.0,4884,4880.151925694041,4833.909570775371,595
99,Zimbabwe,Zimbabwe,ZIM,zimbabwe.png,CAF,1980-04-18,2099-12-31,1.0,5018.0,4943,4739,4.0,4884,4880.151925694041,4833.909570775371,596
322,French Dahomey,Benin,BEN,france.png,CAF,1954-12-31,1959-11-07,1.0,4852.0,4992,4637,1.0,4882,4892.748076536696,4825.464886785152,597
322,French Dahomey,Benin,BEN,france.png,CAF,1954-12-31,1959-11-07,1.0,4852.0,4992,4637,1.0,4882,4892.748076536696,4825.464886785152,598
321,Dahomey,Benin,BEN,benin.png,CAF,1959-11-08,1975-11-29,1.0,4852.0,4992,4637,2.0,4882,4892.748076536696,4825.464886785152,599
321,Dahomey,Benin,BEN,benin.png,CAF,1959-11-08,1975-11-29,1.0,4852.0,4992,4637,2.0,4882,4892.748076536696,4825.464886785152,600
152,Benin,Benin,BEN,benin_pr.png,CAF,1975-11-30,1989-12-31,1.0,4852.0,4992,4637,3.0,4882,4892.748076536696,4825.464886785152,601
152,Benin,Benin,BEN,benin_pr.png,CAF,1975-11-30,1989-12-31,1.0,4852.0,4992,4637,3.0,4882,4892.748076536696,4825.464886785152,602
412,Benin,Benin,BEN,benin.png,CAF,1990-01-01,2099-12-31,1.0,4852.0,4992,4637,4.0,4882,4892.748076536696,4825.464886785152,603
412,Benin,Benin,BEN,benin.png,CAF,1990-01-01,2099-12-31,1.0,4852.0,4992,4637,4.0,4882,4892.748076536696,4825.464886785152,604
514,Libya,Libya,LBY,libya.png,CAF,1953-08-03,1969-08-31,1.0,4889.0,5121,4464,1.0,4879,4831.8661150020525,4795.815781160781,605
514,Libya,Libya,LBY,libya.png,CAF,1953-08-03,1969-08-31,1.0,4889.0,5121,4464,1.0,4879,4831.8661150020525,4795.815781160781,606
514,Libya,Libya,LBY,libya.png,CAF,1953-08-03,1969-08-31,1.0,4889.0,5121,4464,1.0,4879,4831.8661150020525,4795.815781160781,607
514,Libya,Libya,LBY,libya.png,CAF,1953-08-03,1969-08-31,1.0,4889.0,5121,4464,1.0,4879,4831.8661150020525,4795.815781160781,608
514,Libya,Libya,LBY,libya.png,CAF,1953-08-03,1969-08-31,1.0,4889.0,5121,4464,1.0,4879,4831.8661150020525,4795.815781160781,609
515,Libya,Libya,LBY,libya_1.png,CAF,1969-09-01,1971-12-31,1.0,4889.0,5121,4464,2.0,4879,4831.8661150020525,4795.815781160781,610
515,Libya,Libya,LBY,libya_1.png,CAF,1969-09-01,1971-12-31,1.0,4889.0,5121,4464,2.0,4879,4831.8661150020525,4795.815781160781,611
515,Libya,Libya,LBY,libya_1.png,CAF,1969-09-01,1971-12-31,1.0,4889.0,5121,4464,2.0,4879,4831.8661150020525,4795.815781160781,612
515,Libya,Libya,LBY,libya_1.png,CAF,1969-09-01,1971-12-31,1.0,4889.0,5121,4464,2.0,4879,4831.8661150020525,4795.815781160781,613
515,Libya,Libya,LBY,libya_1.png,CAF,1969-09-01,1971-12-31,1.0,4889.0,5121,4464,2.0,4879,4831.8661150020525,4795.815781160781,614
516,Libya,Libya,LBY,libya_2.png,CAF,1972-01-01,1977-11-18,1.0,4889.0,5121,4464,3.0,4879,4831.8661150020525,4795.815781160781,615
516,Libya,Libya,LBY,libya_2.png,CAF,1972-01-01,1977-11-18,1.0,4889.0,5121,4464,3.0,4879,4831.8661150020525,4795.815781160781,616
516,Libya,Libya,LBY,libya_2.png,CAF,1972-01-01,1977-11-18,1.0,4889.0,5121,4464,3.0,4879,4831.8661150020525,4795.815781160781,617
516,Libya,Libya,LBY,libya_2.png,CAF,1972-01-01,1977-11-18,1.0,4889.0,5121,4464,3.0,4879,4831.8661150020525,4795.815781160781,618
516,Libya,Libya,LBY,libya_2.png,CAF,1972-01-01,1977-11-18,1.0,4889.0,5121,4464,3.0,4879,4831.8661150020525,4795.815781160781,619
517,Libya,Libya,LBY,libya_3.png,CAF,1977-11-19,2011-08-22,1.0,4889.0,5121,4464,4.0,4879,4831.8661150020525,4795.815781160781,620
517,Libya,Libya,LBY,libya_3.png,CAF,1977-11-19,2011-08-22,1.0,4889.0,5121,4464,4.0,4879,4831.8661150020525,4795.815781160781,621
517,Libya,Libya,LBY,libya_3.png,CAF,1977-11-19,2011-08-22,1.0,4889.0,5121,4464,4.0,4879,4831.8661150020525,4795.815781160781,622
517,Libya,Libya,LBY,libya_3.png,CAF,1977-11-19,2011-08-22,1.0,4889.0,5121,4464,4.0,4879,4831.8661150020525,4795.815781160781,623
517,Libya,Libya,LBY,libya_3.png,CAF,1977-11-19,2011-08-22,1.0,4889.0,5121,4464,4.0,4879,4831.8661150020525,4795.815781160781,624
149,Libya,Libya,LBY,libya.png,CAF,2011-08-23,2099-12-31,1.0,4889.0,5121,4464,5.0,4879,4831.8661150020525,4795.815781160781,625
149,Libya,Libya,LBY,libya.png,CAF,2011-08-23,2099-12-31,1.0,4889.0,5121,4464,5.0,4879,4831.8661150020525,4795.815781160781,626
149,Libya,Libya,LBY,libya.png,CAF,2011-08-23,2099-12-31,1.0,4889.0,5121,4464,5.0,4879,4831.8661150020525,4795.815781160781,627
149,Libya,Libya,LBY,libya.png,CAF,2011-08-23,2099-12-31,1.0,4889.0,5121,4464,5.0,4879,4831.8661150020525,4795.815781160781,628
149,Libya,Libya,LBY,libya.png,CAF,2011-08-23,2099-12-31,1.0,4889.0,5121,4464,5.0,4879,4831.8661150020525,4795.815781160781,629
157,Gabon,Gabon,GAB,gabon.png,CAF,1960-04-14,2099-12-31,1.0,4820.0,4944,4601,1.0,4867,4983.459074524769,4674.006188214345,630
574,Suriname,Suriname,SUR,netherlands.png,CONCACAF,1915-08-17,1958-12-31,1.0,4714.0,4856,4552,1.0,4865,4881.959524798968,4748.8556812376255,631
574,Suriname,Suriname,SUR,netherlands.png,CONCACAF,1915-08-17,1958-12-31,1.0,4714.0,4856,4552,1.0,4865,4881.959524798968,4748.8556812376255,632
574,Suriname,Suriname,SUR,netherlands.png,CONCACAF,1915-08-17,1958-12-31,1.0,4714.0,4856,4552,1.0,4865,4881.959524798968,4748.8556812376255,633
575,Suriname,Suriname,SUR,suriname_1.png,CONCACAF,1959-01-01,1975-11-24,1.0,4714.0,4856,4552,2.0,4865,4881.959524798968,4748.8556812376255,634
575,Suriname,Suriname,SUR,suriname_1.png,CONCACAF,1959-01-01,1975-11-24,1.0,4714.0,4856,4552,2.0,4865,4881.959524798968,4748.8556812376255,635
575,Suriname,Suriname,SUR,suriname_1.png,CONCACAF,1959-01-01,1975-11-24,1.0,4714.0,4856,4552,2.0,4865,4881.959524798968,4748.8556812376255,636
80,Suriname,Suriname,SUR,suriname.png,CONCACAF,1975-11-25,2099-12-31,1.0,4714.0,4856,4552,3.0,4865,4881.959524798968,4748.8556812376255,637
80,Suriname,Suriname,SUR,suriname.png,CONCACAF,1975-11-25,2099-12-31,1.0,4714.0,4856,4552,3.0,4865,4881.959524798968,4748.8556812376255,638
80,Suriname,Suriname,SUR,suriname.png,CONCACAF,1975-11-25,2099-12-31,1.0,4714.0,4856,4552,3.0,4865,4881.959524798968,4748.8556812376255,639
187,Qatar,Qatar,QAT,qatar.png,AFC,1970-03-27,2099-12-31,1.0,4570.0,4781,4496,1.0,4861,4849.0,4611.657819954919,640
440,Comoros,Comoros,COM,comoros_1.png,CAF,1979-08-26,1992-06-06,1.0,4240.0,4643,4333,1.0,4860,4852.532609782734,4827.839354412483,641
440,Comoros,Comoros,COM,comoros_1.png,CAF,1979-08-26,1992-06-06,1.0,4240.0,4643,4333,1.0,4860,4852.532609782734,4827.839354412483,642
440,Comoros,Comoros,COM,comoros_1.png,CAF,1979-08-26,1992-06-06,1.0,4240.0,4643,4333,1.0,4860,4852.532609782734,4827.839354412483,643
440,Comoros,Comoros,COM,comoros_1.png,CAF,1979-08-26,1992-06-06,1.0,4240.0,4643,4333,1.0,4860,4852.532609782734,4827.839354412483,644
441,Comoros,Comoros,COM,comoros_2.png,CAF,1992-06-07,1996-10-05,1.0,4240.0,4643,4333,2.0,4860,4852.532609782734,4827.839354412483,645
441,Comoros,Comoros,COM,comoros_2.png,CAF,1992-06-07,1996-10-05,1.0,4240.0,4643,4333,2.0,4860,4852.532609782734,4827.839354412483,646
441,Comoros,Comoros,COM,comoros_2.png,CAF,1992-06-07,1996-10-05,1.0,4240.0,4643,4333,2.0,4860,4852.532609782734,4827.839354412483,647
441,Comoros,Comoros,COM,comoros_2.png,CAF,1992-06-07,1996-10-05,1.0,4240.0,4643,4333,2.0,4860,4852.532609782734,4827.839354412483,648
442,Comoros,Comoros,COM,comoros_3.png,CAF,1996-10-06,2001-12-22,1.0,4240.0,4643,4333,3.0,4860,4852.532609782734,4827.839354412483,649
442,Comoros,Comoros,COM,comoros_3.png,CAF,1996-10-06,2001-12-22,1.0,4240.0,4643,4333,3.0,4860,4852.532609782734,4827.839354412483,650
442,Comoros,Comoros,COM,comoros_3.png,CAF,1996-10-06,2001-12-22,1.0,4240.0,4643,4333,3.0,4860,4852.532609782734,4827.839354412483,651
442,Comoros,Comoros,COM,comoros_3.png,CAF,1996-10-06,2001-12-22,1.0,4240.0,4643,4333,3.0,4860,4852.532609782734,4827.839354412483,652
273,Comoros,Comoros,COM,comoros.png,CAF,2001-12-23,2099-12-31,1.0,4240.0,4643,4333,4.0,4860,4852.532609782734,4827.839354412483,653
273,Comoros,Comoros,COM,comoros.png,CAF,2001-12-23,2099-12-31,1.0,4240.0,4643,4333,4.0,4860,4852.532609782734,4827.839354412483,654
273,Comoros,Comoros,COM,comoros.png,CAF,2001-12-23,2099-12-31,1.0,4240.0,4643,4333,4.0,4860,4852.532609782734,4827.839354412483,655
273,Comoros,Comoros,COM,comoros.png,CAF,2001-12-23,2099-12-31,1.0,4240.0,4643,4333,4.0,4860,4852.532609782734,4827.839354412483,656
177,Palestine,Palestine,PLE,palestine_mandate.png,AFC,1934-03-16,1940-04-26,1.0,4602.0,4883,4474,1.0,4853,4857.632652274276,4774.910859178869,657
177,Palestine,Palestine,PLE,palestine_mandate.png,AFC,1934-03-16,1940-04-26,1.0,4602.0,4883,4474,1.0,4853,4857.632652274276,4774.910859178869,658
177,Palestine,Palestine,PLE,palestine_mandate.png,AFC,1934-03-16,1940-04-26,1.0,4602.0,4883,4474,1.0,4853,4857.632652274276,4774.910859178869,659
537,Palestine,Palestine,PLE,palestine_1.png,AFC,1940-04-27,1964-05-27,1.0,4602.0,4883,4474,2.0,4853,4857.632652274276,4774.910859178869,660
537,Palestine,Palestine,PLE,palestine_1.png,AFC,1940-04-27,1964-05-27,1.0,4602.0,4883,4474,2.0,4853,4857.632652274276,4774.910859178869,661
537,Palestine,Palestine,PLE,palestine_1.png,AFC,1940-04-27,1964-05-27,1.0,4602.0,4883,4474,2.0,4853,4857.632652274276,4774.910859178869,662
538,Palestine,Palestine,PLE,palestine.png,AFC,1964-05-28,2099-12-31,1.0,4602.0,4883,4474,3.0,4853,4857.632652274276,4774.910859178869,663
538,Palestine,Palestine,PLE,palestine.png,AFC,1964-05-28,2099-12-31,1.0,4602.0,4883,4474,3.0,4853,4857.632652274276,4774.910859178869,664
538,Palestine,Palestine,PLE,palestine.png,AFC,1964-05-28,2099-12-31,1.0,4602.0,4883,4474,3.0,4853,4857.632652274276,4774.910859178869,665
204,Rwanda,Rwanda,RWA,rwanda_1.png,CAF,1976-06-29,2001-12-30,1.0,4543.0,4784,4574,1.0,4844,4795.733894187412,4790.0,666
204,Rwanda,Rwanda,RWA,rwanda_1.png,CAF,1976-06-29,2001-12-30,1.0,4543.0,4784,4574,1.0,4844,4795.733894187412,4790.0,667
545,Rwanda,Rwanda,RWA,rwanda.png,CAF,2001-12-31,2099-12-31,1.0,4543.0,4784,4574,2.0,4844,4795.733894187412,4790.0,668
545,Rwanda,Rwanda,RWA,rwanda.png,CAF,2001-12-31,2099-12-31,1.0,4543.0,4784,4574,2.0,4844,4795.733894187412,4790.0,669
587,Uganda,Uganda,UGA,uganda_1.png,CAF,1926-05-01,1962-10-08,1.0,5297.0,5252,4830,1.0,4842,4847.676676852353,4736.096074128144,670
587,Uganda,Uganda,UGA,uganda_1.png,CAF,1926-05-01,1962-10-08,1.0,5297.0,5252,4830,1.0,4842,4847.676676852353,4736.096074128144,671
62,Uganda,Uganda,UGA,uganda.png,CAF,1962-10-09,2099-12-31,1.0,5297.0,5252,4830,2.0,4842,4847.676676852353,4736.096074128144,672
62,Uganda,Uganda,UGA,uganda.png,CAF,1962-10-09,2099-12-31,1.0,5297.0,5252,4830,2.0,4842,4847.676676852353,4736.096074128144,673
520,Madagascar,Madagascar,MAD,france.png,CAF,1947-12-31,1958-10-20,1.0,4724.0,4941,4503,1.0,4837,4921.820841803025,4733.204698183182,674
520,Madagascar,Madagascar,MAD,france.png,CAF,1947-12-31,1958-10-20,1.0,4724.0,4941,4503,1.0,4837,4921.820841803025,4733.204698183182,675
180,Oman,Oman,OMA,oman_1.png,AFC,1965-09-02,1970-08-08,1.0,4099.0,4658,4077,1.0,4837,4757.0,4776.0,676
180,Oman,Oman,OMA,oman_1.png,AFC,1965-09-02,1970-08-08,1.0,4099.0,4658,4077,1.0,4837,4757.0,4776.0,677
104,Madagascar,Madagascar,MAD,madagascar.png,CAF,1958-10-21,2099-12-31,1.0,4724.0,4941,4503,2.0,4837,4921.820841803025,4733.204698183182,678
104,Madagascar,Madagascar,MAD,madagascar.png,CAF,1958-10-21,2099-12-31,1.0,4724.0,4941,4503,2.0,4837,4921.820841803025,4733.204698183182,679
536,Oman,Oman,OMA,oman.png,AFC,1970-08-09,2099-12-31,1.0,4099.0,4658,4077,2.0,4837,4757.0,4776.0,680
536,Oman,Oman,OMA,oman.png,AFC,1970-08-09,2099-12-31,1.0,4099.0,4658,4077,2.0,4837,4757.0,4776.0,681
367,Northern Rhodesia,Zambia,ZAM,northern_rhodesia.png,CAF,1946-12-31,1964-10-23,1.0,5183.0,5182,4743,1.0,4833,4898.971071852581,4700.556632047523,682
100,Zambia,Zambia,ZAM,zambia.png,CAF,1964-10-24,2099-12-31,1.0,5183.0,5182,4743,2.0,4833,4898.971071852581,4700.556632047523,683
328,Netherlands Antilles,Curaçao,CUR,netherlands.png,CONCACAF,1924-04-06,1959-11-18,1.0,4927.0,4955,4735,1.0,4832,4858.432131646445,4685.173196557471,684
328,Netherlands Antilles,Curaçao,CUR,netherlands.png,CONCACAF,1924-04-06,1959-11-18,1.0,4927.0,4955,4735,1.0,4832,4858.432131646445,4685.173196557471,685
447,Netherlands Antilles,Curaçao,CUR,nl_antilles_1.png,CONCACAF,1959-11-19,1985-12-31,1.0,4927.0,4955,4735,2.0,4832,4858.432131646445,4685.173196557471,686
447,Netherlands Antilles,Curaçao,CUR,nl_antilles_1.png,CONCACAF,1959-11-19,1985-12-31,1.0,4927.0,4955,4735,2.0,4832,4858.432131646445,4685.173196557471,687
448,Curaçao,Curaçao,CUR,nl_antilles.png,CONCACAF,1986-01-01,2010-10-17,1.0,4927.0,4955,4735,3.0,4832,4858.432131646445,4685.173196557471,688
448,Curaçao,Curaçao,CUR,nl_antilles.png,CONCACAF,1986-01-01,2010-10-17,1.0,4927.0,4955,4735,3.0,4832,4858.432131646445,4685.173196557471,689
54,Curaçao,Curaçao,CUR,curacao.png,CONCACAF,2010-10-18,2099-12-31,1.0,4927.0,4955,4735,4.0,4832,4858.432131646445,4685.173196557471,690
54,Curaçao,Curaçao,CUR,curacao.png,CONCACAF,2010-10-18,2099-12-31,1.0,4927.0,4955,4735,4.0,4832,4858.432131646445,4685.173196557471,691
199,Equatorial Guinea,Equatorial Guinea,EQG,eq_guinea.png,CAF,1975-05-23,2099-12-31,1.0,4540.0,4786,4523,1.0,4826,4799.206002024414,4784.632972269639,692
438,China,China,PRC,china_1.png,AFC,1913-02-04,1928-12-28,1.0,4822.0,4855,4673,1.0,4825,4792.880815619606,4707.93648581312,693
438,China,China,PRC,china_1.png,AFC,1913-02-04,1928-12-28,1.0,4822.0,4855,4673,1.0,4825,4792.880815619606,4707.93648581312,694
438,China,China,PRC,china_1.png,AFC,1913-02-04,1928-12-28,1.0,4822.0,4855,4673,1.0,4825,4792.880815619606,4707.93648581312,695
359,Tanganyika,Tanzania,TAN,tanganyika_1.png,CAF,1945-12-31,1961-12-08,1.0,4574.0,4846,4415,1.0,4825,4785.759447541524,4795.261313563078,696
439,China,China,PRC,china_2.png,AFC,1928-12-29,1949-09-26,1.0,4822.0,4855,4673,2.0,4825,4792.880815619606,4707.93648581312,697
439,China,China,PRC,china_2.png,AFC,1928-12-29,1949-09-26,1.0,4822.0,4855,4673,2.0,4825,4792.880815619606,4707.93648581312,698
439,China,China,PRC,china_2.png,AFC,1928-12-29,1949-09-26,1.0,4822.0,4855,4673,2.0,4825,4792.880815619606,4707.93648581312,699
583,Tanganyika,Tanzania,TAN,tanganyika.png,CAF,1961-12-09,1964-04-25,1.0,4574.0,4846,4415,2.0,4825,4785.759447541524,4795.261313563078,700
50,China,China,PRC,china.png,AFC,1949-09-27,2099-12-31,1.0,4822.0,4855,4673,3.0,4825,4792.880815619606,4707.93648581312,701
50,China,China,PRC,china.png,AFC,1949-09-27,2099-12-31,1.0,4822.0,4855,4673,3.0,4825,4792.880815619606,4707.93648581312,702
50,China,China,PRC,china.png,AFC,1949-09-27,2099-12-31,1.0,4822.0,4855,4673,3.0,4825,4792.880815619606,4707.93648581312,703
98,Tanzania,Tanzania,TAN,tanzania.png,CAF,1964-04-26,2099-12-31,1.0,4574.0,4846,4415,3.0,4825,4785.759447541524,4795.261313563078,704
360,French Togoland,Togo,TOG,france.png,CAF,1954-12-31,1956-10-20,1.0,5010.0,5005,4835,1.0,4824,4833.917048290373,4756.631827753869,705
144,French Togoland,Togo,TOG,fr_togoland.png,CAF,1956-10-21,1960-04-26,1.0,5010.0,5005,4835,2.0,4824,4833.917048290373,4756.631827753869,706
584,Togo,Togo,TOG,togo.png,CAF,1960-04-27,2099-12-31,1.0,5010.0,5005,4835,3.0,4824,4833.917048290373,4756.631827753869,707
51,Lithuania,Lithuania,LIT,lithuania.png,UEFA,1923-06-24,1940-08-02,1.0,4500.0,4823,4260,1.0,4822,4753.534040176839,4701.392831000111,708
51,Lithuania,Lithuania,LIT,lithuania.png,UEFA,1923-06-24,1940-08-02,1.0,4500.0,4823,4260,1.0,4822,4753.534040176839,4701.392831000111,709
377,Not-Sovereign Lithuania,Lithuania,LIT,ussr.png,,1940-08-03,1990-03-10,0.0,4500.0,4823,4260,2.0,4822,4753.534040176839,4701.392831000111,710
377,Not-Sovereign Lithuania,Lithuania,LIT,ussr.png,,1940-08-03,1990-03-10,0.0,4500.0,4823,4260,2.0,4822,4753.534040176839,4701.392831000111,711
518,Lithuania,Lithuania,LIT,lithuania.png,UEFA,1990-03-11,2099-12-31,1.0,4500.0,4823,4260,3.0,4822,4753.534040176839,4701.392831000111,712
518,Lithuania,Lithuania,LIT,lithuania.png,UEFA,1990-03-11,2099-12-31,1.0,4500.0,4823,4260,3.0,4822,4753.534040176839,4701.392831000111,713
324,Ruanda-Urundi,Burundi,BDI,belgium.png,CAF,1953-09-19,1962-06-30,1.0,4707.0,4916,4596,1.0,4820,4844.063611771229,4729.269040162342,714
324,Ruanda-Urundi,Burundi,BDI,belgium.png,CAF,1953-09-19,1962-06-30,1.0,4707.0,4916,4596,1.0,4820,4844.063611771229,4729.269040162342,715
324,Ruanda-Urundi,Burundi,BDI,belgium.png,CAF,1953-09-19,1962-06-30,1.0,4707.0,4916,4596,1.0,4820,4844.063611771229,4729.269040162342,716
146,Sudan,Sudan,SUD,sudan_1.png,CAF,1956-05-13,1970-05-19,1.0,5196.0,5039,4925,1.0,4820,4831.245447832979,4818.799231348734,717
146,Sudan,Sudan,SUD,sudan_1.png,CAF,1956-05-13,1970-05-19,1.0,5196.0,5039,4925,1.0,4820,4831.245447832979,4818.799231348734,718
424,Burundi,Burundi,BDI,burundi_1.png,CAF,1962-07-01,1966-11-28,1.0,4707.0,4916,4596,2.0,4820,4844.063611771229,4729.269040162342,719
424,Burundi,Burundi,BDI,burundi_1.png,CAF,1962-07-01,1966-11-28,1.0,4707.0,4916,4596,2.0,4820,4844.063611771229,4729.269040162342,720
424,Burundi,Burundi,BDI,burundi_1.png,CAF,1962-07-01,1966-11-28,1.0,4707.0,4916,4596,2.0,4820,4844.063611771229,4729.269040162342,721
573,Sudan,Sudan,SUD,sudan.png,CAF,1970-05-20,2099-12-31,1.0,5196.0,5039,4925,2.0,4820,4831.245447832979,4818.799231348734,722
573,Sudan,Sudan,SUD,sudan.png,CAF,1970-05-20,2099-12-31,1.0,5196.0,5039,4925,2.0,4820,4831.245447832979,4818.799231348734,723
425,Burundi,Burundi,BDI,burundi_2.png,CAF,1966-11-29,1967-06-27,1.0,4707.0,4916,4596,3.0,4820,4844.063611771229,4729.269040162342,724
425,Burundi,Burundi,BDI,burundi_2.png,CAF,1966-11-29,1967-06-27,1.0,4707.0,4916,4596,3.0,4820,4844.063611771229,4729.269040162342,725
425,Burundi,Burundi,BDI,burundi_2.png,CAF,1966-11-29,1967-06-27,1.0,4707.0,4916,4596,3.0,4820,4844.063611771229,4729.269040162342,726
136,Burundi,Burundi,BDI,burundi.png,CAF,1967-06-28,2099-12-31,1.0,4707.0,4916,4596,4.0,4820,4844.063611771229,4729.269040162342,727
136,Burundi,Burundi,BDI,burundi.png,CAF,1967-06-28,2099-12-31,1.0,4707.0,4916,4596,4.0,4820,4844.063611771229,4729.269040162342,728
136,Burundi,Burundi,BDI,burundi.png,CAF,1967-06-28,2099-12-31,1.0,4707.0,4916,4596,4.0,4820,4844.063611771229,4729.269040162342,729
31,Estonia,Estonia,EST,estonia.png,UEFA,1920-10-17,1940-08-05,1.0,4852.0,4820,4687,1.0,4814,4827.62669743767,4644.418588273414,730
31,Estonia,Estonia,EST,estonia.png,UEFA,1920-10-17,1940-08-05,1.0,4852.0,4820,4687,1.0,4814,4827.62669743767,4644.418588273414,731
376,Not-Sovereign Estonia,Estonia,EST,ussr.png,,1940-08-06,1991-08-19,0.0,4852.0,4820,4687,2.0,4814,4827.62669743767,4644.418588273414,732
376,Not-Sovereign Estonia,Estonia,EST,ussr.png,,1940-08-06,1991-08-19,0.0,4852.0,4820,4687,2.0,4814,4827.62669743767,4644.418588273414,733
464,Estonia,Estonia,EST,estonia.png,UEFA,1991-08-20,2099-12-31,1.0,4852.0,4820,4687,3.0,4814,4827.62669743767,4644.418588273414,734
464,Estonia,Estonia,EST,estonia.png,UEFA,1991-08-20,2099-12-31,1.0,4852.0,4820,4687,3.0,4814,4827.62669743767,4644.418588273414,735
508,Kenya,Kenya,KEN,kenya_1.png,CAF,1926-05-01,1963-12-11,1.0,4858.0,4992,4551,1.0,4811,4876.604863971579,4696.37330256233,736
508,Kenya,Kenya,KEN,kenya_1.png,CAF,1926-05-01,1963-12-11,1.0,4858.0,4992,4551,1.0,4811,4876.604863971579,4696.37330256233,737
557,Sierra Leone,Sierra Leone,SLE,sierra_leone_1.png,CAF,1949-10-08,1961-04-26,1.0,4934.0,4931,4782,1.0,4811,4840.108094117641,4763.198482560519,738
557,Sierra Leone,Sierra Leone,SLE,sierra_leone_1.png,CAF,1949-10-08,1961-04-26,1.0,4934.0,4931,4782,1.0,4811,4840.108094117641,4763.198482560519,739
61,Kenya,Kenya,KEN,kenya.png,CAF,1963-12-12,2099-12-31,1.0,4858.0,4992,4551,2.0,4811,4876.604863971579,4696.37330256233,740
61,Kenya,Kenya,KEN,kenya.png,CAF,1963-12-12,2099-12-31,1.0,4858.0,4992,4551,2.0,4811,4876.604863971579,4696.37330256233,741
116,Sierra Leone,Sierra Leone,SLE,sierra_leone.png,CAF,1961-04-27,2099-12-31,1.0,4934.0,4931,4782,2.0,4811,4840.108094117641,4763.198482560519,742
116,Sierra Leone,Sierra Leone,SLE,sierra_leone.png,CAF,1961-04-27,2099-12-31,1.0,4934.0,4931,4782,2.0,4811,4840.108094117641,4763.198482560519,743
404,Azerbaijan,Azerbaijan,AZE,aze_2.png,UEFA,1926-12-31,1927-12-31,1.0,5013.0,5028,4754,1.0,4810,4833.087590300036,4636.943187933642,744
404,Azerbaijan,Azerbaijan,AZE,aze_2.png,UEFA,1926-12-31,1927-12-31,1.0,5013.0,5028,4754,1.0,4810,4833.087590300036,4636.943187933642,745
404,Azerbaijan,Azerbaijan,AZE,aze_2.png,UEFA,1926-12-31,1927-12-31,1.0,5013.0,5028,4754,1.0,4810,4833.087590300036,4636.943187933642,746
404,Azerbaijan,Azerbaijan,AZE,aze_2.png,UEFA,1926-12-31,1927-12-31,1.0,5013.0,5028,4754,1.0,4810,4833.087590300036,4636.943187933642,747
405,Azerbaijan,Azerbaijan,AZE,aze_3.png,UEFA,1928-01-01,1931-12-31,1.0,5013.0,5028,4754,2.0,4810,4833.087590300036,4636.943187933642,748
405,Azerbaijan,Azerbaijan,AZE,aze_3.png,UEFA,1928-01-01,1931-12-31,1.0,5013.0,5028,4754,2.0,4810,4833.087590300036,4636.943187933642,749
405,Azerbaijan,Azerbaijan,AZE,aze_3.png,UEFA,1928-01-01,1931-12-31,1.0,5013.0,5028,4754,2.0,4810,4833.087590300036,4636.943187933642,750
405,Azerbaijan,Azerbaijan,AZE,aze_3.png,UEFA,1928-01-01,1931-12-31,1.0,5013.0,5028,4754,2.0,4810,4833.087590300036,4636.943187933642,751
406,Azerbaijan,Azerbaijan,AZE,aze_4.png,UEFA,1932-01-01,1935-12-31,1.0,5013.0,5028,4754,3.0,4810,4833.087590300036,4636.943187933642,752
406,Azerbaijan,Azerbaijan,AZE,aze_4.png,UEFA,1932-01-01,1935-12-31,1.0,5013.0,5028,4754,3.0,4810,4833.087590300036,4636.943187933642,753
406,Azerbaijan,Azerbaijan,AZE,aze_4.png,UEFA,1932-01-01,1935-12-31,1.0,5013.0,5028,4754,3.0,4810,4833.087590300036,4636.943187933642,754
406,Azerbaijan,Azerbaijan,AZE,aze_4.png,UEFA,1932-01-01,1935-12-31,1.0,5013.0,5028,4754,3.0,4810,4833.087590300036,4636.943187933642,755
372,Not-Sovereign Azerbaijan,Azerbaijan,AZE,ussr.png,,1936-01-01,1992-09-16,0.0,5013.0,5028,4754,4.0,4810,4833.087590300036,4636.943187933642,756
372,Not-Sovereign Azerbaijan,Azerbaijan,AZE,ussr.png,,1936-01-01,1992-09-16,0.0,5013.0,5028,4754,4.0,4810,4833.087590300036,4636.943187933642,757
372,Not-Sovereign Azerbaijan,Azerbaijan,AZE,ussr.png,,1936-01-01,1992-09-16,0.0,5013.0,5028,4754,4.0,4810,4833.087590300036,4636.943187933642,758
372,Not-Sovereign Azerbaijan,Azerbaijan,AZE,ussr.png,,1936-01-01,1992-09-16,0.0,5013.0,5028,4754,4.0,4810,4833.087590300036,4636.943187933642,759
208,Azerbaijan,Azerbaijan,AZE,azerbaijan.png,UEFA,1992-09-17,2099-12-31,1.0,5013.0,5028,4754,5.0,4810,4833.087590300036,4636.943187933642,760
208,Azerbaijan,Azerbaijan,AZE,azerbaijan.png,UEFA,1992-09-17,2099-12-31,1.0,5013.0,5028,4754,5.0,4810,4833.087590300036,4636.943187933642,761
208,Azerbaijan,Azerbaijan,AZE,azerbaijan.png,UEFA,1992-09-17,2099-12-31,1.0,5013.0,5028,4754,5.0,4810,4833.087590300036,4636.943187933642,762
208,Azerbaijan,Azerbaijan,AZE,azerbaijan.png,UEFA,1992-09-17,2099-12-31,1.0,5013.0,5028,4754,5.0,4810,4833.087590300036,4636.943187933642,763
449,Cyprus,Cyprus,CYP,cyprus_1.png,UEFA,1949-07-30,1960-08-15,1.0,4607.0,4947,4398,1.0,4797,4877.291493433207,4580.181949074781,764
449,Cyprus,Cyprus,CYP,cyprus_1.png,UEFA,1949-07-30,1960-08-15,1.0,4607.0,4947,4398,1.0,4797,4877.291493433207,4580.181949074781,765
115,Cyprus,Cyprus,CYP,cyprus.png,UEFA,1960-08-16,2099-12-31,1.0,4607.0,4947,4398,2.0,4797,4877.291493433207,4580.181949074781,766
115,Cyprus,Cyprus,CYP,cyprus.png,UEFA,1960-08-16,2099-12-31,1.0,4607.0,4947,4398,2.0,4797,4877.291493433207,4580.181949074781,767
593,Zanzibar,Zanzibar,ZFF,zanzibar_1.png,CAF,1947-09-18,1963-12-31,0.0,4308.0,4727,4241,1.0,4796,4836.0,4779.0,768
593,Zanzibar,Zanzibar,ZFF,zanzibar_1.png,CAF,1947-09-18,1963-12-31,0.0,4308.0,4727,4241,1.0,4796,4836.0,4779.0,769
593,Zanzibar,Zanzibar,ZFF,zanzibar_1.png,CAF,1947-09-18,1963-12-31,0.0,4308.0,4727,4241,1.0,4796,4836.0,4779.0,770
593,Zanzibar,Zanzibar,ZFF,zanzibar_1.png,CAF,1947-09-18,1963-12-31,0.0,4308.0,4727,4241,1.0,4796,4836.0,4779.0,771
594,Zanzibar,Zanzibar,ZFF,zanzibar_2.png,CAF,1964-01-01,1964-04-26,0.0,4308.0,4727,4241,2.0,4796,4836.0,4779.0,772
594,Zanzibar,Zanzibar,ZFF,zanzibar_2.png,CAF,1964-01-01,1964-04-26,0.0,4308.0,4727,4241,2.0,4796,4836.0,4779.0,773
594,Zanzibar,Zanzibar,ZFF,zanzibar_2.png,CAF,1964-01-01,1964-04-26,0.0,4308.0,4727,4241,2.0,4796,4836.0,4779.0,774
594,Zanzibar,Zanzibar,ZFF,zanzibar_2.png,CAF,1964-01-01,1964-04-26,0.0,4308.0,4727,4241,2.0,4796,4836.0,4779.0,775
592,Zanzibar,Zanzibar,ZFF,tanzania.png,CAF,1964-04-27,2005-01-08,0.0,4308.0,4727,4241,3.0,4796,4836.0,4779.0,776
592,Zanzibar,Zanzibar,ZFF,tanzania.png,CAF,1964-04-27,2005-01-08,0.0,4308.0,4727,4241,3.0,4796,4836.0,4779.0,777
592,Zanzibar,Zanzibar,ZFF,tanzania.png,CAF,1964-04-27,2005-01-08,0.0,4308.0,4727,4241,3.0,4796,4836.0,4779.0,778
592,Zanzibar,Zanzibar,ZFF,tanzania.png,CAF,1964-04-27,2005-01-08,0.0,4308.0,4727,4241,3.0,4796,4836.0,4779.0,779
107,Zanzibar,Zanzibar,ZFF,zanzibar.png,CAF,2005-01-09,2099-12-31,0.0,4308.0,4727,4241,4.0,4796,4836.0,4779.0,780
107,Zanzibar,Zanzibar,ZFF,zanzibar.png,CAF,2005-01-09,2099-12-31,0.0,4308.0,4727,4241,4.0,4796,4836.0,4779.0,781
107,Zanzibar,Zanzibar,ZFF,zanzibar.png,CAF,2005-01-09,2099-12-31,0.0,4308.0,4727,4241,4.0,4796,4836.0,4779.0,782
107,Zanzibar,Zanzibar,ZFF,zanzibar.png,CAF,2005-01-09,2099-12-31,0.0,4308.0,4727,4241,4.0,4796,4836.0,4779.0,783
523,Mauritania,Mauritania,MTN,mauritania_1.png,CAF,1961-12-25,2017-11-27,1.0,4217.0,4740,4207,1.0,4794,4766.948717948718,4810.987341156286,784
523,Mauritania,Mauritania,MTN,mauritania_1.png,CAF,1961-12-25,2017-11-27,1.0,4217.0,4740,4207,1.0,4794,4766.948717948718,4810.987341156286,785
183,Mauritania,Mauritania,MTN,mauritania.png,CAF,2017-11-28,2099-12-31,1.0,4217.0,4740,4207,2.0,4794,4766.948717948718,4810.987341156286,786
183,Mauritania,Mauritania,MTN,mauritania.png,CAF,2017-11-28,2099-12-31,1.0,4217.0,4740,4207,2.0,4794,4766.948717948718,4810.987341156286,787
200,Mozambique,Mozambique,MOZ,mozambique_1.png,CAF,1975-06-25,1982-12-31,1.0,4786.0,4933,4631,1.0,4793,4879.359996084962,4663.8362820049,788
200,Mozambique,Mozambique,MOZ,mozambique_1.png,CAF,1975-06-25,1982-12-31,1.0,4786.0,4933,4631,1.0,4793,4879.359996084962,4663.8362820049,789
529,Mozambique,Mozambique,MOZ,mozambique.png,CAF,1983-01-01,2099-12-31,1.0,4786.0,4933,4631,2.0,4793,4879.359996084962,4663.8362820049,790
529,Mozambique,Mozambique,MOZ,mozambique.png,CAF,1983-01-01,2099-12-31,1.0,4786.0,4933,4631,2.0,4793,4879.359996084962,4663.8362820049,791
44,Latvia,Latvia,LAT,latvia.png,UEFA,1922-09-24,1940-08-04,1.0,4801.0,4868,4563,1.0,4792,4742.954808608867,4721.146404920229,792
44,Latvia,Latvia,LAT,latvia.png,UEFA,1922-09-24,1940-08-04,1.0,4801.0,4868,4563,1.0,4792,4742.954808608867,4721.146404920229,793
374,Not-Sovereign Latvia,Latvia,LAT,ussr.png,,1940-08-05,1991-08-20,0.0,4801.0,4868,4563,2.0,4792,4742.954808608867,4721.146404920229,794
374,Not-Sovereign Latvia,Latvia,LAT,ussr.png,,1940-08-05,1991-08-20,0.0,4801.0,4868,4563,2.0,4792,4742.954808608867,4721.146404920229,795
510,Latvia,Latvia,LAT,latvia.png,UEFA,1991-08-21,2099-12-31,1.0,4801.0,4868,4563,3.0,4792,4742.954808608867,4721.146404920229,796
510,Latvia,Latvia,LAT,latvia.png,UEFA,1991-08-21,2099-12-31,1.0,4801.0,4868,4563,3.0,4792,4742.954808608867,4721.146404920229,797
408,Bahrain,Bahrain,BHR,bahrain_1.png,AFC,1966-04-01,1972-12-31,1.0,4578.0,4852,4431,1.0,4790,4732.0,4740.0,798
408,Bahrain,Bahrain,BHR,bahrain_1.png,AFC,1966-04-01,1972-12-31,1.0,4578.0,4852,4431,1.0,4790,4732.0,4740.0,799
408,Bahrain,Bahrain,BHR,bahrain_1.png,AFC,1966-04-01,1972-12-31,1.0,4578.0,4852,4431,1.0,4790,4732.0,4740.0,800
409,Bahrain,Bahrain,BHR,bahrain_2.png,AFC,1973-01-01,2002-02-13,1.0,4578.0,4852,4431,2.0,4790,4732.0,4740.0,801
409,Bahrain,Bahrain,BHR,bahrain_2.png,AFC,1973-01-01,2002-02-13,1.0,4578.0,4852,4431,2.0,4790,4732.0,4740.0,802
409,Bahrain,Bahrain,BHR,bahrain_2.png,AFC,1973-01-01,2002-02-13,1.0,4578.0,4852,4431,2.0,4790,4732.0,4740.0,803
179,Bahrain,Bahrain,BHR,bahrain.png,AFC,2002-02-14,2099-12-31,1.0,4578.0,4852,4431,3.0,4790,4732.0,4740.0,804
179,Bahrain,Bahrain,BHR,bahrain.png,AFC,2002-02-14,2099-12-31,1.0,4578.0,4852,4431,3.0,4790,4732.0,4740.0,805
179,Bahrain,Bahrain,BHR,bahrain.png,AFC,2002-02-14,2099-12-31,1.0,4578.0,4852,4431,3.0,4790,4732.0,4740.0,806
399,Armenia,Armenia,ARM,armenia_2.png,UEFA,1926-12-31,1935-12-31,1.0,4624.0,4802,4543,1.0,4789,4907.3619677994775,4578.705250567842,807
399,Armenia,Armenia,ARM,armenia_2.png,UEFA,1926-12-31,1935-12-31,1.0,4624.0,4802,4543,1.0,4789,4907.3619677994775,4578.705250567842,808
400,Not-Sovereign Armenia,Armenia,ARM,armenia_3.png,,1936-01-01,1992-10-13,0.0,4624.0,4802,4543,2.0,4789,4907.3619677994775,4578.705250567842,809
400,Not-Sovereign Armenia,Armenia,ARM,armenia_3.png,,1936-01-01,1992-10-13,0.0,4624.0,4802,4543,2.0,4789,4907.3619677994775,4578.705250567842,810
206,Armenia,Armenia,ARM,armenia.png,UEFA,1992-10-14,2099-12-31,1.0,4624.0,4802,4543,3.0,4789,4907.3619677994775,4578.705250567842,811
206,Armenia,Armenia,ARM,armenia.png,UEFA,1992-10-14,2099-12-31,1.0,4624.0,4802,4543,3.0,4789,4907.3619677994775,4578.705250567842,812
145,North Korea,North Korea,PRK,north_korea.png,AFC,1956-10-07,2099-12-31,1.0,5453.0,5200,5065,1.0,4773,4877.0,4701.0,813
225,Namibia,Namibia,NAM,swa.png,CAF,1989-05-16,1990-03-20,1.0,4649.0,4756,4577,1.0,4756,4813.8701743768925,4763.4515405725415,814
225,Namibia,Namibia,NAM,swa.png,CAF,1989-05-16,1990-03-20,1.0,4649.0,4756,4577,1.0,4756,4813.8701743768925,4763.4515405725415,815
532,Namibia,Namibia,NAM,namibia.png,CAF,1990-03-21,2099-12-31,1.0,4649.0,4756,4577,2.0,4756,4813.8701743768925,4763.4515405725415,816
532,Namibia,Namibia,NAM,namibia.png,CAF,1990-03-21,2099-12-31,1.0,4649.0,4756,4577,2.0,4756,4813.8701743768925,4763.4515405725415,817
541,Reunion,Reunion,REU,france.png,CAF,1932-01-17,2002-12-31,0.0,4421.0,4795,4319,1.0,4754,4770.0,4740.0,818
541,Reunion,Reunion,REU,france.png,CAF,1932-01-17,2002-12-31,0.0,4421.0,4795,4319,1.0,4754,4770.0,4740.0,819
350,Reunion,Reunion,REU,reunion.png,CAF,2003-01-01,2099-12-31,0.0,4421.0,4795,4319,2.0,4754,4770.0,4740.0,820
350,Reunion,Reunion,REU,reunion.png,CAF,2003-01-01,2099-12-31,0.0,4421.0,4795,4319,2.0,4754,4770.0,4740.0,821
166,Kuwait,Kuwait,KUW,kuwait.png,AFC,1961-09-03,2099-12-31,1.0,4698.0,4903,4545,1.0,4744,4803.0,4616.0,822
109,Ethiopia,Ethiopia,ETH,ethiopia_1.png,CAF,1947-12-05,1974-09-11,1.0,5033.0,5088,4701,1.0,4741,4858.0,4673.0,823
109,Ethiopia,Ethiopia,ETH,ethiopia_1.png,CAF,1947-12-05,1974-09-11,1.0,5033.0,5088,4701,1.0,4741,4858.0,4673.0,824
109,Ethiopia,Ethiopia,ETH,ethiopia_1.png,CAF,1947-12-05,1974-09-11,1.0,5033.0,5088,4701,1.0,4741,4858.0,4673.0,825
109,Ethiopia,Ethiopia,ETH,ethiopia_1.png,CAF,1947-12-05,1974-09-11,1.0,5033.0,5088,4701,1.0,4741,4858.0,4673.0,826
109,Ethiopia,Ethiopia,ETH,ethiopia_1.png,CAF,1947-12-05,1974-09-11,1.0,5033.0,5088,4701,1.0,4741,4858.0,4673.0,827
109,Ethiopia,Ethiopia,ETH,ethiopia_1.png,CAF,1947-12-05,1974-09-11,1.0,5033.0,5088,4701,1.0,4741,4858.0,4673.0,828
109,Ethiopia,Ethiopia,ETH,ethiopia_1.png,CAF,1947-12-05,1974-09-11,1.0,5033.0,5088,4701,1.0,4741,4858.0,4673.0,829
139,Thailand,Thailand,THA,thailand.png,AFC,1948-08-20,2099-12-31,1.0,4357.0,4703,4217,1.0,4741,4828.430920196644,4517.894475568431,830
465,Ethiopia,Ethiopia,ETH,ethiopia_2.png,CAF,1974-09-12,1975-03-20,1.0,5033.0,5088,4701,2.0,4741,4858.0,4673.0,831
465,Ethiopia,Ethiopia,ETH,ethiopia_2.png,CAF,1974-09-12,1975-03-20,1.0,5033.0,5088,4701,2.0,4741,4858.0,4673.0,832
465,Ethiopia,Ethiopia,ETH,ethiopia_2.png,CAF,1974-09-12,1975-03-20,1.0,5033.0,5088,4701,2.0,4741,4858.0,4673.0,833
465,Ethiopia,Ethiopia,ETH,ethiopia_2.png,CAF,1974-09-12,1975-03-20,1.0,5033.0,5088,4701,2.0,4741,4858.0,4673.0,834
465,Ethiopia,Ethiopia,ETH,ethiopia_2.png,CAF,1974-09-12,1975-03-20,1.0,5033.0,5088,4701,2.0,4741,4858.0,4673.0,835
465,Ethiopia,Ethiopia,ETH,ethiopia_2.png,CAF,1974-09-12,1975-03-20,1.0,5033.0,5088,4701,2.0,4741,4858.0,4673.0,836
465,Ethiopia,Ethiopia,ETH,ethiopia_2.png,CAF,1974-09-12,1975-03-20,1.0,5033.0,5088,4701,2.0,4741,4858.0,4673.0,837
466,Ethiopia,Ethiopia,ETH,ethiopia_3.png,CAF,1975-03-21,1987-02-21,1.0,5033.0,5088,4701,3.0,4741,4858.0,4673.0,838
466,Ethiopia,Ethiopia,ETH,ethiopia_3.png,CAF,1975-03-21,1987-02-21,1.0,5033.0,5088,4701,3.0,4741,4858.0,4673.0,839
466,Ethiopia,Ethiopia,ETH,ethiopia_3.png,CAF,1975-03-21,1987-02-21,1.0,5033.0,5088,4701,3.0,4741,4858.0,4673.0,840
466,Ethiopia,Ethiopia,ETH,ethiopia_3.png,CAF,1975-03-21,1987-02-21,1.0,5033.0,5088,4701,3.0,4741,4858.0,4673.0,841
466,Ethiopia,Ethiopia,ETH,ethiopia_3.png,CAF,1975-03-21,1987-02-21,1.0,5033.0,5088,4701,3.0,4741,4858.0,4673.0,842
466,Ethiopia,Ethiopia,ETH,ethiopia_3.png,CAF,1975-03-21,1987-02-21,1.0,5033.0,5088,4701,3.0,4741,4858.0,4673.0,843
466,Ethiopia,Ethiopia,ETH,ethiopia_3.png,CAF,1975-03-21,1987-02-21,1.0,5033.0,5088,4701,3.0,4741,4858.0,4673.0,844
467,Ethiopia,Ethiopia,ETH,ethiopia_4.png,CAF,1987-02-22,1991-05-27,1.0,5033.0,5088,4701,4.0,4741,4858.0,4673.0,845
467,Ethiopia,Ethiopia,ETH,ethiopia_4.png,CAF,1987-02-22,1991-05-27,1.0,5033.0,5088,4701,4.0,4741,4858.0,4673.0,846
467,Ethiopia,Ethiopia,ETH,ethiopia_4.png,CAF,1987-02-22,1991-05-27,1.0,5033.0,5088,4701,4.0,4741,4858.0,4673.0,847
467,Ethiopia,Ethiopia,ETH,ethiopia_4.png,CAF,1987-02-22,1991-05-27,1.0,5033.0,5088,4701,4.0,4741,4858.0,4673.0,848
467,Ethiopia,Ethiopia,ETH,ethiopia_4.png,CAF,1987-02-22,1991-05-27,1.0,5033.0,5088,4701,4.0,4741,4858.0,4673.0,849
467,Ethiopia,Ethiopia,ETH,ethiopia_4.png,CAF,1987-02-22,1991-05-27,1.0,5033.0,5088,4701,4.0,4741,4858.0,4673.0,850
467,Ethiopia,Ethiopia,ETH,ethiopia_4.png,CAF,1987-02-22,1991-05-27,1.0,5033.0,5088,4701,4.0,4741,4858.0,4673.0,851
468,Ethiopia,Ethiopia,ETH,ethiopia_5.png,CAF,1991-05-28,1995-08-20,1.0,5033.0,5088,4701,5.0,4741,4858.0,4673.0,852
468,Ethiopia,Ethiopia,ETH,ethiopia_5.png,CAF,1991-05-28,1995-08-20,1.0,5033.0,5088,4701,5.0,4741,4858.0,4673.0,853
468,Ethiopia,Ethiopia,ETH,ethiopia_5.png,CAF,1991-05-28,1995-08-20,1.0,5033.0,5088,4701,5.0,4741,4858.0,4673.0,854
468,Ethiopia,Ethiopia,ETH,ethiopia_5.png,CAF,1991-05-28,1995-08-20,1.0,5033.0,5088,4701,5.0,4741,4858.0,4673.0,855
468,Ethiopia,Ethiopia,ETH,ethiopia_5.png,CAF,1991-05-28,1995-08-20,1.0,5033.0,5088,4701,5.0,4741,4858.0,4673.0,856
468,Ethiopia,Ethiopia,ETH,ethiopia_5.png,CAF,1991-05-28,1995-08-20,1.0,5033.0,5088,4701,5.0,4741,4858.0,4673.0,857
468,Ethiopia,Ethiopia,ETH,ethiopia_5.png,CAF,1991-05-28,1995-08-20,1.0,5033.0,5088,4701,5.0,4741,4858.0,4673.0,858
469,Ethiopia,Ethiopia,ETH,ethiopia_6.png,CAF,1995-08-21,2009-05-15,1.0,5033.0,5088,4701,6.0,4741,4858.0,4673.0,859
469,Ethiopia,Ethiopia,ETH,ethiopia_6.png,CAF,1995-08-21,2009-05-15,1.0,5033.0,5088,4701,6.0,4741,4858.0,4673.0,860
469,Ethiopia,Ethiopia,ETH,ethiopia_6.png,CAF,1995-08-21,2009-05-15,1.0,5033.0,5088,4701,6.0,4741,4858.0,4673.0,861
469,Ethiopia,Ethiopia,ETH,ethiopia_6.png,CAF,1995-08-21,2009-05-15,1.0,5033.0,5088,4701,6.0,4741,4858.0,4673.0,862
469,Ethiopia,Ethiopia,ETH,ethiopia_6.png,CAF,1995-08-21,2009-05-15,1.0,5033.0,5088,4701,6.0,4741,4858.0,4673.0,863
469,Ethiopia,Ethiopia,ETH,ethiopia_6.png,CAF,1995-08-21,2009-05-15,1.0,5033.0,5088,4701,6.0,4741,4858.0,4673.0,864
469,Ethiopia,Ethiopia,ETH,ethiopia_6.png,CAF,1995-08-21,2009-05-15,1.0,5033.0,5088,4701,6.0,4741,4858.0,4673.0,865
470,Ethiopia,Ethiopia,ETH,ethiopia.png,CAF,2009-05-16,2099-12-31,1.0,5033.0,5088,4701,7.0,4741,4858.0,4673.0,866
470,Ethiopia,Ethiopia,ETH,ethiopia.png,CAF,2009-05-16,2099-12-31,1.0,5033.0,5088,4701,7.0,4741,4858.0,4673.0,867
470,Ethiopia,Ethiopia,ETH,ethiopia.png,CAF,2009-05-16,2099-12-31,1.0,5033.0,5088,4701,7.0,4741,4858.0,4673.0,868
470,Ethiopia,Ethiopia,ETH,ethiopia.png,CAF,2009-05-16,2099-12-31,1.0,5033.0,5088,4701,7.0,4741,4858.0,4673.0,869
470,Ethiopia,Ethiopia,ETH,ethiopia.png,CAF,2009-05-16,2099-12-31,1.0,5033.0,5088,4701,7.0,4741,4858.0,4673.0,870
470,Ethiopia,Ethiopia,ETH,ethiopia.png,CAF,2009-05-16,2099-12-31,1.0,5033.0,5088,4701,7.0,4741,4858.0,4673.0,871
470,Ethiopia,Ethiopia,ETH,ethiopia.png,CAF,2009-05-16,2099-12-31,1.0,5033.0,5088,4701,7.0,4741,4858.0,4673.0,872
339,Portuguese Guinea,Guinea-Bissau,GNB,portugal.png,CAF,1953-06-02,1974-09-09,1.0,4770.0,4884,4667,1.0,4736,4717.948717948718,4734.562719733533,873
134,Guinea-Bissau,Guinea-Bissau,GNB,guinea_bissau.png,CAF,1974-09-10,2099-12-31,1.0,4770.0,4884,4667,2.0,4736,4717.948717948718,4734.562719733533,874
114,Dominican Republic,Dominican Republic,DOM,dominican_rep.png,CONCACAF,1949-05-14,2099-12-31,1.0,4243.0,4543,4342,1.0,4734,4815.290381208991,4602.868458587553,875
71,Nicaragua,Nicaragua,NIC,nicaragua.png,CONCACAF,1929-05-01,2099-12-31,1.0,3961.0,4762,3864,1.0,4730,4784.948717948718,4696.07453465837,876
170,Liberia,Liberia,LBR,liberia.png,CAF,1954-12-31,2099-12-31,1.0,4829.0,4910,4677,1.0,4725,4823.641879278755,4667.224142863997,877
585,Trinidad and Tobago,Trinidad and Tobago,TRI,trinidad_1.png,CONCACAF,1905-07-21,1957-12-31,1.0,4920.0,4940,4733,1.0,4721,4864.900580058042,4566.571023503216,878
585,Trinidad and Tobago,Trinidad and Tobago,TRI,trinidad_1.png,CONCACAF,1905-07-21,1957-12-31,1.0,4920.0,4940,4733,1.0,4721,4864.900580058042,4566.571023503216,879
585,Trinidad and Tobago,Trinidad and Tobago,TRI,trinidad_1.png,CONCACAF,1905-07-21,1957-12-31,1.0,4920.0,4940,4733,1.0,4721,4864.900580058042,4566.571023503216,880
586,Trinidad and Tobago,Trinidad and Tobago,TRI,trinidad_2.png,CONCACAF,1958-01-01,1962-08-30,1.0,4920.0,4940,4733,2.0,4721,4864.900580058042,4566.571023503216,881
586,Trinidad and Tobago,Trinidad and Tobago,TRI,trinidad_2.png,CONCACAF,1958-01-01,1962-08-30,1.0,4920.0,4940,4733,2.0,4721,4864.900580058042,4566.571023503216,882
586,Trinidad and Tobago,Trinidad and Tobago,TRI,trinidad_2.png,CONCACAF,1958-01-01,1962-08-30,1.0,4920.0,4940,4733,2.0,4721,4864.900580058042,4566.571023503216,883
67,Trinidad and Tobago,Trinidad and Tobago,TRI,trinidad.png,CONCACAF,1962-08-31,2099-12-31,1.0,4920.0,4940,4733,3.0,4721,4864.900580058042,4566.571023503216,884
67,Trinidad and Tobago,Trinidad and Tobago,TRI,trinidad.png,CONCACAF,1962-08-31,2099-12-31,1.0,4920.0,4940,4733,3.0,4721,4864.900580058042,4566.571023503216,885
67,Trinidad and Tobago,Trinidad and Tobago,TRI,trinidad.png,CONCACAF,1962-08-31,2099-12-31,1.0,4920.0,4940,4733,3.0,4721,4864.900580058042,4566.571023503216,886
186,Botswana,Botswana,BOT,botswana.png,CAF,1968-07-13,2099-12-31,1.0,4432.0,4683,4405,1.0,4693,4754.3773560060745,4670.33464101955,887
344,Nyasaland,Malawi,MWI,nyasaland.png,CAF,1957-12-31,1964-07-19,1.0,4501.0,4767,4334,1.0,4690,4731.0,4767.000105360554,888
150,Malawi,Malawi,MWI,malawi.png,CAF,1964-07-20,2099-12-31,1.0,4501.0,4767,4334,2.0,4690,4731.0,4767.000105360554,889
521,Malta,Malta,MLT,malta_1.png,UEFA,1957-02-24,1964-09-20,1.0,4773.0,4848,4672,1.0,4689,4734.940031914002,4569.355088441783,890
521,Malta,Malta,MLT,malta_1.png,UEFA,1957-02-24,1964-09-20,1.0,4773.0,4848,4672,1.0,4689,4734.940031914002,4569.355088441783,891
147,Malta,Malta,MLT,malta.png,UEFA,1964-09-21,2099-12-31,1.0,4773.0,4848,4672,2.0,4689,4734.940031914002,4569.355088441783,892
147,Malta,Malta,MLT,malta.png,UEFA,1964-09-21,2099-12-31,1.0,4773.0,4848,4672,2.0,4689,4734.940031914002,4569.355088441783,893
77,Guadeloupe,Guadeloupe,GLP,france.png,CONCACAF,1934-12-31,2099-12-31,0.0,4753.0,4809,4574,1.0,4685,4823.0,4626.0,894
342,Dutch East Indies,Indonesia,IDN,netherlands.png,AFC,1928-08-19,1945-08-16,1.0,4894.0,5063,4531,1.0,4684,4747.777086030907,4602.232036368249,895
79,Indonesia,Indonesia,IDN,indonesia.png,AFC,1945-08-17,2099-12-31,1.0,4894.0,5063,4531,2.0,4684,4747.777086030907,4602.232036368249,896
247,Andorra,Andorra,AND,andorra.png,UEFA,1996-11-13,2099-12-31,1.0,4569.0,4725,4458,1.0,4683,4563.425671602562,4687.277213441739,897
141,Kyrgyzstan,Kyrgyzstan,KGZ,kyrgyzstan.png,AFC,1992-08-23,2099-12-31,1.0,4527.0,4760,4520,1.0,4683,4822.451857753301,4569.356917113276,898
142,Moldova,Moldova,MDA,moldova.png,UEFA,1991-07-02,2099-12-31,1.0,4909.0,4957,4703,1.0,4682,4779.962662518841,4563.731891803655,899
511,Lebanon,Lebanon,LBN,lebanon_1.png,AFC,1940-04-27,1943-12-06,1.0,4903.0,4973,4608,1.0,4680,4759.0,4799.0,900
511,Lebanon,Lebanon,LBN,lebanon_1.png,AFC,1940-04-27,1943-12-06,1.0,4903.0,4973,4608,1.0,4680,4759.0,4799.0,901
93,Lebanon,Lebanon,LBN,lebanon.png,AFC,1943-12-07,2099-12-31,1.0,4903.0,4973,4608,2.0,4680,4759.0,4799.0,902
93,Lebanon,Lebanon,LBN,lebanon.png,AFC,1943-12-07,2099-12-31,1.0,4903.0,4973,4608,2.0,4680,4759.0,4799.0,903
326,Ubangi-Shari,Central African Republic,CTA,france.png,CAF,1956-12-31,1957-12-31,1.0,4735.0,4974,4550,1.0,4677,4881.0,4621.0,904
155,Central African Republic,Central African Republic,CTA,cta.png,CAF,1958-01-01,2099-12-31,1.0,4735.0,4974,4550,2.0,4677,4881.0,4621.0,905
34,El Salvador,El Salvador,SLV,salvador.png,CONCACAF,1921-09-14,2099-12-31,1.0,4786.0,5039,4502,1.0,4673,4711.695874131029,4711.843607298323,906
362,South Vietnam,Vietnam,VIE,south_vietnam.png,AFC,1947-04-20,1975-04-29,1.0,4819.0,4985,4465,1.0,4664,4742.082057858241,4556.403629592879,907
112,Vietnam,Vietnam,VIE,vietnam.png,AFC,1975-04-30,2099-12-31,1.0,4819.0,4985,4465,2.0,4664,4742.082057858241,4556.403629592879,908
327,French Congo,Congo,CGO,france.png,CAF,1954-12-31,1960-02-28,1.0,5205.0,5301,4711,1.0,4658,4791.0,4599.0,909
160,Congo,Congo,CGO,congo.png,CAF,1960-02-29,2099-12-31,1.0,5205.0,5301,4711,2.0,4658,4791.0,4599.0,910
522,Martinique,Martinique,MTQ,france.png,CONCACAF,1931-02-09,2023-02-01,0.0,4831.0,4937,4686,1.0,4653,4701.948046683858,4662.658850355721,911
522,Martinique,Martinique,MTQ,france.png,CONCACAF,1931-02-09,2023-02-01,0.0,4831.0,4937,4686,1.0,4653,4701.948046683858,4662.658850355721,912
73,Martinique,Martinique,MTQ,martinique.png,CONCACAF,2023-02-02,2099-12-31,0.0,4831.0,4937,4686,2.0,4653,4701.948046683858,4662.658850355721,913
73,Martinique,Martinique,MTQ,martinique.png,CONCACAF,2023-02-02,2099-12-31,0.0,4831.0,4937,4686,2.0,4653,4701.948046683858,4662.658850355721,914
239,Eritrea,Eritrea,ERI,eritrea_1.png,CAF,1992-06-26,1995-12-04,1.0,4701.0,4779,4759,1.0,4638,4777.732104670704,4663.3607594455025,915
239,Eritrea,Eritrea,ERI,eritrea_1.png,CAF,1992-06-26,1995-12-04,1.0,4701.0,4779,4759,1.0,4638,4777.732104670704,4663.3607594455025,916
463,Eritrea,Eritrea,ERI,eritrea.png,CAF,1995-12-05,2099-12-31,1.0,4701.0,4779,4759,2.0,4638,4777.732104670704,4663.3607594455025,917
463,Eritrea,Eritrea,ERI,eritrea.png,CAF,1995-12-05,2099-12-31,1.0,4701.0,4779,4759,2.0,4638,4777.732104670704,4663.3607594455025,918
237,Tajikistan,Tajikistan,TJK,tajikistan.png,AFC,1992-06-17,2099-12-31,1.0,4805.0,4874,4646,1.0,4637,4724.517371197702,4603.051282051282,919
340,British Guiana,Guyana,GUY,gb_guiana.png,CONCACAF,1905-07-21,1966-05-25,1.0,4766.0,4798,4747,1.0,4619,4888.78850226299,4501.358830084891,920
66,Guyana,Guyana,GUY,guyana.png,CONCACAF,1966-05-26,2099-12-31,1.0,4766.0,4798,4747,2.0,4619,4888.78850226299,4501.358830084891,921
336,Swaziland,Eswatini,SWZ,eswatini.png,CAF,1968-07-20,2018-04-18,1.0,4482.0,4755,4443,1.0,4616,4808.6392405544975,4639.267895329296,922
185,Eswatini,Eswatini,SWZ,eswatini.png,CAF,2018-04-19,2099-12-31,1.0,4482.0,4755,4443,2.0,4616,4808.6392405544975,4639.267895329296,923
76,Cuba,Cuba,CUB,cuba.png,CONCACAF,1930-03-16,2099-12-31,1.0,5008.0,4952,4723,1.0,4615,4745.38189052305,4627.811888947336,924
524,Mauritius,Mauritius,MAU,mauritius_1.png,CAF,1932-01-17,1968-03-11,1.0,5322.0,5243,4876,1.0,4591,4616.993993501383,4715.204739869212,925
524,Mauritius,Mauritius,MAU,mauritius_1.png,CAF,1932-01-17,1968-03-11,1.0,5322.0,5243,4876,1.0,4591,4616.993993501383,4715.204739869212,926
105,Mauritius,Mauritius,MAU,mauritius.png,CAF,1968-03-12,2099-12-31,1.0,5322.0,5243,4876,2.0,4591,4616.993993501383,4715.204739869212,927
105,Mauritius,Mauritius,MAU,mauritius.png,CAF,1968-03-12,2099-12-31,1.0,5322.0,5243,4876,2.0,4591,4616.993993501383,4715.204739869212,928
345,Malaya,Malaysia,MAS,malaya.png,AFC,1948-06-20,1963-09-15,1.0,4752.0,4936,4410,1.0,4581,4715.596370407121,4481.886294544617,929
366,Aden,Yemen,YEM,aden.png,AFC,1965-09-02,1965-09-07,1.0,4451.0,4834,4353,1.0,4581,4792.0,4497.0,930
133,Malaysia,Malaysia,MAS,malaysia.png,AFC,1963-09-16,2099-12-31,1.0,4752.0,4936,4410,2.0,4581,4715.596370407121,4481.886294544617,931
365,South Yemen,Yemen,YEM,south_yemen.png,AFC,1965-09-08,1990-05-21,1.0,4451.0,4834,4353,2.0,4581,4792.0,4497.0,932
178,Yemen,Yemen,YEM,yemen.png,AFC,1990-05-22,2099-12-31,1.0,4451.0,4834,4353,3.0,4581,4792.0,4497.0,933
512,Lesotho,Lesotho,LES,lesotho_1.png,CAF,1970-08-08,1987-01-19,1.0,4608.0,4870,4525,1.0,4579,4735.524582254376,4692.051282051282,934
512,Lesotho,Lesotho,LES,lesotho_1.png,CAF,1970-08-08,1987-01-19,1.0,4608.0,4870,4525,1.0,4579,4735.524582254376,4692.051282051282,935
512,Lesotho,Lesotho,LES,lesotho_1.png,CAF,1970-08-08,1987-01-19,1.0,4608.0,4870,4525,1.0,4579,4735.524582254376,4692.051282051282,936
513,Lesotho,Lesotho,LES,lesotho_2.png,CAF,1987-01-20,2006-10-03,1.0,4608.0,4870,4525,2.0,4579,4735.524582254376,4692.051282051282,937
513,Lesotho,Lesotho,LES,lesotho_2.png,CAF,1987-01-20,2006-10-03,1.0,4608.0,4870,4525,2.0,4579,4735.524582254376,4692.051282051282,938
513,Lesotho,Lesotho,LES,lesotho_2.png,CAF,1987-01-20,2006-10-03,1.0,4608.0,4870,4525,2.0,4579,4735.524582254376,4692.051282051282,939
188,Lesotho,Lesotho,LES,lesotho.png,CAF,2006-10-04,2099-12-31,1.0,4608.0,4870,4525,3.0,4579,4735.524582254376,4692.051282051282,940
188,Lesotho,Lesotho,LES,lesotho.png,CAF,2006-10-04,2099-12-31,1.0,4608.0,4870,4525,3.0,4579,4735.524582254376,4692.051282051282,941
188,Lesotho,Lesotho,LES,lesotho.png,CAF,2006-10-04,2099-12-31,1.0,4608.0,4870,4525,3.0,4579,4735.524582254376,4692.051282051282,942
473,French Guiana,French Guiana,GUF,france.png,CONCACAF,1935-12-29,2010-01-28,0.0,4448.0,4796,4347,1.0,4576,4751.0,4560.0,943
473,French Guiana,French Guiana,GUF,france.png,CONCACAF,1935-12-29,2010-01-28,0.0,4448.0,4796,4347,1.0,4576,4751.0,4560.0,944
81,French Guiana,French Guiana,GUF,fr_guiana.png,CONCACAF,2010-01-29,2099-12-31,0.0,4448.0,4796,4347,2.0,4576,4751.0,4560.0,945
81,French Guiana,French Guiana,GUF,fr_guiana.png,CONCACAF,2010-01-29,2099-12-31,0.0,4448.0,4796,4347,2.0,4576,4751.0,4560.0,946
286,South Sudan,South Sudan,SSD,south_sudan.png,CAF,2012-07-10,2099-12-31,1.0,4511.0,4736,4563,1.0,4566,4729.217025238954,4605.051282051282,947
236,Turkmenistan,Turkmenistan,TKM,turkmenistan.png,AFC,1992-06-01,2099-12-31,1.0,4950.0,4991,4720,1.0,4554,4721.105524431569,4514.569079803356,948
171,Somalia,Somalia,SOM,somalia.png,CAF,1963-11-14,2099-12-31,1.0,4471.0,4869,4373,1.0,4512,4716.795260130788,4648.006006498617,949
174,Chad,Chad,CHA,chad.png,CAF,1961-12-25,2099-12-31,1.0,4610.0,4864,4527,1.0,4510,4756.89338954986,4565.936388228771,950
491,Hong Kong,Hong Kong,HKG,hong_kong_1.png,AFC,1947-04-20,1954-12-31,1.0,4567.0,4954,4354,1.0,4510,4625.948717948718,4464.410980878358,951
491,Hong Kong,Hong Kong,HKG,hong_kong_1.png,AFC,1947-04-20,1954-12-31,1.0,4567.0,4954,4354,1.0,4510,4625.948717948718,4464.410980878358,952
491,Hong Kong,Hong Kong,HKG,hong_kong_1.png,AFC,1947-04-20,1954-12-31,1.0,4567.0,4954,4354,1.0,4510,4625.948717948718,4464.410980878358,953
491,Hong Kong,Hong Kong,HKG,hong_kong_1.png,AFC,1947-04-20,1954-12-31,1.0,4567.0,4954,4354,1.0,4510,4625.948717948718,4464.410980878358,954
492,Hong Kong,Hong Kong,HKG,hong_kong_2.png,AFC,1955-01-01,1959-01-20,1.0,4567.0,4954,4354,2.0,4510,4625.948717948718,4464.410980878358,955
492,Hong Kong,Hong Kong,HKG,hong_kong_2.png,AFC,1955-01-01,1959-01-20,1.0,4567.0,4954,4354,2.0,4510,4625.948717948718,4464.410980878358,956
492,Hong Kong,Hong Kong,HKG,hong_kong_2.png,AFC,1955-01-01,1959-01-20,1.0,4567.0,4954,4354,2.0,4510,4625.948717948718,4464.410980878358,957
492,Hong Kong,Hong Kong,HKG,hong_kong_2.png,AFC,1955-01-01,1959-01-20,1.0,4567.0,4954,4354,2.0,4510,4625.948717948718,4464.410980878358,958
493,Hong Kong,Hong Kong,HKG,hong_kong_3.png,AFC,1959-01-21,1997-06-30,1.0,4567.0,4954,4354,3.0,4510,4625.948717948718,4464.410980878358,959
493,Hong Kong,Hong Kong,HKG,hong_kong_3.png,AFC,1959-01-21,1997-06-30,1.0,4567.0,4954,4354,3.0,4510,4625.948717948718,4464.410980878358,960
493,Hong Kong,Hong Kong,HKG,hong_kong_3.png,AFC,1959-01-21,1997-06-30,1.0,4567.0,4954,4354,3.0,4510,4625.948717948718,4464.410980878358,961
493,Hong Kong,Hong Kong,HKG,hong_kong_3.png,AFC,1959-01-21,1997-06-30,1.0,4567.0,4954,4354,3.0,4510,4625.948717948718,4464.410980878358,962
131,Hong Kong,Hong Kong,HKG,hong_kong.png,AFC,1997-07-01,2099-12-31,1.0,4738.0,4954,4354,4.0,4510,4625.948717948718,4464.410980878358,963
131,Hong Kong,Hong Kong,HKG,hong_kong.png,AFC,1997-07-01,2099-12-31,1.0,4738.0,4954,4354,4.0,4510,4625.948717948718,4464.410980878358,964
131,Hong Kong,Hong Kong,HKG,hong_kong.png,AFC,1997-07-01,2099-12-31,1.0,4738.0,4954,4354,4.0,4510,4625.948717948718,4464.410980878358,965
131,Hong Kong,Hong Kong,HKG,hong_kong.png,AFC,1997-07-01,2099-12-31,1.0,4738.0,4954,4354,4.0,4510,4625.948717948718,4464.410980878358,966
29,Philippines,Philippines,PHI,usa_1912.png,AFC,1913-02-04,1920-03-25,1.0,4503.0,4704,4399,1.0,4503,4711.948717948718,4472.482628802298,967
29,Philippines,Philippines,PHI,usa_1912.png,AFC,1913-02-04,1920-03-25,1.0,4503.0,4704,4399,1.0,4503,4711.948717948718,4472.482628802298,968
540,Philippines,Philippines,PHI,philippines.png,AFC,1920-03-26,2099-12-31,1.0,4503.0,4704,4399,2.0,4503,4711.948717948718,4472.482628802298,969
540,Philippines,Philippines,PHI,philippines.png,AFC,1920-03-26,2099-12-31,1.0,4503.0,4704,4399,2.0,4503,4711.948717948718,4472.482628802298,970
341,British India,India,IND,gb_india.png,AFC,1938-09-03,1947-08-14,1.0,4880.0,5013,4646,1.0,4492,4582.589019121642,4552.079851770638,971
88,India,India,IND,india.png,AFC,1947-08-15,2099-12-31,1.0,4880.0,5013,4646,2.0,4492,4582.589019121642,4552.079851770638,972
533,New Caledonia,New Caledonia,NCL,france.png,OFC,1933-08-15,2010-07-12,1.0,4830.0,4872,4553,1.0,4472,4670.0,4506.057782417124,973
533,New Caledonia,New Caledonia,NCL,france.png,OFC,1933-08-15,2010-07-12,1.0,4830.0,4872,4553,1.0,4472,4670.0,4506.057782417124,974
122,New Caledonia,New Caledonia,NCL,caledonia.png,OFC,2010-07-13,2099-12-31,1.0,4830.0,4872,4553,2.0,4472,4670.0,4506.057782417124,975
122,New Caledonia,New Caledonia,NCL,caledonia.png,OFC,2010-07-13,2099-12-31,1.0,4830.0,4872,4553,2.0,4472,4670.0,4506.057782417124,976
94,Puerto Rico,Puerto Rico,PUR,puerto_rico.png,CONCACAF,1940-11-12,2099-12-31,1.0,3861.0,4635,3937,1.0,4449,4663.168497298178,4457.0,977
241,Gibraltar,Gibraltar,GIB,gibraltar.png,UEFA,2007-07-04,2099-12-31,1.0,4348.0,4684,4261,1.0,4445,4584.853595079771,4441.045191391133,978
203,São Tomé and Príncipe,São Tomé and Príncipe,STP,sao_tome.png,CAF,1976-05-02,2099-12-31,1.0,4390.0,4737,4358,1.0,4437,4791.0,4416.0,979
571,St Vincent & Grenadines,St Vincent & Grenadines,VIN,st_vincent_1.png,CONCACAF,1936-09-12,1979-10-26,1.0,4586.0,4683,4524,1.0,4407,4740.065086179828,4454.987955530232,980
571,St Vincent & Grenadines,St Vincent & Grenadines,VIN,st_vincent_1.png,CONCACAF,1936-09-12,1979-10-26,1.0,4586.0,4683,4524,1.0,4407,4740.065086179828,4454.987955530232,981
571,St Vincent & Grenadines,St Vincent & Grenadines,VIN,st_vincent_1.png,CONCACAF,1936-09-12,1979-10-26,1.0,4586.0,4683,4524,1.0,4407,4740.065086179828,4454.987955530232,982
572,St Vincent & Grenadines,St Vincent & Grenadines,VIN,st_vincent_2.png,CONCACAF,1979-10-27,1985-10-11,1.0,4586.0,4683,4524,2.0,4407,4740.065086179828,4454.987955530232,983
572,St Vincent & Grenadines,St Vincent & Grenadines,VIN,st_vincent_2.png,CONCACAF,1979-10-27,1985-10-11,1.0,4586.0,4683,4524,2.0,4407,4740.065086179828,4454.987955530232,984
572,St Vincent & Grenadines,St Vincent & Grenadines,VIN,st_vincent_2.png,CONCACAF,1979-10-27,1985-10-11,1.0,4586.0,4683,4524,2.0,4407,4740.065086179828,4454.987955530232,985
162,St Vincent & Grenadines,St Vincent & Grenadines,VIN,st_vincent.png,CONCACAF,1985-10-12,2099-12-31,1.0,4586.0,4683,4524,3.0,4407,4740.065086179828,4454.987955530232,986
162,St Vincent & Grenadines,St Vincent & Grenadines,VIN,st_vincent.png,CONCACAF,1985-10-12,2099-12-31,1.0,4586.0,4683,4524,3.0,4407,4740.065086179828,4454.987955530232,987
162,St Vincent & Grenadines,St Vincent & Grenadines,VIN,st_vincent.png,CONCACAF,1985-10-12,2099-12-31,1.0,4586.0,4683,4524,3.0,4407,4740.065086179828,4454.987955530232,988
558,Singapore,Singapore,SGP,singapore_1.png,AFC,1948-05-22,1959-12-02,1.0,4590.0,4781,4361,1.0,4403,4645.117975800975,4378.0,989
558,Singapore,Singapore,SGP,singapore_1.png,AFC,1948-05-22,1959-12-02,1.0,4590.0,4781,4361,1.0,4403,4645.117975800975,4378.0,990
132,Singapore,Singapore,SGP,singapore.png,AFC,1959-12-03,2099-12-31,1.0,4590.0,4781,4361,2.0,4403,4645.117975800975,4378.0,991
132,Singapore,Singapore,SGP,singapore.png,AFC,1959-12-03,2099-12-31,1.0,4590.0,4781,4361,2.0,4403,4645.117975800975,4378.0,992
413,Bermuda,Bermuda,BER,bermuda_1.png,CONCACAF,1964-08-10,1998-12-31,1.0,4679.0,4821,4481,1.0,4379,4775.0,4338.787609455695,993
413,Bermuda,Bermuda,BER,bermuda_1.png,CONCACAF,1964-08-10,1998-12-31,1.0,4679.0,4821,4481,1.0,4379,4775.0,4338.787609455695,994
175,Bermuda,Bermuda,BER,bermuda.png,CONCACAF,1999-01-01,2099-12-31,1.0,4679.0,4821,4481,2.0,4379,4775.0,4338.787609455695,995
175,Bermuda,Bermuda,BER,bermuda.png,CONCACAF,1999-01-01,2099-12-31,1.0,4679.0,4821,4481,2.0,4379,4775.0,4338.787609455695,996
215,Liechtenstein,Liechtenstein,LIE,liechtenstein.png,UEFA,1981-06-14,2099-12-31,1.0,4370.0,4660,4243,1.0,4336,4546.906124630514,4345.662931127416,997
87,Grenada,Grenada,GRN,grenada_1.png,CONCACAF,1934-10-13,1967-03-02,1.0,4719.0,4936,4536,1.0,4335,4653.0,4331.958418873047,998
87,Grenada,Grenada,GRN,grenada_1.png,CONCACAF,1934-10-13,1967-03-02,1.0,4719.0,4936,4536,1.0,4335,4653.0,4331.958418873047,999
87,Grenada,Grenada,GRN,grenada_1.png,CONCACAF,1934-10-13,1967-03-02,1.0,4719.0,4936,4536,1.0,4335,4653.0,4331.958418873047,1000
487,Grenada,Grenada,GRN,grenada_2.png,CONCACAF,1967-03-03,1974-02-06,1.0,4719.0,4936,4536,2.0,4335,4653.0,4331.958418873047,1001
487,Grenada,Grenada,GRN,grenada_2.png,CONCACAF,1967-03-03,1974-02-06,1.0,4719.0,4936,4536,2.0,4335,4653.0,4331.958418873047,1002
487,Grenada,Grenada,GRN,grenada_2.png,CONCACAF,1967-03-03,1974-02-06,1.0,4719.0,4936,4536,2.0,4335,4653.0,4331.958418873047,1003
488,Grenada,Grenada,GRN,grenada.png,CONCACAF,1974-02-07,2099-12-31,1.0,4719.0,4936,4536,3.0,4335,4653.0,4331.958418873047,1004
488,Grenada,Grenada,GRN,grenada.png,CONCACAF,1974-02-07,2099-12-31,1.0,4719.0,4936,4536,3.0,4335,4653.0,4331.958418873047,1005
488,Grenada,Grenada,GRN,grenada.png,CONCACAF,1974-02-07,2099-12-31,1.0,4719.0,4936,4536,3.0,4335,4653.0,4331.958418873047,1006
320,British Honduras,Belize,BLZ,gb_honduras.png,CONCACAF,1928-02-19,1973-05-30,1.0,4554.0,4846,4502,1.0,4330,4595.132186865849,4425.5631592674945,1007
320,British Honduras,Belize,BLZ,gb_honduras.png,CONCACAF,1928-02-19,1973-05-30,1.0,4554.0,4846,4502,1.0,4330,4595.132186865849,4425.5631592674945,1008
411,Belize,Belize,BLZ,gb_honduras.png,CONCACAF,1973-05-31,1981-09-20,1.0,4554.0,4846,4502,2.0,4330,4595.132186865849,4425.5631592674945,1009
411,Belize,Belize,BLZ,gb_honduras.png,CONCACAF,1973-05-31,1981-09-20,1.0,4554.0,4846,4502,2.0,4330,4595.132186865849,4425.5631592674945,1010
219,Belize,Belize,BLZ,belize.png,CONCACAF,1981-09-21,2099-12-31,1.0,4554.0,4846,4502,3.0,4330,4595.132186865849,4425.5631592674945,1011
219,Belize,Belize,BLZ,belize.png,CONCACAF,1981-09-21,2099-12-31,1.0,4554.0,4846,4502,3.0,4330,4595.132186865849,4425.5631592674945,1012
331,French Somaliland,Djibouti,DJI,france.png,CAF,1947-12-05,1967-07-04,1.0,4057.0,4733,4058,1.0,4315,4753.948717948718,4343.782974761046,1013
331,French Somaliland,Djibouti,DJI,france.png,CAF,1947-12-05,1967-07-04,1.0,4057.0,4733,4058,1.0,4315,4753.948717948718,4343.782974761046,1014
108,Djibouti,Djibouti,DJI,france.png,CAF,1967-07-05,1977-06-26,1.0,4057.0,4733,4058,2.0,4315,4753.948717948718,4343.782974761046,1015
108,Djibouti,Djibouti,DJI,france.png,CAF,1967-07-05,1977-06-26,1.0,4057.0,4733,4058,2.0,4315,4753.948717948718,4343.782974761046,1016
450,Djibouti,Djibouti,DJI,djibouti.png,CAF,1977-06-27,2099-12-31,1.0,4057.0,4733,4058,3.0,4315,4753.948717948718,4343.782974761046,1017
450,Djibouti,Djibouti,DJI,djibouti.png,CAF,1977-06-27,2099-12-31,1.0,4057.0,4733,4058,3.0,4315,4753.948717948718,4343.782974761046,1018
378,Afghanistan,Afghanistan,AFG,afghanistan_14.png,AFC,1941-08-24,1974-05-07,1.0,4148.0,4538,4216,1.0,4288,4556.808259398767,4440.2792545674665,1019
378,Afghanistan,Afghanistan,AFG,afghanistan_14.png,AFC,1941-08-24,1974-05-07,1.0,4148.0,4538,4216,1.0,4288,4556.808259398767,4440.2792545674665,1020
378,Afghanistan,Afghanistan,AFG,afghanistan_14.png,AFC,1941-08-24,1974-05-07,1.0,4148.0,4538,4216,1.0,4288,4556.808259398767,4440.2792545674665,1021
378,Afghanistan,Afghanistan,AFG,afghanistan_14.png,AFC,1941-08-24,1974-05-07,1.0,4148.0,4538,4216,1.0,4288,4556.808259398767,4440.2792545674665,1022
378,Afghanistan,Afghanistan,AFG,afghanistan_14.png,AFC,1941-08-24,1974-05-07,1.0,4148.0,4538,4216,1.0,4288,4556.808259398767,4440.2792545674665,1023
378,Afghanistan,Afghanistan,AFG,afghanistan_14.png,AFC,1941-08-24,1974-05-07,1.0,4148.0,4538,4216,1.0,4288,4556.808259398767,4440.2792545674665,1024
378,Afghanistan,Afghanistan,AFG,afghanistan_14.png,AFC,1941-08-24,1974-05-07,1.0,4148.0,4538,4216,1.0,4288,4556.808259398767,4440.2792545674665,1025
378,Afghanistan,Afghanistan,AFG,afghanistan_14.png,AFC,1941-08-24,1974-05-07,1.0,4148.0,4538,4216,1.0,4288,4556.808259398767,4440.2792545674665,1026
378,Afghanistan,Afghanistan,AFG,afghanistan_14.png,AFC,1941-08-24,1974-05-07,1.0,4148.0,4538,4216,1.0,4288,4556.808259398767,4440.2792545674665,1027
378,Afghanistan,Afghanistan,AFG,afghanistan_14.png,AFC,1941-08-24,1974-05-07,1.0,4148.0,4538,4216,1.0,4288,4556.808259398767,4440.2792545674665,1028
378,Afghanistan,Afghanistan,AFG,afghanistan_14.png,AFC,1941-08-24,1974-05-07,1.0,4148.0,4538,4216,1.0,4288,4556.808259398767,4440.2792545674665,1029
378,Afghanistan,Afghanistan,AFG,afghanistan_14.png,AFC,1941-08-24,1974-05-07,1.0,4148.0,4538,4216,1.0,4288,4556.808259398767,4440.2792545674665,1030
378,Afghanistan,Afghanistan,AFG,afghanistan_14.png,AFC,1941-08-24,1974-05-07,1.0,4148.0,4538,4216,1.0,4288,4556.808259398767,4440.2792545674665,1031
378,Afghanistan,Afghanistan,AFG,afghanistan_14.png,AFC,1941-08-24,1974-05-07,1.0,4148.0,4538,4216,1.0,4288,4556.808259398767,4440.2792545674665,1032
378,Afghanistan,Afghanistan,AFG,afghanistan_14.png,AFC,1941-08-24,1974-05-07,1.0,4148.0,4538,4216,1.0,4288,4556.808259398767,4440.2792545674665,1033
378,Afghanistan,Afghanistan,AFG,afghanistan_14.png,AFC,1941-08-24,1974-05-07,1.0,4148.0,4538,4216,1.0,4288,4556.808259398767,4440.2792545674665,1034
379,Afghanistan,Afghanistan,AFG,afghanistan_15.png,AFC,1974-05-08,1978-04-25,1.0,4148.0,4538,4216,2.0,4288,4556.808259398767,4440.2792545674665,1035
379,Afghanistan,Afghanistan,AFG,afghanistan_15.png,AFC,1974-05-08,1978-04-25,1.0,4148.0,4538,4216,2.0,4288,4556.808259398767,4440.2792545674665,1036
379,Afghanistan,Afghanistan,AFG,afghanistan_15.png,AFC,1974-05-08,1978-04-25,1.0,4148.0,4538,4216,2.0,4288,4556.808259398767,4440.2792545674665,1037
379,Afghanistan,Afghanistan,AFG,afghanistan_15.png,AFC,1974-05-08,1978-04-25,1.0,4148.0,4538,4216,2.0,4288,4556.808259398767,4440.2792545674665,1038
379,Afghanistan,Afghanistan,AFG,afghanistan_15.png,AFC,1974-05-08,1978-04-25,1.0,4148.0,4538,4216,2.0,4288,4556.808259398767,4440.2792545674665,1039
379,Afghanistan,Afghanistan,AFG,afghanistan_15.png,AFC,1974-05-08,1978-04-25,1.0,4148.0,4538,4216,2.0,4288,4556.808259398767,4440.2792545674665,1040
379,Afghanistan,Afghanistan,AFG,afghanistan_15.png,AFC,1974-05-08,1978-04-25,1.0,4148.0,4538,4216,2.0,4288,4556.808259398767,4440.2792545674665,1041
379,Afghanistan,Afghanistan,AFG,afghanistan_15.png,AFC,1974-05-08,1978-04-25,1.0,4148.0,4538,4216,2.0,4288,4556.808259398767,4440.2792545674665,1042
379,Afghanistan,Afghanistan,AFG,afghanistan_15.png,AFC,1974-05-08,1978-04-25,1.0,4148.0,4538,4216,2.0,4288,4556.808259398767,4440.2792545674665,1043
379,Afghanistan,Afghanistan,AFG,afghanistan_15.png,AFC,1974-05-08,1978-04-25,1.0,4148.0,4538,4216,2.0,4288,4556.808259398767,4440.2792545674665,1044
379,Afghanistan,Afghanistan,AFG,afghanistan_15.png,AFC,1974-05-08,1978-04-25,1.0,4148.0,4538,4216,2.0,4288,4556.808259398767,4440.2792545674665,1045
379,Afghanistan,Afghanistan,AFG,afghanistan_15.png,AFC,1974-05-08,1978-04-25,1.0,4148.0,4538,4216,2.0,4288,4556.808259398767,4440.2792545674665,1046
379,Afghanistan,Afghanistan,AFG,afghanistan_15.png,AFC,1974-05-08,1978-04-25,1.0,4148.0,4538,4216,2.0,4288,4556.808259398767,4440.2792545674665,1047
379,Afghanistan,Afghanistan,AFG,afghanistan_15.png,AFC,1974-05-08,1978-04-25,1.0,4148.0,4538,4216,2.0,4288,4556.808259398767,4440.2792545674665,1048
379,Afghanistan,Afghanistan,AFG,afghanistan_15.png,AFC,1974-05-08,1978-04-25,1.0,4148.0,4538,4216,2.0,4288,4556.808259398767,4440.2792545674665,1049
379,Afghanistan,Afghanistan,AFG,afghanistan_15.png,AFC,1974-05-08,1978-04-25,1.0,4148.0,4538,4216,2.0,4288,4556.808259398767,4440.2792545674665,1050
380,Afghanistan,Afghanistan,AFG,afghanistan_16.png,AFC,1978-04-26,1978-10-17,1.0,4148.0,4538,4216,3.0,4288,4556.808259398767,4440.2792545674665,1051
380,Afghanistan,Afghanistan,AFG,afghanistan_16.png,AFC,1978-04-26,1978-10-17,1.0,4148.0,4538,4216,3.0,4288,4556.808259398767,4440.2792545674665,1052
380,Afghanistan,Afghanistan,AFG,afghanistan_16.png,AFC,1978-04-26,1978-10-17,1.0,4148.0,4538,4216,3.0,4288,4556.808259398767,4440.2792545674665,1053
380,Afghanistan,Afghanistan,AFG,afghanistan_16.png,AFC,1978-04-26,1978-10-17,1.0,4148.0,4538,4216,3.0,4288,4556.808259398767,4440.2792545674665,1054
380,Afghanistan,Afghanistan,AFG,afghanistan_16.png,AFC,1978-04-26,1978-10-17,1.0,4148.0,4538,4216,3.0,4288,4556.808259398767,4440.2792545674665,1055
380,Afghanistan,Afghanistan,AFG,afghanistan_16.png,AFC,1978-04-26,1978-10-17,1.0,4148.0,4538,4216,3.0,4288,4556.808259398767,4440.2792545674665,1056
380,Afghanistan,Afghanistan,AFG,afghanistan_16.png,AFC,1978-04-26,1978-10-17,1.0,4148.0,4538,4216,3.0,4288,4556.808259398767,4440.2792545674665,1057
380,Afghanistan,Afghanistan,AFG,afghanistan_16.png,AFC,1978-04-26,1978-10-17,1.0,4148.0,4538,4216,3.0,4288,4556.808259398767,4440.2792545674665,1058
380,Afghanistan,Afghanistan,AFG,afghanistan_16.png,AFC,1978-04-26,1978-10-17,1.0,4148.0,4538,4216,3.0,4288,4556.808259398767,4440.2792545674665,1059
380,Afghanistan,Afghanistan,AFG,afghanistan_16.png,AFC,1978-04-26,1978-10-17,1.0,4148.0,4538,4216,3.0,4288,4556.808259398767,4440.2792545674665,1060
380,Afghanistan,Afghanistan,AFG,afghanistan_16.png,AFC,1978-04-26,1978-10-17,1.0,4148.0,4538,4216,3.0,4288,4556.808259398767,4440.2792545674665,1061
380,Afghanistan,Afghanistan,AFG,afghanistan_16.png,AFC,1978-04-26,1978-10-17,1.0,4148.0,4538,4216,3.0,4288,4556.808259398767,4440.2792545674665,1062
380,Afghanistan,Afghanistan,AFG,afghanistan_16.png,AFC,1978-04-26,1978-10-17,1.0,4148.0,4538,4216,3.0,4288,4556.808259398767,4440.2792545674665,1063
380,Afghanistan,Afghanistan,AFG,afghanistan_16.png,AFC,1978-04-26,1978-10-17,1.0,4148.0,4538,4216,3.0,4288,4556.808259398767,4440.2792545674665,1064
380,Afghanistan,Afghanistan,AFG,afghanistan_16.png,AFC,1978-04-26,1978-10-17,1.0,4148.0,4538,4216,3.0,4288,4556.808259398767,4440.2792545674665,1065
380,Afghanistan,Afghanistan,AFG,afghanistan_16.png,AFC,1978-04-26,1978-10-17,1.0,4148.0,4538,4216,3.0,4288,4556.808259398767,4440.2792545674665,1066
381,Afghanistan,Afghanistan,AFG,afghanistan_17.png,AFC,1978-10-18,1980-04-20,1.0,4148.0,4538,4216,4.0,4288,4556.808259398767,4440.2792545674665,1067
381,Afghanistan,Afghanistan,AFG,afghanistan_17.png,AFC,1978-10-18,1980-04-20,1.0,4148.0,4538,4216,4.0,4288,4556.808259398767,4440.2792545674665,1068
381,Afghanistan,Afghanistan,AFG,afghanistan_17.png,AFC,1978-10-18,1980-04-20,1.0,4148.0,4538,4216,4.0,4288,4556.808259398767,4440.2792545674665,1069
381,Afghanistan,Afghanistan,AFG,afghanistan_17.png,AFC,1978-10-18,1980-04-20,1.0,4148.0,4538,4216,4.0,4288,4556.808259398767,4440.2792545674665,1070
381,Afghanistan,Afghanistan,AFG,afghanistan_17.png,AFC,1978-10-18,1980-04-20,1.0,4148.0,4538,4216,4.0,4288,4556.808259398767,4440.2792545674665,1071
381,Afghanistan,Afghanistan,AFG,afghanistan_17.png,AFC,1978-10-18,1980-04-20,1.0,4148.0,4538,4216,4.0,4288,4556.808259398767,4440.2792545674665,1072
381,Afghanistan,Afghanistan,AFG,afghanistan_17.png,AFC,1978-10-18,1980-04-20,1.0,4148.0,4538,4216,4.0,4288,4556.808259398767,4440.2792545674665,1073
381,Afghanistan,Afghanistan,AFG,afghanistan_17.png,AFC,1978-10-18,1980-04-20,1.0,4148.0,4538,4216,4.0,4288,4556.808259398767,4440.2792545674665,1074
381,Afghanistan,Afghanistan,AFG,afghanistan_17.png,AFC,1978-10-18,1980-04-20,1.0,4148.0,4538,4216,4.0,4288,4556.808259398767,4440.2792545674665,1075
381,Afghanistan,Afghanistan,AFG,afghanistan_17.png,AFC,1978-10-18,1980-04-20,1.0,4148.0,4538,4216,4.0,4288,4556.808259398767,4440.2792545674665,1076
381,Afghanistan,Afghanistan,AFG,afghanistan_17.png,AFC,1978-10-18,1980-04-20,1.0,4148.0,4538,4216,4.0,4288,4556.808259398767,4440.2792545674665,1077
381,Afghanistan,Afghanistan,AFG,afghanistan_17.png,AFC,1978-10-18,1980-04-20,1.0,4148.0,4538,4216,4.0,4288,4556.808259398767,4440.2792545674665,1078
381,Afghanistan,Afghanistan,AFG,afghanistan_17.png,AFC,1978-10-18,1980-04-20,1.0,4148.0,4538,4216,4.0,4288,4556.808259398767,4440.2792545674665,1079
381,Afghanistan,Afghanistan,AFG,afghanistan_17.png,AFC,1978-10-18,1980-04-20,1.0,4148.0,4538,4216,4.0,4288,4556.808259398767,4440.2792545674665,1080
381,Afghanistan,Afghanistan,AFG,afghanistan_17.png,AFC,1978-10-18,1980-04-20,1.0,4148.0,4538,4216,4.0,4288,4556.808259398767,4440.2792545674665,1081
381,Afghanistan,Afghanistan,AFG,afghanistan_17.png,AFC,1978-10-18,1980-04-20,1.0,4148.0,4538,4216,4.0,4288,4556.808259398767,4440.2792545674665,1082
382,Afghanistan,Afghanistan,AFG,afghanistan_18.png,AFC,1980-04-21,1987-11-28,1.0,4148.0,4538,4216,5.0,4288,4556.808259398767,4440.2792545674665,1083
382,Afghanistan,Afghanistan,AFG,afghanistan_18.png,AFC,1980-04-21,1987-11-28,1.0,4148.0,4538,4216,5.0,4288,4556.808259398767,4440.2792545674665,1084
382,Afghanistan,Afghanistan,AFG,afghanistan_18.png,AFC,1980-04-21,1987-11-28,1.0,4148.0,4538,4216,5.0,4288,4556.808259398767,4440.2792545674665,1085
382,Afghanistan,Afghanistan,AFG,afghanistan_18.png,AFC,1980-04-21,1987-11-28,1.0,4148.0,4538,4216,5.0,4288,4556.808259398767,4440.2792545674665,1086
382,Afghanistan,Afghanistan,AFG,afghanistan_18.png,AFC,1980-04-21,1987-11-28,1.0,4148.0,4538,4216,5.0,4288,4556.808259398767,4440.2792545674665,1087
382,Afghanistan,Afghanistan,AFG,afghanistan_18.png,AFC,1980-04-21,1987-11-28,1.0,4148.0,4538,4216,5.0,4288,4556.808259398767,4440.2792545674665,1088
382,Afghanistan,Afghanistan,AFG,afghanistan_18.png,AFC,1980-04-21,1987-11-28,1.0,4148.0,4538,4216,5.0,4288,4556.808259398767,4440.2792545674665,1089
382,Afghanistan,Afghanistan,AFG,afghanistan_18.png,AFC,1980-04-21,1987-11-28,1.0,4148.0,4538,4216,5.0,4288,4556.808259398767,4440.2792545674665,1090
382,Afghanistan,Afghanistan,AFG,afghanistan_18.png,AFC,1980-04-21,1987-11-28,1.0,4148.0,4538,4216,5.0,4288,4556.808259398767,4440.2792545674665,1091
382,Afghanistan,Afghanistan,AFG,afghanistan_18.png,AFC,1980-04-21,1987-11-28,1.0,4148.0,4538,4216,5.0,4288,4556.808259398767,4440.2792545674665,1092
382,Afghanistan,Afghanistan,AFG,afghanistan_18.png,AFC,1980-04-21,1987-11-28,1.0,4148.0,4538,4216,5.0,4288,4556.808259398767,4440.2792545674665,1093
382,Afghanistan,Afghanistan,AFG,afghanistan_18.png,AFC,1980-04-21,1987-11-28,1.0,4148.0,4538,4216,5.0,4288,4556.808259398767,4440.2792545674665,1094
382,Afghanistan,Afghanistan,AFG,afghanistan_18.png,AFC,1980-04-21,1987-11-28,1.0,4148.0,4538,4216,5.0,4288,4556.808259398767,4440.2792545674665,1095
382,Afghanistan,Afghanistan,AFG,afghanistan_18.png,AFC,1980-04-21,1987-11-28,1.0,4148.0,4538,4216,5.0,4288,4556.808259398767,4440.2792545674665,1096
382,Afghanistan,Afghanistan,AFG,afghanistan_18.png,AFC,1980-04-21,1987-11-28,1.0,4148.0,4538,4216,5.0,4288,4556.808259398767,4440.2792545674665,1097
382,Afghanistan,Afghanistan,AFG,afghanistan_18.png,AFC,1980-04-21,1987-11-28,1.0,4148.0,4538,4216,5.0,4288,4556.808259398767,4440.2792545674665,1098
383,Afghanistan,Afghanistan,AFG,afghanistan_19.png,AFC,1987-11-29,1992-04-25,1.0,4148.0,4538,4216,6.0,4288,4556.808259398767,4440.2792545674665,1099
383,Afghanistan,Afghanistan,AFG,afghanistan_19.png,AFC,1987-11-29,1992-04-25,1.0,4148.0,4538,4216,6.0,4288,4556.808259398767,4440.2792545674665,1100
383,Afghanistan,Afghanistan,AFG,afghanistan_19.png,AFC,1987-11-29,1992-04-25,1.0,4148.0,4538,4216,6.0,4288,4556.808259398767,4440.2792545674665,1101
383,Afghanistan,Afghanistan,AFG,afghanistan_19.png,AFC,1987-11-29,1992-04-25,1.0,4148.0,4538,4216,6.0,4288,4556.808259398767,4440.2792545674665,1102
383,Afghanistan,Afghanistan,AFG,afghanistan_19.png,AFC,1987-11-29,1992-04-25,1.0,4148.0,4538,4216,6.0,4288,4556.808259398767,4440.2792545674665,1103
383,Afghanistan,Afghanistan,AFG,afghanistan_19.png,AFC,1987-11-29,1992-04-25,1.0,4148.0,4538,4216,6.0,4288,4556.808259398767,4440.2792545674665,1104
383,Afghanistan,Afghanistan,AFG,afghanistan_19.png,AFC,1987-11-29,1992-04-25,1.0,4148.0,4538,4216,6.0,4288,4556.808259398767,4440.2792545674665,1105
383,Afghanistan,Afghanistan,AFG,afghanistan_19.png,AFC,1987-11-29,1992-04-25,1.0,4148.0,4538,4216,6.0,4288,4556.808259398767,4440.2792545674665,1106
383,Afghanistan,Afghanistan,AFG,afghanistan_19.png,AFC,1987-11-29,1992-04-25,1.0,4148.0,4538,4216,6.0,4288,4556.808259398767,4440.2792545674665,1107
383,Afghanistan,Afghanistan,AFG,afghanistan_19.png,AFC,1987-11-29,1992-04-25,1.0,4148.0,4538,4216,6.0,4288,4556.808259398767,4440.2792545674665,1108
383,Afghanistan,Afghanistan,AFG,afghanistan_19.png,AFC,1987-11-29,1992-04-25,1.0,4148.0,4538,4216,6.0,4288,4556.808259398767,4440.2792545674665,1109
383,Afghanistan,Afghanistan,AFG,afghanistan_19.png,AFC,1987-11-29,1992-04-25,1.0,4148.0,4538,4216,6.0,4288,4556.808259398767,4440.2792545674665,1110
383,Afghanistan,Afghanistan,AFG,afghanistan_19.png,AFC,1987-11-29,1992-04-25,1.0,4148.0,4538,4216,6.0,4288,4556.808259398767,4440.2792545674665,1111
383,Afghanistan,Afghanistan,AFG,afghanistan_19.png,AFC,1987-11-29,1992-04-25,1.0,4148.0,4538,4216,6.0,4288,4556.808259398767,4440.2792545674665,1112
383,Afghanistan,Afghanistan,AFG,afghanistan_19.png,AFC,1987-11-29,1992-04-25,1.0,4148.0,4538,4216,6.0,4288,4556.808259398767,4440.2792545674665,1113
383,Afghanistan,Afghanistan,AFG,afghanistan_19.png,AFC,1987-11-29,1992-04-25,1.0,4148.0,4538,4216,6.0,4288,4556.808259398767,4440.2792545674665,1114
384,Afghanistan,Afghanistan,AFG,afghanistan_20.png,AFC,1992-04-26,1992-12-05,1.0,4148.0,4538,4216,7.0,4288,4556.808259398767,4440.2792545674665,1115
384,Afghanistan,Afghanistan,AFG,afghanistan_20.png,AFC,1992-04-26,1992-12-05,1.0,4148.0,4538,4216,7.0,4288,4556.808259398767,4440.2792545674665,1116
384,Afghanistan,Afghanistan,AFG,afghanistan_20.png,AFC,1992-04-26,1992-12-05,1.0,4148.0,4538,4216,7.0,4288,4556.808259398767,4440.2792545674665,1117
384,Afghanistan,Afghanistan,AFG,afghanistan_20.png,AFC,1992-04-26,1992-12-05,1.0,4148.0,4538,4216,7.0,4288,4556.808259398767,4440.2792545674665,1118
384,Afghanistan,Afghanistan,AFG,afghanistan_20.png,AFC,1992-04-26,1992-12-05,1.0,4148.0,4538,4216,7.0,4288,4556.808259398767,4440.2792545674665,1119
384,Afghanistan,Afghanistan,AFG,afghanistan_20.png,AFC,1992-04-26,1992-12-05,1.0,4148.0,4538,4216,7.0,4288,4556.808259398767,4440.2792545674665,1120
384,Afghanistan,Afghanistan,AFG,afghanistan_20.png,AFC,1992-04-26,1992-12-05,1.0,4148.0,4538,4216,7.0,4288,4556.808259398767,4440.2792545674665,1121
384,Afghanistan,Afghanistan,AFG,afghanistan_20.png,AFC,1992-04-26,1992-12-05,1.0,4148.0,4538,4216,7.0,4288,4556.808259398767,4440.2792545674665,1122
384,Afghanistan,Afghanistan,AFG,afghanistan_20.png,AFC,1992-04-26,1992-12-05,1.0,4148.0,4538,4216,7.0,4288,4556.808259398767,4440.2792545674665,1123
384,Afghanistan,Afghanistan,AFG,afghanistan_20.png,AFC,1992-04-26,1992-12-05,1.0,4148.0,4538,4216,7.0,4288,4556.808259398767,4440.2792545674665,1124
384,Afghanistan,Afghanistan,AFG,afghanistan_20.png,AFC,1992-04-26,1992-12-05,1.0,4148.0,4538,4216,7.0,4288,4556.808259398767,4440.2792545674665,1125
384,Afghanistan,Afghanistan,AFG,afghanistan_20.png,AFC,1992-04-26,1992-12-05,1.0,4148.0,4538,4216,7.0,4288,4556.808259398767,4440.2792545674665,1126
384,Afghanistan,Afghanistan,AFG,afghanistan_20.png,AFC,1992-04-26,1992-12-05,1.0,4148.0,4538,4216,7.0,4288,4556.808259398767,4440.2792545674665,1127
384,Afghanistan,Afghanistan,AFG,afghanistan_20.png,AFC,1992-04-26,1992-12-05,1.0,4148.0,4538,4216,7.0,4288,4556.808259398767,4440.2792545674665,1128
384,Afghanistan,Afghanistan,AFG,afghanistan_20.png,AFC,1992-04-26,1992-12-05,1.0,4148.0,4538,4216,7.0,4288,4556.808259398767,4440.2792545674665,1129
384,Afghanistan,Afghanistan,AFG,afghanistan_20.png,AFC,1992-04-26,1992-12-05,1.0,4148.0,4538,4216,7.0,4288,4556.808259398767,4440.2792545674665,1130
385,Afghanistan,Afghanistan,AFG,afghanistan_21.png,AFC,1992-12-06,1996-09-26,1.0,4148.0,4538,4216,8.0,4288,4556.808259398767,4440.2792545674665,1131
385,Afghanistan,Afghanistan,AFG,afghanistan_21.png,AFC,1992-12-06,1996-09-26,1.0,4148.0,4538,4216,8.0,4288,4556.808259398767,4440.2792545674665,1132
385,Afghanistan,Afghanistan,AFG,afghanistan_21.png,AFC,1992-12-06,1996-09-26,1.0,4148.0,4538,4216,8.0,4288,4556.808259398767,4440.2792545674665,1133
385,Afghanistan,Afghanistan,AFG,afghanistan_21.png,AFC,1992-12-06,1996-09-26,1.0,4148.0,4538,4216,8.0,4288,4556.808259398767,4440.2792545674665,1134
385,Afghanistan,Afghanistan,AFG,afghanistan_21.png,AFC,1992-12-06,1996-09-26,1.0,4148.0,4538,4216,8.0,4288,4556.808259398767,4440.2792545674665,1135
385,Afghanistan,Afghanistan,AFG,afghanistan_21.png,AFC,1992-12-06,1996-09-26,1.0,4148.0,4538,4216,8.0,4288,4556.808259398767,4440.2792545674665,1136
385,Afghanistan,Afghanistan,AFG,afghanistan_21.png,AFC,1992-12-06,1996-09-26,1.0,4148.0,4538,4216,8.0,4288,4556.808259398767,4440.2792545674665,1137
385,Afghanistan,Afghanistan,AFG,afghanistan_21.png,AFC,1992-12-06,1996-09-26,1.0,4148.0,4538,4216,8.0,4288,4556.808259398767,4440.2792545674665,1138
385,Afghanistan,Afghanistan,AFG,afghanistan_21.png,AFC,1992-12-06,1996-09-26,1.0,4148.0,4538,4216,8.0,4288,4556.808259398767,4440.2792545674665,1139
385,Afghanistan,Afghanistan,AFG,afghanistan_21.png,AFC,1992-12-06,1996-09-26,1.0,4148.0,4538,4216,8.0,4288,4556.808259398767,4440.2792545674665,1140
385,Afghanistan,Afghanistan,AFG,afghanistan_21.png,AFC,1992-12-06,1996-09-26,1.0,4148.0,4538,4216,8.0,4288,4556.808259398767,4440.2792545674665,1141
385,Afghanistan,Afghanistan,AFG,afghanistan_21.png,AFC,1992-12-06,1996-09-26,1.0,4148.0,4538,4216,8.0,4288,4556.808259398767,4440.2792545674665,1142
385,Afghanistan,Afghanistan,AFG,afghanistan_21.png,AFC,1992-12-06,1996-09-26,1.0,4148.0,4538,4216,8.0,4288,4556.808259398767,4440.2792545674665,1143
385,Afghanistan,Afghanistan,AFG,afghanistan_21.png,AFC,1992-12-06,1996-09-26,1.0,4148.0,4538,4216,8.0,4288,4556.808259398767,4440.2792545674665,1144
385,Afghanistan,Afghanistan,AFG,afghanistan_21.png,AFC,1992-12-06,1996-09-26,1.0,4148.0,4538,4216,8.0,4288,4556.808259398767,4440.2792545674665,1145
385,Afghanistan,Afghanistan,AFG,afghanistan_21.png,AFC,1992-12-06,1996-09-26,1.0,4148.0,4538,4216,8.0,4288,4556.808259398767,4440.2792545674665,1146
386,Afghanistan,Afghanistan,AFG,afghanistan_22.png,AFC,1996-09-27,1997-10-26,1.0,4148.0,4538,4216,9.0,4288,4556.808259398767,4440.2792545674665,1147
386,Afghanistan,Afghanistan,AFG,afghanistan_22.png,AFC,1996-09-27,1997-10-26,1.0,4148.0,4538,4216,9.0,4288,4556.808259398767,4440.2792545674665,1148
386,Afghanistan,Afghanistan,AFG,afghanistan_22.png,AFC,1996-09-27,1997-10-26,1.0,4148.0,4538,4216,9.0,4288,4556.808259398767,4440.2792545674665,1149
386,Afghanistan,Afghanistan,AFG,afghanistan_22.png,AFC,1996-09-27,1997-10-26,1.0,4148.0,4538,4216,9.0,4288,4556.808259398767,4440.2792545674665,1150
386,Afghanistan,Afghanistan,AFG,afghanistan_22.png,AFC,1996-09-27,1997-10-26,1.0,4148.0,4538,4216,9.0,4288,4556.808259398767,4440.2792545674665,1151
386,Afghanistan,Afghanistan,AFG,afghanistan_22.png,AFC,1996-09-27,1997-10-26,1.0,4148.0,4538,4216,9.0,4288,4556.808259398767,4440.2792545674665,1152
386,Afghanistan,Afghanistan,AFG,afghanistan_22.png,AFC,1996-09-27,1997-10-26,1.0,4148.0,4538,4216,9.0,4288,4556.808259398767,4440.2792545674665,1153
386,Afghanistan,Afghanistan,AFG,afghanistan_22.png,AFC,1996-09-27,1997-10-26,1.0,4148.0,4538,4216,9.0,4288,4556.808259398767,4440.2792545674665,1154
386,Afghanistan,Afghanistan,AFG,afghanistan_22.png,AFC,1996-09-27,1997-10-26,1.0,4148.0,4538,4216,9.0,4288,4556.808259398767,4440.2792545674665,1155
386,Afghanistan,Afghanistan,AFG,afghanistan_22.png,AFC,1996-09-27,1997-10-26,1.0,4148.0,4538,4216,9.0,4288,4556.808259398767,4440.2792545674665,1156
386,Afghanistan,Afghanistan,AFG,afghanistan_22.png,AFC,1996-09-27,1997-10-26,1.0,4148.0,4538,4216,9.0,4288,4556.808259398767,4440.2792545674665,1157
386,Afghanistan,Afghanistan,AFG,afghanistan_22.png,AFC,1996-09-27,1997-10-26,1.0,4148.0,4538,4216,9.0,4288,4556.808259398767,4440.2792545674665,1158
386,Afghanistan,Afghanistan,AFG,afghanistan_22.png,AFC,1996-09-27,1997-10-26,1.0,4148.0,4538,4216,9.0,4288,4556.808259398767,4440.2792545674665,1159
386,Afghanistan,Afghanistan,AFG,afghanistan_22.png,AFC,1996-09-27,1997-10-26,1.0,4148.0,4538,4216,9.0,4288,4556.808259398767,4440.2792545674665,1160
386,Afghanistan,Afghanistan,AFG,afghanistan_22.png,AFC,1996-09-27,1997-10-26,1.0,4148.0,4538,4216,9.0,4288,4556.808259398767,4440.2792545674665,1161
386,Afghanistan,Afghanistan,AFG,afghanistan_22.png,AFC,1996-09-27,1997-10-26,1.0,4148.0,4538,4216,9.0,4288,4556.808259398767,4440.2792545674665,1162
387,Afghanistan,Afghanistan,AFG,afghanistan.png,AFC,1997-10-27,2001-11-12,1.0,4148.0,4538,4216,10.0,4288,4556.808259398767,4440.2792545674665,1163
387,Afghanistan,Afghanistan,AFG,afghanistan.png,AFC,1997-10-27,2001-11-12,1.0,4148.0,4538,4216,10.0,4288,4556.808259398767,4440.2792545674665,1164
387,Afghanistan,Afghanistan,AFG,afghanistan.png,AFC,1997-10-27,2001-11-12,1.0,4148.0,4538,4216,10.0,4288,4556.808259398767,4440.2792545674665,1165
387,Afghanistan,Afghanistan,AFG,afghanistan.png,AFC,1997-10-27,2001-11-12,1.0,4148.0,4538,4216,10.0,4288,4556.808259398767,4440.2792545674665,1166
387,Afghanistan,Afghanistan,AFG,afghanistan.png,AFC,1997-10-27,2001-11-12,1.0,4148.0,4538,4216,10.0,4288,4556.808259398767,4440.2792545674665,1167
387,Afghanistan,Afghanistan,AFG,afghanistan.png,AFC,1997-10-27,2001-11-12,1.0,4148.0,4538,4216,10.0,4288,4556.808259398767,4440.2792545674665,1168
387,Afghanistan,Afghanistan,AFG,afghanistan.png,AFC,1997-10-27,2001-11-12,1.0,4148.0,4538,4216,10.0,4288,4556.808259398767,4440.2792545674665,1169
387,Afghanistan,Afghanistan,AFG,afghanistan.png,AFC,1997-10-27,2001-11-12,1.0,4148.0,4538,4216,10.0,4288,4556.808259398767,4440.2792545674665,1170
387,Afghanistan,Afghanistan,AFG,afghanistan.png,AFC,1997-10-27,2001-11-12,1.0,4148.0,4538,4216,10.0,4288,4556.808259398767,4440.2792545674665,1171
387,Afghanistan,Afghanistan,AFG,afghanistan.png,AFC,1997-10-27,2001-11-12,1.0,4148.0,4538,4216,10.0,4288,4556.808259398767,4440.2792545674665,1172
387,Afghanistan,Afghanistan,AFG,afghanistan.png,AFC,1997-10-27,2001-11-12,1.0,4148.0,4538,4216,10.0,4288,4556.808259398767,4440.2792545674665,1173
387,Afghanistan,Afghanistan,AFG,afghanistan.png,AFC,1997-10-27,2001-11-12,1.0,4148.0,4538,4216,10.0,4288,4556.808259398767,4440.2792545674665,1174
387,Afghanistan,Afghanistan,AFG,afghanistan.png,AFC,1997-10-27,2001-11-12,1.0,4148.0,4538,4216,10.0,4288,4556.808259398767,4440.2792545674665,1175
387,Afghanistan,Afghanistan,AFG,afghanistan.png,AFC,1997-10-27,2001-11-12,1.0,4148.0,4538,4216,10.0,4288,4556.808259398767,4440.2792545674665,1176
387,Afghanistan,Afghanistan,AFG,afghanistan.png,AFC,1997-10-27,2001-11-12,1.0,4148.0,4538,4216,10.0,4288,4556.808259398767,4440.2792545674665,1177
387,Afghanistan,Afghanistan,AFG,afghanistan.png,AFC,1997-10-27,2001-11-12,1.0,4148.0,4538,4216,10.0,4288,4556.808259398767,4440.2792545674665,1178
388,Afghanistan,Afghanistan,AFG,afghanistan_24.png,AFC,2001-11-13,2002-01-27,1.0,4148.0,4538,4216,11.0,4288,4556.808259398767,4440.2792545674665,1179
388,Afghanistan,Afghanistan,AFG,afghanistan_24.png,AFC,2001-11-13,2002-01-27,1.0,4148.0,4538,4216,11.0,4288,4556.808259398767,4440.2792545674665,1180
388,Afghanistan,Afghanistan,AFG,afghanistan_24.png,AFC,2001-11-13,2002-01-27,1.0,4148.0,4538,4216,11.0,4288,4556.808259398767,4440.2792545674665,1181
388,Afghanistan,Afghanistan,AFG,afghanistan_24.png,AFC,2001-11-13,2002-01-27,1.0,4148.0,4538,4216,11.0,4288,4556.808259398767,4440.2792545674665,1182
388,Afghanistan,Afghanistan,AFG,afghanistan_24.png,AFC,2001-11-13,2002-01-27,1.0,4148.0,4538,4216,11.0,4288,4556.808259398767,4440.2792545674665,1183
388,Afghanistan,Afghanistan,AFG,afghanistan_24.png,AFC,2001-11-13,2002-01-27,1.0,4148.0,4538,4216,11.0,4288,4556.808259398767,4440.2792545674665,1184
388,Afghanistan,Afghanistan,AFG,afghanistan_24.png,AFC,2001-11-13,2002-01-27,1.0,4148.0,4538,4216,11.0,4288,4556.808259398767,4440.2792545674665,1185
388,Afghanistan,Afghanistan,AFG,afghanistan_24.png,AFC,2001-11-13,2002-01-27,1.0,4148.0,4538,4216,11.0,4288,4556.808259398767,4440.2792545674665,1186
388,Afghanistan,Afghanistan,AFG,afghanistan_24.png,AFC,2001-11-13,2002-01-27,1.0,4148.0,4538,4216,11.0,4288,4556.808259398767,4440.2792545674665,1187
388,Afghanistan,Afghanistan,AFG,afghanistan_24.png,AFC,2001-11-13,2002-01-27,1.0,4148.0,4538,4216,11.0,4288,4556.808259398767,4440.2792545674665,1188
388,Afghanistan,Afghanistan,AFG,afghanistan_24.png,AFC,2001-11-13,2002-01-27,1.0,4148.0,4538,4216,11.0,4288,4556.808259398767,4440.2792545674665,1189
388,Afghanistan,Afghanistan,AFG,afghanistan_24.png,AFC,2001-11-13,2002-01-27,1.0,4148.0,4538,4216,11.0,4288,4556.808259398767,4440.2792545674665,1190
388,Afghanistan,Afghanistan,AFG,afghanistan_24.png,AFC,2001-11-13,2002-01-27,1.0,4148.0,4538,4216,11.0,4288,4556.808259398767,4440.2792545674665,1191
388,Afghanistan,Afghanistan,AFG,afghanistan_24.png,AFC,2001-11-13,2002-01-27,1.0,4148.0,4538,4216,11.0,4288,4556.808259398767,4440.2792545674665,1192
388,Afghanistan,Afghanistan,AFG,afghanistan_24.png,AFC,2001-11-13,2002-01-27,1.0,4148.0,4538,4216,11.0,4288,4556.808259398767,4440.2792545674665,1193
388,Afghanistan,Afghanistan,AFG,afghanistan_24.png,AFC,2001-11-13,2002-01-27,1.0,4148.0,4538,4216,11.0,4288,4556.808259398767,4440.2792545674665,1194
389,Afghanistan,Afghanistan,AFG,afghanistan_25.png,AFC,2002-01-28,2002-06-26,1.0,4148.0,4538,4216,12.0,4288,4556.808259398767,4440.2792545674665,1195
389,Afghanistan,Afghanistan,AFG,afghanistan_25.png,AFC,2002-01-28,2002-06-26,1.0,4148.0,4538,4216,12.0,4288,4556.808259398767,4440.2792545674665,1196
389,Afghanistan,Afghanistan,AFG,afghanistan_25.png,AFC,2002-01-28,2002-06-26,1.0,4148.0,4538,4216,12.0,4288,4556.808259398767,4440.2792545674665,1197
389,Afghanistan,Afghanistan,AFG,afghanistan_25.png,AFC,2002-01-28,2002-06-26,1.0,4148.0,4538,4216,12.0,4288,4556.808259398767,4440.2792545674665,1198
389,Afghanistan,Afghanistan,AFG,afghanistan_25.png,AFC,2002-01-28,2002-06-26,1.0,4148.0,4538,4216,12.0,4288,4556.808259398767,4440.2792545674665,1199
389,Afghanistan,Afghanistan,AFG,afghanistan_25.png,AFC,2002-01-28,2002-06-26,1.0,4148.0,4538,4216,12.0,4288,4556.808259398767,4440.2792545674665,1200
389,Afghanistan,Afghanistan,AFG,afghanistan_25.png,AFC,2002-01-28,2002-06-26,1.0,4148.0,4538,4216,12.0,4288,4556.808259398767,4440.2792545674665,1201
389,Afghanistan,Afghanistan,AFG,afghanistan_25.png,AFC,2002-01-28,2002-06-26,1.0,4148.0,4538,4216,12.0,4288,4556.808259398767,4440.2792545674665,1202
389,Afghanistan,Afghanistan,AFG,afghanistan_25.png,AFC,2002-01-28,2002-06-26,1.0,4148.0,4538,4216,12.0,4288,4556.808259398767,4440.2792545674665,1203
389,Afghanistan,Afghanistan,AFG,afghanistan_25.png,AFC,2002-01-28,2002-06-26,1.0,4148.0,4538,4216,12.0,4288,4556.808259398767,4440.2792545674665,1204
389,Afghanistan,Afghanistan,AFG,afghanistan_25.png,AFC,2002-01-28,2002-06-26,1.0,4148.0,4538,4216,12.0,4288,4556.808259398767,4440.2792545674665,1205
389,Afghanistan,Afghanistan,AFG,afghanistan_25.png,AFC,2002-01-28,2002-06-26,1.0,4148.0,4538,4216,12.0,4288,4556.808259398767,4440.2792545674665,1206
389,Afghanistan,Afghanistan,AFG,afghanistan_25.png,AFC,2002-01-28,2002-06-26,1.0,4148.0,4538,4216,12.0,4288,4556.808259398767,4440.2792545674665,1207
389,Afghanistan,Afghanistan,AFG,afghanistan_25.png,AFC,2002-01-28,2002-06-26,1.0,4148.0,4538,4216,12.0,4288,4556.808259398767,4440.2792545674665,1208
389,Afghanistan,Afghanistan,AFG,afghanistan_25.png,AFC,2002-01-28,2002-06-26,1.0,4148.0,4538,4216,12.0,4288,4556.808259398767,4440.2792545674665,1209
389,Afghanistan,Afghanistan,AFG,afghanistan_25.png,AFC,2002-01-28,2002-06-26,1.0,4148.0,4538,4216,12.0,4288,4556.808259398767,4440.2792545674665,1210
390,Afghanistan,Afghanistan,AFG,afghanistan_26.png,AFC,2002-06-27,2004-10-08,1.0,4148.0,4538,4216,13.0,4288,4556.808259398767,4440.2792545674665,1211
390,Afghanistan,Afghanistan,AFG,afghanistan_26.png,AFC,2002-06-27,2004-10-08,1.0,4148.0,4538,4216,13.0,4288,4556.808259398767,4440.2792545674665,1212
390,Afghanistan,Afghanistan,AFG,afghanistan_26.png,AFC,2002-06-27,2004-10-08,1.0,4148.0,4538,4216,13.0,4288,4556.808259398767,4440.2792545674665,1213
390,Afghanistan,Afghanistan,AFG,afghanistan_26.png,AFC,2002-06-27,2004-10-08,1.0,4148.0,4538,4216,13.0,4288,4556.808259398767,4440.2792545674665,1214
390,Afghanistan,Afghanistan,AFG,afghanistan_26.png,AFC,2002-06-27,2004-10-08,1.0,4148.0,4538,4216,13.0,4288,4556.808259398767,4440.2792545674665,1215
390,Afghanistan,Afghanistan,AFG,afghanistan_26.png,AFC,2002-06-27,2004-10-08,1.0,4148.0,4538,4216,13.0,4288,4556.808259398767,4440.2792545674665,1216
390,Afghanistan,Afghanistan,AFG,afghanistan_26.png,AFC,2002-06-27,2004-10-08,1.0,4148.0,4538,4216,13.0,4288,4556.808259398767,4440.2792545674665,1217
390,Afghanistan,Afghanistan,AFG,afghanistan_26.png,AFC,2002-06-27,2004-10-08,1.0,4148.0,4538,4216,13.0,4288,4556.808259398767,4440.2792545674665,1218
390,Afghanistan,Afghanistan,AFG,afghanistan_26.png,AFC,2002-06-27,2004-10-08,1.0,4148.0,4538,4216,13.0,4288,4556.808259398767,4440.2792545674665,1219
390,Afghanistan,Afghanistan,AFG,afghanistan_26.png,AFC,2002-06-27,2004-10-08,1.0,4148.0,4538,4216,13.0,4288,4556.808259398767,4440.2792545674665,1220
390,Afghanistan,Afghanistan,AFG,afghanistan_26.png,AFC,2002-06-27,2004-10-08,1.0,4148.0,4538,4216,13.0,4288,4556.808259398767,4440.2792545674665,1221
390,Afghanistan,Afghanistan,AFG,afghanistan_26.png,AFC,2002-06-27,2004-10-08,1.0,4148.0,4538,4216,13.0,4288,4556.808259398767,4440.2792545674665,1222
390,Afghanistan,Afghanistan,AFG,afghanistan_26.png,AFC,2002-06-27,2004-10-08,1.0,4148.0,4538,4216,13.0,4288,4556.808259398767,4440.2792545674665,1223
390,Afghanistan,Afghanistan,AFG,afghanistan_26.png,AFC,2002-06-27,2004-10-08,1.0,4148.0,4538,4216,13.0,4288,4556.808259398767,4440.2792545674665,1224
390,Afghanistan,Afghanistan,AFG,afghanistan_26.png,AFC,2002-06-27,2004-10-08,1.0,4148.0,4538,4216,13.0,4288,4556.808259398767,4440.2792545674665,1225
390,Afghanistan,Afghanistan,AFG,afghanistan_26.png,AFC,2002-06-27,2004-10-08,1.0,4148.0,4538,4216,13.0,4288,4556.808259398767,4440.2792545674665,1226
391,Afghanistan,Afghanistan,AFG,afghanistan_27.png,AFC,2004-10-09,2013-08-18,1.0,4148.0,4538,4216,14.0,4288,4556.808259398767,4440.2792545674665,1227
391,Afghanistan,Afghanistan,AFG,afghanistan_27.png,AFC,2004-10-09,2013-08-18,1.0,4148.0,4538,4216,14.0,4288,4556.808259398767,4440.2792545674665,1228
391,Afghanistan,Afghanistan,AFG,afghanistan_27.png,AFC,2004-10-09,2013-08-18,1.0,4148.0,4538,4216,14.0,4288,4556.808259398767,4440.2792545674665,1229
391,Afghanistan,Afghanistan,AFG,afghanistan_27.png,AFC,2004-10-09,2013-08-18,1.0,4148.0,4538,4216,14.0,4288,4556.808259398767,4440.2792545674665,1230
391,Afghanistan,Afghanistan,AFG,afghanistan_27.png,AFC,2004-10-09,2013-08-18,1.0,4148.0,4538,4216,14.0,4288,4556.808259398767,4440.2792545674665,1231
391,Afghanistan,Afghanistan,AFG,afghanistan_27.png,AFC,2004-10-09,2013-08-18,1.0,4148.0,4538,4216,14.0,4288,4556.808259398767,4440.2792545674665,1232
391,Afghanistan,Afghanistan,AFG,afghanistan_27.png,AFC,2004-10-09,2013-08-18,1.0,4148.0,4538,4216,14.0,4288,4556.808259398767,4440.2792545674665,1233
391,Afghanistan,Afghanistan,AFG,afghanistan_27.png,AFC,2004-10-09,2013-08-18,1.0,4148.0,4538,4216,14.0,4288,4556.808259398767,4440.2792545674665,1234
391,Afghanistan,Afghanistan,AFG,afghanistan_27.png,AFC,2004-10-09,2013-08-18,1.0,4148.0,4538,4216,14.0,4288,4556.808259398767,4440.2792545674665,1235
391,Afghanistan,Afghanistan,AFG,afghanistan_27.png,AFC,2004-10-09,2013-08-18,1.0,4148.0,4538,4216,14.0,4288,4556.808259398767,4440.2792545674665,1236
391,Afghanistan,Afghanistan,AFG,afghanistan_27.png,AFC,2004-10-09,2013-08-18,1.0,4148.0,4538,4216,14.0,4288,4556.808259398767,4440.2792545674665,1237
391,Afghanistan,Afghanistan,AFG,afghanistan_27.png,AFC,2004-10-09,2013-08-18,1.0,4148.0,4538,4216,14.0,4288,4556.808259398767,4440.2792545674665,1238
391,Afghanistan,Afghanistan,AFG,afghanistan_27.png,AFC,2004-10-09,2013-08-18,1.0,4148.0,4538,4216,14.0,4288,4556.808259398767,4440.2792545674665,1239
391,Afghanistan,Afghanistan,AFG,afghanistan_27.png,AFC,2004-10-09,2013-08-18,1.0,4148.0,4538,4216,14.0,4288,4556.808259398767,4440.2792545674665,1240
391,Afghanistan,Afghanistan,AFG,afghanistan_27.png,AFC,2004-10-09,2013-08-18,1.0,4148.0,4538,4216,14.0,4288,4556.808259398767,4440.2792545674665,1241
391,Afghanistan,Afghanistan,AFG,afghanistan_27.png,AFC,2004-10-09,2013-08-18,1.0,4148.0,4538,4216,14.0,4288,4556.808259398767,4440.2792545674665,1242
392,Afghanistan,Afghanistan,AFG,afghanistan_IR.png,AFC,2013-08-19,2021-08-14,1.0,4148.0,4538,4216,15.0,4288,4556.808259398767,4440.2792545674665,1243
392,Afghanistan,Afghanistan,AFG,afghanistan_IR.png,AFC,2013-08-19,2021-08-14,1.0,4148.0,4538,4216,15.0,4288,4556.808259398767,4440.2792545674665,1244
392,Afghanistan,Afghanistan,AFG,afghanistan_IR.png,AFC,2013-08-19,2021-08-14,1.0,4148.0,4538,4216,15.0,4288,4556.808259398767,4440.2792545674665,1245
392,Afghanistan,Afghanistan,AFG,afghanistan_IR.png,AFC,2013-08-19,2021-08-14,1.0,4148.0,4538,4216,15.0,4288,4556.808259398767,4440.2792545674665,1246
392,Afghanistan,Afghanistan,AFG,afghanistan_IR.png,AFC,2013-08-19,2021-08-14,1.0,4148.0,4538,4216,15.0,4288,4556.808259398767,4440.2792545674665,1247
392,Afghanistan,Afghanistan,AFG,afghanistan_IR.png,AFC,2013-08-19,2021-08-14,1.0,4148.0,4538,4216,15.0,4288,4556.808259398767,4440.2792545674665,1248
392,Afghanistan,Afghanistan,AFG,afghanistan_IR.png,AFC,2013-08-19,2021-08-14,1.0,4148.0,4538,4216,15.0,4288,4556.808259398767,4440.2792545674665,1249
392,Afghanistan,Afghanistan,AFG,afghanistan_IR.png,AFC,2013-08-19,2021-08-14,1.0,4148.0,4538,4216,15.0,4288,4556.808259398767,4440.2792545674665,1250
392,Afghanistan,Afghanistan,AFG,afghanistan_IR.png,AFC,2013-08-19,2021-08-14,1.0,4148.0,4538,4216,15.0,4288,4556.808259398767,4440.2792545674665,1251
392,Afghanistan,Afghanistan,AFG,afghanistan_IR.png,AFC,2013-08-19,2021-08-14,1.0,4148.0,4538,4216,15.0,4288,4556.808259398767,4440.2792545674665,1252
392,Afghanistan,Afghanistan,AFG,afghanistan_IR.png,AFC,2013-08-19,2021-08-14,1.0,4148.0,4538,4216,15.0,4288,4556.808259398767,4440.2792545674665,1253
392,Afghanistan,Afghanistan,AFG,afghanistan_IR.png,AFC,2013-08-19,2021-08-14,1.0,4148.0,4538,4216,15.0,4288,4556.808259398767,4440.2792545674665,1254
392,Afghanistan,Afghanistan,AFG,afghanistan_IR.png,AFC,2013-08-19,2021-08-14,1.0,4148.0,4538,4216,15.0,4288,4556.808259398767,4440.2792545674665,1255
392,Afghanistan,Afghanistan,AFG,afghanistan_IR.png,AFC,2013-08-19,2021-08-14,1.0,4148.0,4538,4216,15.0,4288,4556.808259398767,4440.2792545674665,1256
392,Afghanistan,Afghanistan,AFG,afghanistan_IR.png,AFC,2013-08-19,2021-08-14,1.0,4148.0,4538,4216,15.0,4288,4556.808259398767,4440.2792545674665,1257
392,Afghanistan,Afghanistan,AFG,afghanistan_IR.png,AFC,2013-08-19,2021-08-14,1.0,4148.0,4538,4216,15.0,4288,4556.808259398767,4440.2792545674665,1258
95,Afghanistan,Afghanistan,AFG,afghanistan.png,AFC,2021-08-15,2099-12-31,1.0,4148.0,4538,4216,16.0,4288,4556.808259398767,4440.2792545674665,1259
95,Afghanistan,Afghanistan,AFG,afghanistan.png,AFC,2021-08-15,2099-12-31,1.0,4148.0,4538,4216,16.0,4288,4556.808259398767,4440.2792545674665,1260
95,Afghanistan,Afghanistan,AFG,afghanistan.png,AFC,2021-08-15,2099-12-31,1.0,4148.0,4538,4216,16.0,4288,4556.808259398767,4440.2792545674665,1261
95,Afghanistan,Afghanistan,AFG,afghanistan.png,AFC,2021-08-15,2099-12-31,1.0,4148.0,4538,4216,16.0,4288,4556.808259398767,4440.2792545674665,1262
95,Afghanistan,Afghanistan,AFG,afghanistan.png,AFC,2021-08-15,2099-12-31,1.0,4148.0,4538,4216,16.0,4288,4556.808259398767,4440.2792545674665,1263
95,Afghanistan,Afghanistan,AFG,afghanistan.png,AFC,2021-08-15,2099-12-31,1.0,4148.0,4538,4216,16.0,4288,4556.808259398767,4440.2792545674665,1264
95,Afghanistan,Afghanistan,AFG,afghanistan.png,AFC,2021-08-15,2099-12-31,1.0,4148.0,4538,4216,16.0,4288,4556.808259398767,4440.2792545674665,1265
95,Afghanistan,Afghanistan,AFG,afghanistan.png,AFC,2021-08-15,2099-12-31,1.0,4148.0,4538,4216,16.0,4288,4556.808259398767,4440.2792545674665,1266
95,Afghanistan,Afghanistan,AFG,afghanistan.png,AFC,2021-08-15,2099-12-31,1.0,4148.0,4538,4216,16.0,4288,4556.808259398767,4440.2792545674665,1267
95,Afghanistan,Afghanistan,AFG,afghanistan.png,AFC,2021-08-15,2099-12-31,1.0,4148.0,4538,4216,16.0,4288,4556.808259398767,4440.2792545674665,1268
95,Afghanistan,Afghanistan,AFG,afghanistan.png,AFC,2021-08-15,2099-12-31,1.0,4148.0,4538,4216,16.0,4288,4556.808259398767,4440.2792545674665,1269
95,Afghanistan,Afghanistan,AFG,afghanistan.png,AFC,2021-08-15,2099-12-31,1.0,4148.0,4538,4216,16.0,4288,4556.808259398767,4440.2792545674665,1270
95,Afghanistan,Afghanistan,AFG,afghanistan.png,AFC,2021-08-15,2099-12-31,1.0,4148.0,4538,4216,16.0,4288,4556.808259398767,4440.2792545674665,1271
95,Afghanistan,Afghanistan,AFG,afghanistan.png,AFC,2021-08-15,2099-12-31,1.0,4148.0,4538,4216,16.0,4288,4556.808259398767,4440.2792545674665,1272
95,Afghanistan,Afghanistan,AFG,afghanistan.png,AFC,2021-08-15,2099-12-31,1.0,4148.0,4538,4216,16.0,4288,4556.808259398767,4440.2792545674665,1273
95,Afghanistan,Afghanistan,AFG,afghanistan.png,AFC,2021-08-15,2099-12-31,1.0,4148.0,4538,4216,16.0,4288,4556.808259398767,4440.2792545674665,1274
401,Aruba,Aruba,ARU,netherlands.png,CONCACAF,1924-04-06,1959-11-18,1.0,4699.0,4777,4656,1.0,4261,4632.109714484614,4364.093875369486,1275
401,Aruba,Aruba,ARU,netherlands.png,CONCACAF,1924-04-06,1959-11-18,1.0,4699.0,4777,4656,1.0,4261,4632.109714484614,4364.093875369486,1276
401,Aruba,Aruba,ARU,netherlands.png,CONCACAF,1924-04-06,1959-11-18,1.0,4699.0,4777,4656,1.0,4261,4632.109714484614,4364.093875369486,1277
402,Aruba,Aruba,ARU,nl_antilles_1.png,CONCACAF,1959-11-19,1976-03-17,1.0,4699.0,4777,4656,2.0,4261,4632.109714484614,4364.093875369486,1278
402,Aruba,Aruba,ARU,nl_antilles_1.png,CONCACAF,1959-11-19,1976-03-17,1.0,4699.0,4777,4656,2.0,4261,4632.109714484614,4364.093875369486,1279
402,Aruba,Aruba,ARU,nl_antilles_1.png,CONCACAF,1959-11-19,1976-03-17,1.0,4699.0,4777,4656,2.0,4261,4632.109714484614,4364.093875369486,1280
53,Aruba,Aruba,ARU,aruba.png,CONCACAF,1976-03-18,2099-12-31,1.0,4699.0,4777,4656,3.0,4261,4632.109714484614,4364.093875369486,1281
53,Aruba,Aruba,ARU,aruba.png,CONCACAF,1976-03-18,2099-12-31,1.0,4699.0,4777,4656,3.0,4261,4632.109714484614,4364.093875369486,1282
53,Aruba,Aruba,ARU,aruba.png,CONCACAF,1976-03-18,2099-12-31,1.0,4699.0,4777,4656,3.0,4261,4632.109714484614,4364.093875369486,1283
230,San Marino,San Marino,SMR,san_marino.png,UEFA,1987-09-16,2099-12-31,1.0,4346.0,4677,4256,1.0,4258,4552.434414303979,4281.88552570266,1284
197,Bangladesh,Bangladesh,BAN,bangladesh.png,AFC,1973-07-27,2099-12-31,1.0,4269.0,4618,4287,1.0,4234,4386.0,4406.914075168186,1285
528,Montserrat,Montserrat,MSR,montserrat_1.png,CONCACAF,1950-02-01,1999-01-24,1.0,3566.0,4393,3809,1.0,4211,4633.0,4346.0,1286
528,Montserrat,Montserrat,MSR,montserrat_1.png,CONCACAF,1950-02-01,1999-01-24,1.0,3566.0,4393,3809,1.0,4211,4633.0,4346.0,1287
231,Montserrat,Montserrat,MSR,montserrat.png,CONCACAF,1999-01-25,2099-12-31,1.0,3566.0,4393,3809,2.0,4211,4633.0,4346.0,1288
231,Montserrat,Montserrat,MSR,montserrat.png,CONCACAF,1999-01-25,2099-12-31,1.0,3566.0,4393,3809,2.0,4211,4633.0,4346.0,1289
129,Tahiti,Tahiti,TAH,france.png,OFC,1952-09-21,1984-11-22,1.0,4718.0,4836,4463,1.0,4201,4419.0,4347.0,1290
129,Tahiti,Tahiti,TAH,france.png,OFC,1952-09-21,1984-11-22,1.0,4718.0,4836,4463,1.0,4201,4419.0,4347.0,1291
582,Tahiti,Tahiti,TAH,tahiti.png,OFC,1984-11-23,2099-12-31,1.0,4718.0,4836,4463,2.0,4201,4419.0,4347.0,1292
582,Tahiti,Tahiti,TAH,tahiti.png,OFC,1984-11-23,2099-12-31,1.0,4718.0,4836,4463,2.0,4201,4419.0,4347.0,1293
539,Papua New Guinea,Papua New Guinea,PNG,papua_sport.png,OFC,1963-08-29,1971-06-30,1.0,4098.0,4638,4083,1.0,4193,4484.0,4273.0,1294
539,Papua New Guinea,Papua New Guinea,PNG,papua_sport.png,OFC,1963-08-29,1971-06-30,1.0,4098.0,4638,4083,1.0,4193,4484.0,4273.0,1295
168,Papua New Guinea,Papua New Guinea,PNG,papua.png,OFC,1971-07-01,2099-12-31,1.0,4098.0,4638,4083,2.0,4193,4484.0,4273.0,1296
168,Papua New Guinea,Papua New Guinea,PNG,papua.png,OFC,1971-07-01,2099-12-31,1.0,4098.0,4638,4083,2.0,4193,4484.0,4273.0,1297
229,Saint Martin,Saint Martin,SMN,france.png,CONCACAF,1988-06-14,2099-12-31,0.0,4120.0,4546,4280,1.0,4181,4517.3469797476555,4329.878792457127,1298
124,Fiji,Fiji,FIJ,fiji_colony.png,OFC,1951-10-07,1970-10-09,1.0,4260.0,4701,4138,1.0,4178,4472.0,4321.0,1299
124,Fiji,Fiji,FIJ,fiji_colony.png,OFC,1951-10-07,1970-10-09,1.0,4260.0,4701,4138,1.0,4178,4472.0,4321.0,1300
472,Fiji,Fiji,FIJ,fiji.png,OFC,1970-10-10,2099-12-31,1.0,4260.0,4701,4138,2.0,4178,4472.0,4321.0,1301
472,Fiji,Fiji,FIJ,fiji.png,OFC,1970-10-10,2099-12-31,1.0,4260.0,4701,4138,2.0,4178,4472.0,4321.0,1302
138,Cambodia,Cambodia,CAM,cambodia.png,AFC,1956-03-17,1970-03-17,1.0,4359.0,4692,4328,1.0,4170,4537.0,4259.0,1303
138,Cambodia,Cambodia,CAM,cambodia.png,AFC,1956-03-17,1970-03-17,1.0,4359.0,4692,4328,1.0,4170,4537.0,4259.0,1304
138,Cambodia,Cambodia,CAM,cambodia.png,AFC,1956-03-17,1970-03-17,1.0,4359.0,4692,4328,1.0,4170,4537.0,4259.0,1305
325,Khmer Republic,Cambodia,CAM,khmer.png,AFC,1970-03-18,1975-04-16,1.0,4359.0,4692,4328,2.0,4170,4537.0,4259.0,1306
325,Khmer Republic,Cambodia,CAM,khmer.png,AFC,1970-03-18,1975-04-16,1.0,4359.0,4692,4328,2.0,4170,4537.0,4259.0,1307
325,Khmer Republic,Cambodia,CAM,khmer.png,AFC,1970-03-18,1975-04-16,1.0,4359.0,4692,4328,2.0,4170,4537.0,4259.0,1308
426,Kampuchea,Cambodia,CAM,kampuchea.png,AFC,1975-04-17,1979-01-06,1.0,4359.0,4692,4328,3.0,4170,4537.0,4259.0,1309
426,Kampuchea,Cambodia,CAM,kampuchea.png,AFC,1975-04-17,1979-01-06,1.0,4359.0,4692,4328,3.0,4170,4537.0,4259.0,1310
426,Kampuchea,Cambodia,CAM,kampuchea.png,AFC,1975-04-17,1979-01-06,1.0,4359.0,4692,4328,3.0,4170,4537.0,4259.0,1311
427,Kampuchea,Cambodia,CAM,kampuchea_2.png,AFC,1979-01-07,1989-04-30,1.0,4359.0,4692,4328,4.0,4170,4537.0,4259.0,1312
427,Kampuchea,Cambodia,CAM,kampuchea_2.png,AFC,1979-01-07,1989-04-30,1.0,4359.0,4692,4328,4.0,4170,4537.0,4259.0,1313
427,Kampuchea,Cambodia,CAM,kampuchea_2.png,AFC,1979-01-07,1989-04-30,1.0,4359.0,4692,4328,4.0,4170,4537.0,4259.0,1314
428,Cambodia,Cambodia,CAM,cambodia_2.png,AFC,1989-05-01,1993-09-23,1.0,4359.0,4692,4328,5.0,4170,4537.0,4259.0,1315
428,Cambodia,Cambodia,CAM,cambodia_2.png,AFC,1989-05-01,1993-09-23,1.0,4359.0,4692,4328,5.0,4170,4537.0,4259.0,1316
428,Cambodia,Cambodia,CAM,cambodia_2.png,AFC,1989-05-01,1993-09-23,1.0,4359.0,4692,4328,5.0,4170,4537.0,4259.0,1317
429,Cambodia,Cambodia,CAM,cambodia.png,AFC,1993-09-24,2099-12-31,1.0,4359.0,4692,4328,6.0,4170,4537.0,4259.0,1318
429,Cambodia,Cambodia,CAM,cambodia.png,AFC,1993-09-24,2099-12-31,1.0,4359.0,4692,4328,6.0,4170,4537.0,4259.0,1319
429,Cambodia,Cambodia,CAM,cambodia.png,AFC,1993-09-24,2099-12-31,1.0,4359.0,4692,4328,6.0,4170,4537.0,4259.0,1320
195,Nepal,Nepal,NEP,nepal.png,AFC,1972-10-13,2099-12-31,1.0,4106.0,4467,4176,1.0,4162,4404.666549538672,4377.46895418217,1321
348,Burma,Myanmar,MYA,burma_1.png,AFC,1950-02-17,1974-01-02,1.0,4516.0,4770,4318,1.0,4154,4547.8791016297755,4214.7762907636725,1322
348,Burma,Myanmar,MYA,burma_1.png,AFC,1950-02-17,1974-01-02,1.0,4516.0,4770,4318,1.0,4154,4547.8791016297755,4214.7762907636725,1323
530,Burma,Myanmar,MYA,burma.png,AFC,1974-01-03,1989-06-17,1.0,4516.0,4770,4318,2.0,4154,4547.8791016297755,4214.7762907636725,1324
530,Burma,Myanmar,MYA,burma.png,AFC,1974-01-03,1989-06-17,1.0,4516.0,4770,4318,2.0,4154,4547.8791016297755,4214.7762907636725,1325
125,Myanmar,Myanmar,MYA,burma.png,AFC,1989-06-18,2010-10-20,1.0,4516.0,4770,4318,3.0,4154,4547.8791016297755,4214.7762907636725,1326
125,Myanmar,Myanmar,MYA,burma.png,AFC,1989-06-18,2010-10-20,1.0,4516.0,4770,4318,3.0,4154,4547.8791016297755,4214.7762907636725,1327
531,Myanmar,Myanmar,MYA,myanmar.png,AFC,2010-10-21,2099-12-31,1.0,4516.0,4770,4318,4.0,4154,4547.8791016297755,4214.7762907636725,1328
531,Myanmar,Myanmar,MYA,myanmar.png,AFC,2010-10-21,2099-12-31,1.0,4516.0,4770,4318,4.0,4154,4547.8791016297755,4214.7762907636725,1329
361,New Hebrides,Vanuatu,VAN,new_hebrides.png,OFC,1951-10-04,1980-07-29,1.0,4132.0,4648,4085,1.0,4146,4462.0,4241.0,1330
123,Vanuatu,Vanuatu,VAN,vanuatu.png,OFC,1980-07-30,2099-12-31,1.0,4132.0,4648,4085,2.0,4146,4462.0,4241.0,1331
246,Maldives,Maldives,MDV,maldives.png,AFC,1979-08-27,2099-12-31,1.0,3667.0,4348,3955,1.0,4140,4503.41754863414,4270.051282051282,1332
554,Seychelles,Seychelles,SEY,seychelles_1.png,CAF,1974-03-13,1976-06-28,1.0,4500.0,4704,4531,1.0,4132,4698.948717948718,4227.475417745624,1333
554,Seychelles,Seychelles,SEY,seychelles_1.png,CAF,1974-03-13,1976-06-28,1.0,4500.0,4704,4531,1.0,4132,4698.948717948718,4227.475417745624,1334
554,Seychelles,Seychelles,SEY,seychelles_1.png,CAF,1974-03-13,1976-06-28,1.0,4500.0,4704,4531,1.0,4132,4698.948717948718,4227.475417745624,1335
554,Seychelles,Seychelles,SEY,seychelles_1.png,CAF,1974-03-13,1976-06-28,1.0,4500.0,4704,4531,1.0,4132,4698.948717948718,4227.475417745624,1336
555,Seychelles,Seychelles,SEY,seychelles_2.png,CAF,1976-06-29,1976-12-31,1.0,4500.0,4704,4531,2.0,4132,4698.948717948718,4227.475417745624,1337
555,Seychelles,Seychelles,SEY,seychelles_2.png,CAF,1976-06-29,1976-12-31,1.0,4500.0,4704,4531,2.0,4132,4698.948717948718,4227.475417745624,1338
555,Seychelles,Seychelles,SEY,seychelles_2.png,CAF,1976-06-29,1976-12-31,1.0,4500.0,4704,4531,2.0,4132,4698.948717948718,4227.475417745624,1339
555,Seychelles,Seychelles,SEY,seychelles_2.png,CAF,1976-06-29,1976-12-31,1.0,4500.0,4704,4531,2.0,4132,4698.948717948718,4227.475417745624,1340
556,Seychelles,Seychelles,SEY,seychelles_3.png,CAF,1977-01-01,1996-01-07,1.0,4500.0,4704,4531,3.0,4132,4698.948717948718,4227.475417745624,1341
556,Seychelles,Seychelles,SEY,seychelles_3.png,CAF,1977-01-01,1996-01-07,1.0,4500.0,4704,4531,3.0,4132,4698.948717948718,4227.475417745624,1342
556,Seychelles,Seychelles,SEY,seychelles_3.png,CAF,1977-01-01,1996-01-07,1.0,4500.0,4704,4531,3.0,4132,4698.948717948718,4227.475417745624,1343
556,Seychelles,Seychelles,SEY,seychelles_3.png,CAF,1977-01-01,1996-01-07,1.0,4500.0,4704,4531,3.0,4132,4698.948717948718,4227.475417745624,1344
198,Seychelles,Seychelles,SEY,seychelles.png,CAF,1996-01-08,2099-12-31,1.0,4500.0,4704,4531,4.0,4132,4698.948717948718,4227.475417745624,1345
198,Seychelles,Seychelles,SEY,seychelles.png,CAF,1996-01-08,2099-12-31,1.0,4500.0,4704,4531,4.0,4132,4698.948717948718,4227.475417745624,1346
198,Seychelles,Seychelles,SEY,seychelles.png,CAF,1996-01-08,2099-12-31,1.0,4500.0,4704,4531,4.0,4132,4698.948717948718,4227.475417745624,1347
198,Seychelles,Seychelles,SEY,seychelles.png,CAF,1996-01-08,2099-12-31,1.0,4500.0,4704,4531,4.0,4132,4698.948717948718,4227.475417745624,1348
82,Saint Lucia,Saint Lucia,LCA,st_lucia_1.png,CONCACAF,1936-01-31,1967-02-28,1.0,4433.0,4776,4421,1.0,4131,4557.948717948718,4264.713927139445,1349
82,Saint Lucia,Saint Lucia,LCA,st_lucia_1.png,CONCACAF,1936-01-31,1967-02-28,1.0,4433.0,4776,4421,1.0,4131,4557.948717948718,4264.713927139445,1350
563,Solomon Islands,Solomon Islands,SOL,solomon_1.png,OFC,1963-08-30,1965-12-31,1.0,4053.0,4555,4046,1.0,4131,4522.834416316632,4244.329631398628,1351
563,Solomon Islands,Solomon Islands,SOL,solomon_1.png,OFC,1963-08-30,1965-12-31,1.0,4053.0,4555,4046,1.0,4131,4522.834416316632,4244.329631398628,1352
563,Solomon Islands,Solomon Islands,SOL,solomon_1.png,OFC,1963-08-30,1965-12-31,1.0,4053.0,4555,4046,1.0,4131,4522.834416316632,4244.329631398628,1353
549,Saint Lucia,Saint Lucia,LCA,st_lucia.png,CONCACAF,1967-03-01,2099-12-31,1.0,4433.0,4776,4421,2.0,4131,4557.948717948718,4264.713927139445,1354
549,Saint Lucia,Saint Lucia,LCA,st_lucia.png,CONCACAF,1967-03-01,2099-12-31,1.0,4433.0,4776,4421,2.0,4131,4557.948717948718,4264.713927139445,1355
564,Solomon Islands,Solomon Islands,SOL,solomon_2.png,OFC,1966-01-01,1977-11-17,1.0,4053.0,4555,4046,2.0,4131,4522.834416316632,4244.329631398628,1356
564,Solomon Islands,Solomon Islands,SOL,solomon_2.png,OFC,1966-01-01,1977-11-17,1.0,4053.0,4555,4046,2.0,4131,4522.834416316632,4244.329631398628,1357
564,Solomon Islands,Solomon Islands,SOL,solomon_2.png,OFC,1966-01-01,1977-11-17,1.0,4053.0,4555,4046,2.0,4131,4522.834416316632,4244.329631398628,1358
169,Solomon Islands,Solomon Islands,SOL,solomon.png,OFC,1977-11-18,2099-12-31,1.0,4053.0,4555,4046,3.0,4131,4522.834416316632,4244.329631398628,1359
169,Solomon Islands,Solomon Islands,SOL,solomon.png,OFC,1977-11-18,2099-12-31,1.0,4053.0,4555,4046,3.0,4131,4522.834416316632,4244.329631398628,1360
169,Solomon Islands,Solomon Islands,SOL,solomon.png,OFC,1977-11-18,2099-12-31,1.0,4053.0,4555,4046,3.0,4131,4522.834416316632,4244.329631398628,1361
120,Taiwan,Taiwan,TAI,taiwan.png,AFC,1954-05-01,2099-12-31,1.0,4974.0,5002,4672,1.0,4099,4570.076643547248,4168.406779661017,1362
358,Ceylon,Sri Lanka,SRI,ceylon.png,AFC,1952-03-09,1972-05-21,1.0,4160.0,4666,4048,1.0,4073,4294.593220338983,4354.923356452752,1363
127,Sri Lanka,Sri Lanka,SRI,sri_lanka.png,AFC,1972-05-22,2099-12-31,1.0,4160.0,4666,4048,2.0,4073,4294.593220338983,4354.923356452752,1364
546,Saint Kitts and Nevis,Saint Kitts and Nevis,SKN,leeward.png,CONCACAF,1938-08-18,1958-01-02,1.0,4278.0,4630,4341,1.0,4072,4561.644663688961,4195.408409717019,1365
546,Saint Kitts and Nevis,Saint Kitts and Nevis,SKN,leeward.png,CONCACAF,1938-08-18,1958-01-02,1.0,4278.0,4630,4341,1.0,4072,4561.644663688961,4195.408409717019,1366
546,Saint Kitts and Nevis,Saint Kitts and Nevis,SKN,leeward.png,CONCACAF,1938-08-18,1958-01-02,1.0,4278.0,4630,4341,1.0,4072,4561.644663688961,4195.408409717019,1367
546,Saint Kitts and Nevis,Saint Kitts and Nevis,SKN,leeward.png,CONCACAF,1938-08-18,1958-01-02,1.0,4278.0,4630,4341,1.0,4072,4561.644663688961,4195.408409717019,1368
547,Saint Kitts and Nevis,Saint Kitts and Nevis,SKN,kitts_1.png,CONCACAF,1958-01-03,1967-02-26,1.0,4278.0,4630,4341,2.0,4072,4561.644663688961,4195.408409717019,1369
547,Saint Kitts and Nevis,Saint Kitts and Nevis,SKN,kitts_1.png,CONCACAF,1958-01-03,1967-02-26,1.0,4278.0,4630,4341,2.0,4072,4561.644663688961,4195.408409717019,1370
547,Saint Kitts and Nevis,Saint Kitts and Nevis,SKN,kitts_1.png,CONCACAF,1958-01-03,1967-02-26,1.0,4278.0,4630,4341,2.0,4072,4561.644663688961,4195.408409717019,1371
547,Saint Kitts and Nevis,Saint Kitts and Nevis,SKN,kitts_1.png,CONCACAF,1958-01-03,1967-02-26,1.0,4278.0,4630,4341,2.0,4072,4561.644663688961,4195.408409717019,1372
548,Saint Kitts and Nevis,Saint Kitts and Nevis,SKN,kitts_2.png,CONCACAF,1967-02-27,1983-09-18,1.0,4278.0,4630,4341,3.0,4072,4561.644663688961,4195.408409717019,1373
548,Saint Kitts and Nevis,Saint Kitts and Nevis,SKN,kitts_2.png,CONCACAF,1967-02-27,1983-09-18,1.0,4278.0,4630,4341,3.0,4072,4561.644663688961,4195.408409717019,1374
548,Saint Kitts and Nevis,Saint Kitts and Nevis,SKN,kitts_2.png,CONCACAF,1967-02-27,1983-09-18,1.0,4278.0,4630,4341,3.0,4072,4561.644663688961,4195.408409717019,1375
548,Saint Kitts and Nevis,Saint Kitts and Nevis,SKN,kitts_2.png,CONCACAF,1967-02-27,1983-09-18,1.0,4278.0,4630,4341,3.0,4072,4561.644663688961,4195.408409717019,1376
86,Saint Kitts and Nevis,Saint Kitts and Nevis,SKN,kitts.png,CONCACAF,1983-09-19,2099-12-31,1.0,4278.0,4630,4341,4.0,4072,4561.644663688961,4195.408409717019,1377
86,Saint Kitts and Nevis,Saint Kitts and Nevis,SKN,kitts.png,CONCACAF,1983-09-19,2099-12-31,1.0,4278.0,4630,4341,4.0,4072,4561.644663688961,4195.408409717019,1378
86,Saint Kitts and Nevis,Saint Kitts and Nevis,SKN,kitts.png,CONCACAF,1983-09-19,2099-12-31,1.0,4278.0,4630,4341,4.0,4072,4561.644663688961,4195.408409717019,1379
86,Saint Kitts and Nevis,Saint Kitts and Nevis,SKN,kitts.png,CONCACAF,1983-09-19,2099-12-31,1.0,4278.0,4630,4341,4.0,4072,4561.644663688961,4195.408409717019,1380
410,Barbados,Barbados,BRB,barbados_colony.png,CONCACAF,1929-04-20,1966-11-29,1.0,4350.0,4730,4398,1.0,4059,4573.938273240851,4205.180554101467,1381
410,Barbados,Barbados,BRB,barbados_colony.png,CONCACAF,1929-04-20,1966-11-29,1.0,4350.0,4730,4398,1.0,4059,4573.938273240851,4205.180554101467,1382
70,Barbados,Barbados,BRB,barbados.png,CONCACAF,1966-11-30,2099-12-31,1.0,4350.0,4730,4398,2.0,4059,4573.938273240851,4205.180554101467,1383
70,Barbados,Barbados,BRB,barbados.png,CONCACAF,1966-11-30,2099-12-31,1.0,4350.0,4730,4398,2.0,4059,4573.938273240851,4205.180554101467,1384
396,Antigua and Barbuda,Antigua and Barbuda,ATG,uk.png,CONCACAF,1950-02-01,1955-12-31,1.0,4329.0,4639,4384,1.0,4058,4381.0,4290.0,1385
396,Antigua and Barbuda,Antigua and Barbuda,ATG,uk.png,CONCACAF,1950-02-01,1955-12-31,1.0,4329.0,4639,4384,1.0,4058,4381.0,4290.0,1386
396,Antigua and Barbuda,Antigua and Barbuda,ATG,uk.png,CONCACAF,1950-02-01,1955-12-31,1.0,4329.0,4639,4384,1.0,4058,4381.0,4290.0,1387
396,Antigua and Barbuda,Antigua and Barbuda,ATG,uk.png,CONCACAF,1950-02-01,1955-12-31,1.0,4329.0,4639,4384,1.0,4058,4381.0,4290.0,1388
397,Antigua and Barbuda,Antigua and Barbuda,ATG,antigua_1.png,CONCACAF,1956-01-01,1961-12-31,1.0,4329.0,4639,4384,2.0,4058,4381.0,4290.0,1389
397,Antigua and Barbuda,Antigua and Barbuda,ATG,antigua_1.png,CONCACAF,1956-01-01,1961-12-31,1.0,4329.0,4639,4384,2.0,4058,4381.0,4290.0,1390
397,Antigua and Barbuda,Antigua and Barbuda,ATG,antigua_1.png,CONCACAF,1956-01-01,1961-12-31,1.0,4329.0,4639,4384,2.0,4058,4381.0,4290.0,1391
397,Antigua and Barbuda,Antigua and Barbuda,ATG,antigua_1.png,CONCACAF,1956-01-01,1961-12-31,1.0,4329.0,4639,4384,2.0,4058,4381.0,4290.0,1392
398,Antigua and Barbuda,Antigua and Barbuda,ATG,antigua_2.png,CONCACAF,1962-01-01,1967-02-26,1.0,4329.0,4639,4384,3.0,4058,4381.0,4290.0,1393
398,Antigua and Barbuda,Antigua and Barbuda,ATG,antigua_2.png,CONCACAF,1962-01-01,1967-02-26,1.0,4329.0,4639,4384,3.0,4058,4381.0,4290.0,1394
398,Antigua and Barbuda,Antigua and Barbuda,ATG,antigua_2.png,CONCACAF,1962-01-01,1967-02-26,1.0,4329.0,4639,4384,3.0,4058,4381.0,4290.0,1395
398,Antigua and Barbuda,Antigua and Barbuda,ATG,antigua_2.png,CONCACAF,1962-01-01,1967-02-26,1.0,4329.0,4639,4384,3.0,4058,4381.0,4290.0,1396
196,Antigua and Barbuda,Antigua and Barbuda,ATG,antigua.png,CONCACAF,1967-02-27,2099-12-31,1.0,4329.0,4639,4384,4.0,4058,4381.0,4290.0,1397
196,Antigua and Barbuda,Antigua and Barbuda,ATG,antigua.png,CONCACAF,1967-02-27,2099-12-31,1.0,4329.0,4639,4384,4.0,4058,4381.0,4290.0,1398
196,Antigua and Barbuda,Antigua and Barbuda,ATG,antigua.png,CONCACAF,1967-02-27,2099-12-31,1.0,4329.0,4639,4384,4.0,4058,4381.0,4290.0,1399
196,Antigua and Barbuda,Antigua and Barbuda,ATG,antigua.png,CONCACAF,1967-02-27,2099-12-31,1.0,4329.0,4639,4384,4.0,4058,4381.0,4290.0,1400
224,Sint Maarten,Sint Maarten,SMA,nl_antilles.png,CONCACAF,1968-10-27,1976-03-17,0.0,3959.0,4514,4132,1.0,4057,4473.11342304136,4208.0834254857,1401
224,Sint Maarten,Sint Maarten,SMA,nl_antilles.png,CONCACAF,1968-10-27,1976-03-17,0.0,3959.0,4514,4132,1.0,4057,4473.11342304136,4208.0834254857,1402
224,Sint Maarten,Sint Maarten,SMA,nl_antilles.png,CONCACAF,1968-10-27,1976-03-17,0.0,3959.0,4514,4132,1.0,4057,4473.11342304136,4208.0834254857,1403
559,Sint Maarten,Sint Maarten,SMA,nl_antilles_1.png,CONCACAF,1976-03-18,1985-06-12,0.0,3959.0,4514,4132,2.0,4057,4473.11342304136,4208.0834254857,1404
559,Sint Maarten,Sint Maarten,SMA,nl_antilles_1.png,CONCACAF,1976-03-18,1985-06-12,0.0,3959.0,4514,4132,2.0,4057,4473.11342304136,4208.0834254857,1405
559,Sint Maarten,Sint Maarten,SMA,nl_antilles_1.png,CONCACAF,1976-03-18,1985-06-12,0.0,3959.0,4514,4132,2.0,4057,4473.11342304136,4208.0834254857,1406
560,Sint Maarten,Sint Maarten,SMA,st_maarten.png,CONCACAF,1985-06-13,2099-12-31,0.0,3959.0,4514,4132,3.0,4057,4473.11342304136,4208.0834254857,1407
560,Sint Maarten,Sint Maarten,SMA,st_maarten.png,CONCACAF,1985-06-13,2099-12-31,0.0,3959.0,4514,4132,3.0,4057,4473.11342304136,4208.0834254857,1408
560,Sint Maarten,Sint Maarten,SMA,st_maarten.png,CONCACAF,1985-06-13,2099-12-31,0.0,3959.0,4514,4132,3.0,4057,4473.11342304136,4208.0834254857,1409
126,Pakistan,Pakistan,PAK,pakistan.png,AFC,1950-10-27,2099-12-31,1.0,4735.0,4652,4724,1.0,4048,4356.364167786278,4277.051297056622,1410
451,Dominica,Dominica,DMA,windward.png,CONCACAF,1932-12-31,1954-12-31,1.0,4285.0,4657,4340,1.0,4030,4457.42555756356,4322.534915428156,1411
451,Dominica,Dominica,DMA,windward.png,CONCACAF,1932-12-31,1954-12-31,1.0,4285.0,4657,4340,1.0,4030,4457.42555756356,4322.534915428156,1412
451,Dominica,Dominica,DMA,windward.png,CONCACAF,1932-12-31,1954-12-31,1.0,4285.0,4657,4340,1.0,4030,4457.42555756356,4322.534915428156,1413
451,Dominica,Dominica,DMA,windward.png,CONCACAF,1932-12-31,1954-12-31,1.0,4285.0,4657,4340,1.0,4030,4457.42555756356,4322.534915428156,1414
452,Dominica,Dominica,DMA,leeward.png,CONCACAF,1955-01-01,1964-12-31,1.0,4285.0,4657,4340,2.0,4030,4457.42555756356,4322.534915428156,1415
452,Dominica,Dominica,DMA,leeward.png,CONCACAF,1955-01-01,1964-12-31,1.0,4285.0,4657,4340,2.0,4030,4457.42555756356,4322.534915428156,1416
452,Dominica,Dominica,DMA,leeward.png,CONCACAF,1955-01-01,1964-12-31,1.0,4285.0,4657,4340,2.0,4030,4457.42555756356,4322.534915428156,1417
452,Dominica,Dominica,DMA,leeward.png,CONCACAF,1955-01-01,1964-12-31,1.0,4285.0,4657,4340,2.0,4030,4457.42555756356,4322.534915428156,1418
453,Dominica,Dominica,DMA,dominica_1.png,CONCACAF,1965-01-01,1978-11-02,1.0,4285.0,4657,4340,3.0,4030,4457.42555756356,4322.534915428156,1419
453,Dominica,Dominica,DMA,dominica_1.png,CONCACAF,1965-01-01,1978-11-02,1.0,4285.0,4657,4340,3.0,4030,4457.42555756356,4322.534915428156,1420
453,Dominica,Dominica,DMA,dominica_1.png,CONCACAF,1965-01-01,1978-11-02,1.0,4285.0,4657,4340,3.0,4030,4457.42555756356,4322.534915428156,1421
453,Dominica,Dominica,DMA,dominica_1.png,CONCACAF,1965-01-01,1978-11-02,1.0,4285.0,4657,4340,3.0,4030,4457.42555756356,4322.534915428156,1422
74,Dominica,Dominica,DMA,dominica.png,CONCACAF,1978-11-03,2099-12-31,1.0,4285.0,4657,4340,4.0,4030,4457.42555756356,4322.534915428156,1423
74,Dominica,Dominica,DMA,dominica.png,CONCACAF,1978-11-03,2099-12-31,1.0,4285.0,4657,4340,4.0,4030,4457.42555756356,4322.534915428156,1424
74,Dominica,Dominica,DMA,dominica.png,CONCACAF,1978-11-03,2099-12-31,1.0,4285.0,4657,4340,4.0,4030,4457.42555756356,4322.534915428156,1425
74,Dominica,Dominica,DMA,dominica.png,CONCACAF,1978-11-03,2099-12-31,1.0,4285.0,4657,4340,4.0,4030,4457.42555756356,4322.534915428156,1426
414,Bonaire,Bonaire,BON,netherlands.png,CONCACAF,1934-02-04,1959-11-18,1.0,3984.0,4479,4273,1.0,3998,4429.1949787717895,4220.4073799710495,1427
414,Bonaire,Bonaire,BON,netherlands.png,CONCACAF,1934-02-04,1959-11-18,1.0,3984.0,4479,4273,1.0,3998,4429.1949787717895,4220.4073799710495,1428
414,Bonaire,Bonaire,BON,netherlands.png,CONCACAF,1934-02-04,1959-11-18,1.0,3984.0,4479,4273,1.0,3998,4429.1949787717895,4220.4073799710495,1429
414,Bonaire,Bonaire,BON,netherlands.png,CONCACAF,1934-02-04,1959-11-18,1.0,3984.0,4479,4273,1.0,3998,4429.1949787717895,4220.4073799710495,1430
415,Bonaire,Bonaire,BON,nl_antilles_1.png,CONCACAF,1959-11-19,1976-03-17,1.0,3984.0,4479,4273,2.0,3998,4429.1949787717895,4220.4073799710495,1431
415,Bonaire,Bonaire,BON,nl_antilles_1.png,CONCACAF,1959-11-19,1976-03-17,1.0,3984.0,4479,4273,2.0,3998,4429.1949787717895,4220.4073799710495,1432
415,Bonaire,Bonaire,BON,nl_antilles_1.png,CONCACAF,1959-11-19,1976-03-17,1.0,3984.0,4479,4273,2.0,3998,4429.1949787717895,4220.4073799710495,1433
415,Bonaire,Bonaire,BON,nl_antilles_1.png,CONCACAF,1959-11-19,1976-03-17,1.0,3984.0,4479,4273,2.0,3998,4429.1949787717895,4220.4073799710495,1434
416,Bonaire,Bonaire,BON,nl_antilles.png,CONCACAF,1976-03-18,1981-12-10,0.0,3984.0,4479,4273,3.0,3998,4429.1949787717895,4220.4073799710495,1435
416,Bonaire,Bonaire,BON,nl_antilles.png,CONCACAF,1976-03-18,1981-12-10,0.0,3984.0,4479,4273,3.0,3998,4429.1949787717895,4220.4073799710495,1436
416,Bonaire,Bonaire,BON,nl_antilles.png,CONCACAF,1976-03-18,1981-12-10,0.0,3984.0,4479,4273,3.0,3998,4429.1949787717895,4220.4073799710495,1437
416,Bonaire,Bonaire,BON,nl_antilles.png,CONCACAF,1976-03-18,1981-12-10,0.0,3984.0,4479,4273,3.0,3998,4429.1949787717895,4220.4073799710495,1438
281,Bonaire,Bonaire,BON,bonaire.png,CONCACAF,1981-12-11,2099-12-31,0.0,3984.0,4479,4273,4.0,3998,4429.1949787717895,4220.4073799710495,1439
281,Bonaire,Bonaire,BON,bonaire.png,CONCACAF,1981-12-11,2099-12-31,0.0,3984.0,4479,4273,4.0,3998,4429.1949787717895,4220.4073799710495,1440
281,Bonaire,Bonaire,BON,bonaire.png,CONCACAF,1981-12-11,2099-12-31,0.0,3984.0,4479,4273,4.0,3998,4429.1949787717895,4220.4073799710495,1441
281,Bonaire,Bonaire,BON,bonaire.png,CONCACAF,1981-12-11,2099-12-31,0.0,3984.0,4479,4273,4.0,3998,4429.1949787717895,4220.4073799710495,1442
527,Mongolia,Mongolia,MON,mongolia_1.png,AFC,1960-12-03,1992-01-11,1.0,3692.0,4313,3899,1.0,3973,4274.0,4241.999596627981,1443
527,Mongolia,Mongolia,MON,mongolia_1.png,AFC,1960-12-03,1992-01-11,1.0,3692.0,4313,3899,1.0,3973,4274.0,4241.999596627981,1444
97,Mongolia,Mongolia,MON,mongolia.png,AFC,1992-01-12,2099-12-31,1.0,3692.0,4313,3899,2.0,3973,4274.0,4241.999596627981,1445
97,Mongolia,Mongolia,MON,mongolia.png,AFC,1992-01-12,2099-12-31,1.0,3692.0,4313,3899,2.0,3973,4274.0,4241.999596627981,1446
172,Laos,Laos,LAO,laos.png,AFC,1961-12-12,2099-12-31,1.0,3986.0,4594,3967,1.0,3949,4374.53104581783,4097.333450461328,1447
222,British Virgin Islands,British Virgin Islands,VGB,gb_virgin.png,CONCACAF,1985-10-31,2099-12-31,1.0,3831.0,4388,4119,1.0,3936,4372.828374471045,4224.320741908027,1448
437,Cayman Islands,Cayman Islands,CAY,cayman_1.png,CONCACAF,1985-03-03,1998-12-31,1.0,4133.0,4639,4192,1.0,3880,4268.437233504889,4157.018834231085,1449
437,Cayman Islands,Cayman Islands,CAY,cayman_1.png,CONCACAF,1985-03-03,1998-12-31,1.0,4133.0,4639,4192,1.0,3880,4268.437233504889,4157.018834231085,1450
220,Cayman Islands,Cayman Islands,CAY,cayman.png,CONCACAF,1999-01-01,2099-12-31,1.0,4133.0,4639,4192,2.0,3880,4268.437233504889,4157.018834231085,1451
220,Cayman Islands,Cayman Islands,CAY,cayman.png,CONCACAF,1999-01-01,2099-12-31,1.0,4133.0,4639,4192,2.0,3880,4268.437233504889,4157.018834231085,1452
263,East Timor,East Timor,TLS,timor.png,AFC,2003-03-21,2099-12-31,1.0,3677.0,4453,3898,1.0,3821,4412.948717948718,4048.5824513658595,1453
201,Guam,Guam,GUM,guam.png,AFC,1975-08-02,2099-12-31,1.0,2854.0,4160,3003,1.0,3752,4172.078600478143,3990.142072645609,1454
216,Bhutan,Bhutan,BHU,bhutan.png,AFC,1982-04-30,2099-12-31,1.0,3536.0,4270,3867,1.0,3710,4315.895869691934,3926.0639743251377,1455
190,Brunei,Brunei,BRU,brunei.png,AFC,1971-05-22,2099-12-31,1.0,3744.0,4442,3867,1.0,3648,4212.936025674862,3937.1041303080656,1456
519,Macao,Macao,MAC,portugal.png,AFC,1948-03-29,1999-12-19,1.0,4129.0,4590,4113,1.0,3635,4173.948717948718,3997.739588432413,1457
519,Macao,Macao,MAC,portugal.png,AFC,1948-03-29,1999-12-19,1.0,4129.0,4590,4113,1.0,3635,4173.948717948718,3997.739588432413,1458
113,Macao,Macao,MAC,macao.png,AFC,1999-12-20,2099-12-31,1.0,4129.0,4590,4113,2.0,3635,4173.948717948718,3997.739588432413,1459
113,Macao,Macao,MAC,macao.png,AFC,1999-12-20,2099-12-31,1.0,4129.0,4590,4113,2.0,3635,4173.948717948718,3997.739588432413,1460
395,Anguilla,Anguilla,AIA,uk.png,CONCACAF,1985-10-31,1990-05-29,1.0,3351.0,4073,3772,1.0,3585,4202.284697330683,4027.2958867310126,1461
395,Anguilla,Anguilla,AIA,uk.png,CONCACAF,1985-10-31,1990-05-29,1.0,3351.0,4073,3772,1.0,3585,4202.284697330683,4027.2958867310126,1462
221,Anguilla,Anguilla,AIA,anguilla.png,CONCACAF,1990-05-30,2099-12-31,1.0,3351.0,4073,3772,2.0,3585,4202.284697330683,4027.2958867310126,1463
221,Anguilla,Anguilla,AIA,anguilla.png,CONCACAF,1990-05-30,2099-12-31,1.0,3351.0,4073,3772,2.0,3585,4202.284697330683,4027.2958867310126,1464
407,Bahamas,Bahamas,BAH,bahamas_1.png,CONCACAF,1965-07-17,1973-07-09,1.0,3820.0,4422,3950,1.0,3554,4348.856904566857,3837.957327256401,1465
407,Bahamas,Bahamas,BAH,bahamas_1.png,CONCACAF,1965-07-17,1973-07-09,1.0,3820.0,4422,3950,1.0,3554,4348.856904566857,3837.957327256401,1466
189,Bahamas,Bahamas,BAH,bahamas.png,CONCACAF,1973-07-10,2099-12-31,1.0,3820.0,4422,3950,2.0,3554,4348.856904566857,3837.957327256401,1467
189,Bahamas,Bahamas,BAH,bahamas.png,CONCACAF,1973-07-10,2099-12-31,1.0,3820.0,4422,3950,2.0,3554,4348.856904566857,3837.957327256401,1468
250,US Virgin Islands,US Virgin Islands,VIR,us_virgin.png,CONCACAF,1998-03-22,2099-12-31,1.0,3282.0,4195,3642,1.0,3522,4097.592925370496,3948.1180014847837,1469
252,Turks and Caicos Islands,Turks and Caicos Islands,TCA,turks_caicos.png,CONCACAF,1999-02-24,2099-12-31,1.0,3513.0,4278,3804,1.0,3477,4181.0,3876.0,1470
364,Western Samoa,Samoa,SAM,samoa.png,OFC,1979-08-31,1997-12-31,1.0,2922.0,3689,3250,1.0,3175,3695.0,3504.0,1471
213,Samoa,Samoa,SAM,samoa.png,OFC,1998-01-01,2099-12-31,1.0,2922.0,3689,3250,2.0,3175,3695.0,3504.0,1472
212,Tuvalu,Tuvalu,TUV,tuvalu.png,OFC,1979-08-30,2099-12-31,0.0,2908.0,3856,3069,1.0,2914,3854.0,3120.0,1473
443,Cook Islands,Cook Islands,COK,new_zealand.png,OFC,1971-09-11,1973-07-22,1.0,2788.0,3528,3036,1.0,2905,3494.0,3385.0,1474
443,Cook Islands,Cook Islands,COK,new_zealand.png,OFC,1971-09-11,1973-07-22,1.0,2788.0,3528,3036,1.0,2905,3494.0,3385.0,1475
443,Cook Islands,Cook Islands,COK,new_zealand.png,OFC,1971-09-11,1973-07-22,1.0,2788.0,3528,3036,1.0,2905,3494.0,3385.0,1476
444,Cook Islands,Cook Islands,COK,cook_1.png,OFC,1973-07-23,1979-08-03,1.0,2788.0,3528,3036,2.0,2905,3494.0,3385.0,1477
444,Cook Islands,Cook Islands,COK,cook_1.png,OFC,1973-07-23,1979-08-03,1.0,2788.0,3528,3036,2.0,2905,3494.0,3385.0,1478
444,Cook Islands,Cook Islands,COK,cook_1.png,OFC,1973-07-23,1979-08-03,1.0,2788.0,3528,3036,2.0,2905,3494.0,3385.0,1479
191,Cook Islands,Cook Islands,COK,cook.png,OFC,1979-08-04,2099-12-31,1.0,2788.0,3528,3036,3.0,2905,3494.0,3385.0,1480
191,Cook Islands,Cook Islands,COK,cook.png,OFC,1979-08-04,2099-12-31,1.0,2788.0,3528,3036,3.0,2905,3494.0,3385.0,1481
191,Cook Islands,Cook Islands,COK,cook.png,OFC,1979-08-04,2099-12-31,1.0,2788.0,3528,3036,3.0,2905,3494.0,3385.0,1482
251,Northern Mariana Islands,Northern Mariana Islands,NMI,mariana.png,AFC,1998-07-30,2099-12-31,0.0,2969.0,3979,3423,1.0,2825,3883.0,3381.0,1483
210,Tonga,Tonga,TON,tonga.png,OFC,1979-08-29,2099-12-31,1.0,2896.0,3589,3307,1.0,2782,3483.0,3244.0,1484
319,Eastern Samoa,Eastern Samoa,ASA,us_samoa.png,OFC,1983-08-20,2099-12-31,1.0,2313.0,3497,2775,1.0,2339,3464.5714285714284,2897.3284741513608,1485
211,Kiribati,Kiribati,KIR,kiribati.png,OFC,1979-08-30,2099-12-31,0.0,2088.0,3065,2321,1.0,2060,3138.0,2338.0,1486
217,Niue,Niue,NIU,niue.png,OFC,1983-08-20,2099-12-31,0.0,1321.0,1319,1671,1.0,1313,1319.0,1693.0,1487
223,Palau,Palau,PAL,palau.png,OFC,1998-07-31,2099-12-31,0.0,528.0,991,1246,1.0,521,1037.0,1297.0,1488
